  0
SECTION
  2
HEADER
  9
$ACADVER
  1
AC1027
  9
$ACADMAINTVER
 70
   105
  9
$DWGCODEPAGE
  3
ANSI_1251
  9
$REQUIREDVERSIONS
160
                 0
  9
$INSBASE
 10
0.0
 20
0.0
 30
0.0
  9
$EXTMIN
 10
-11.04626794918306
 20
-0.0710053863525388
 30
0.0
  9
$EXTMAX
 10
242.348700149297
 20
297.0
 30
0.0
  9
$LIMMIN
 10
0.0
 20
0.0
  9
$LIMMAX
 10
420.0
 20
297.0
  9
$ORTHOMODE
 70
     0
  9
$REGENMODE
 70
     1
  9
$FILLMODE
 70
     1
  9
$QTEXTMODE
 70
     0
  9
$MIRRTEXT
 70
     1
  9
$LTSCALE
 40
1.0
  9
$ATTMODE
 70
     1
  9
$TEXTSIZE
 40
2.5
  9
$TRACEWID
 40
1.0
  9
$TEXTSTYLE
  7
Standard
  9
$CLAYER
  8
0
  9
$CELTYPE
  6
ByLayer
  9
$CECOLOR
 62
   256
  9
$CELTSCALE
 40
1.0
  9
$DISPSILH
 70
     0
  9
$DIMSCALE
 40
1.0
  9
$DIMASZ
 40
2.5
  9
$DIMEXO
 40
0.625
  9
$DIMDLI
 40
3.75
  9
$DIMRND
 40
0.0
  9
$DIMDLE
 40
0.0
  9
$DIMEXE
 40
1.25
  9
$DIMTP
 40
0.0
  9
$DIMTM
 40
0.0
  9
$DIMTXT
 40
2.5
  9
$DIMCEN
 40
2.5
  9
$DIMTSZ
 40
0.0
  9
$DIMTOL
 70
     0
  9
$DIMLIM
 70
     0
  9
$DIMTIH
 70
     0
  9
$DIMTOH
 70
     0
  9
$DIMSE1
 70
     0
  9
$DIMSE2
 70
     0
  9
$DIMTAD
 70
     1
  9
$DIMZIN
 70
     8
  9
$DIMBLK
  1

  9
$DIMASO
 70
     1
  9
$DIMSHO
 70
     1
  9
$DIMPOST
  1

  9
$DIMAPOST
  1

  9
$DIMALT
 70
     0
  9
$DIMALTD
 70
     3
  9
$DIMALTF
 40
0.03937007874016
  9
$DIMLFAC
 40
1.0
  9
$DIMTOFL
 70
     1
  9
$DIMTVP
 40
0.0
  9
$DIMTIX
 70
     0
  9
$DIMSOXD
 70
     0
  9
$DIMSAH
 70
     0
  9
$DIMBLK1
  1

  9
$DIMBLK2
  1

  9
$DIMSTYLE
  2
ISO-25
  9
$DIMCLRD
 70
     0
  9
$DIMCLRE
 70
     0
  9
$DIMCLRT
 70
     0
  9
$DIMTFAC
 40
1.0
  9
$DIMGAP
 40
0.625
  9
$DIMJUST
 70
     0
  9
$DIMSD1
 70
     0
  9
$DIMSD2
 70
     0
  9
$DIMTOLJ
 70
     0
  9
$DIMTZIN
 70
     8
  9
$DIMALTZ
 70
     0
  9
$DIMALTTZ
 70
     0
  9
$DIMUPT
 70
     0
  9
$DIMDEC
 70
     2
  9
$DIMTDEC
 70
     2
  9
$DIMALTU
 70
     2
  9
$DIMALTTD
 70
     3
  9
$DIMTXSTY
  7
Standard
  9
$DIMAUNIT
 70
     0
  9
$DIMADEC
 70
     0
  9
$DIMALTRND
 40
0.0
  9
$DIMAZIN
 70
     0
  9
$DIMDSEP
 70
    44
  9
$DIMATFIT
 70
     3
  9
$DIMFRAC
 70
     0
  9
$DIMLDRBLK
  1

  9
$DIMLUNIT
 70
     2
  9
$DIMLWD
 70
    -2
  9
$DIMLWE
 70
    -2
  9
$DIMTMOVE
 70
     0
  9
$DIMFXL
 40
1.0
  9
$DIMFXLON
 70
     0
  9
$DIMJOGANG
 40
0.7853981633974483
  9
$DIMTFILL
 70
     0
  9
$DIMTFILLCLR
 70
     0
  9
$DIMARCSYM
 70
     0
  9
$DIMLTYPE
  6

  9
$DIMLTEX1
  6

  9
$DIMLTEX2
  6

  9
$DIMTXTDIRECTION
 70
     0
  9
$LUNITS
 70
     2
  9
$LUPREC
 70
     4
  9
$SKETCHINC
 40
1.0
  9
$FILLETRAD
 40
10.0
  9
$AUNITS
 70
     0
  9
$AUPREC
 70
     0
  9
$MENU
  1
.
  9
$ELEVATION
 40
0.0
  9
$PELEVATION
 40
0.0
  9
$THICKNESS
 40
0.0
  9
$LIMCHECK
 70
     0
  9
$CHAMFERA
 40
0.0
  9
$CHAMFERB
 40
0.0
  9
$CHAMFERC
 40
0.0
  9
$CHAMFERD
 40
0.0
  9
$SKPOLY
 70
     0
  9
$TDCREATE
 40
2461277.646098785
  9
$TDUCREATE
 40
2461277.521098785
  9
$TDUPDATE
 40
2461277.646104097
  9
$TDUUPDATE
 40
2461277.521104097
  9
$TDINDWG
 40
0.0000000116
  9
$TDUSRTIMER
 40
0.0000000116
  9
$USRTIMER
 70
     1
  9
$ANGBASE
 50
0.0
  9
$ANGDIR
 70
     0
  9
$PDMODE
 70
     0
  9
$PDSIZE
 40
0.0
  9
$PLINEWID
 40
0.0
  9
$SPLFRAME
 70
     0
  9
$SPLINETYPE
 70
     6
  9
$SPLINESEGS
 70
     8
  9
$HANDSEED
  5
5C1
  9
$SURFTAB1
 70
     6
  9
$SURFTAB2
 70
     6
  9
$SURFTYPE
 70
     6
  9
$SURFU
 70
     6
  9
$SURFV
 70
     6
  9
$UCSBASE
  2

  9
$UCSNAME
  2

  9
$UCSORG
 10
0.0
 20
0.0
 30
0.0
  9
$UCSXDIR
 10
1.0
 20
0.0
 30
0.0
  9
$UCSYDIR
 10
0.0
 20
1.0
 30
0.0
  9
$UCSORTHOREF
  2

  9
$UCSORTHOVIEW
 70
     0
  9
$UCSORGTOP
 10
0.0
 20
0.0
 30
0.0
  9
$UCSORGBOTTOM
 10
0.0
 20
0.0
 30
0.0
  9
$UCSORGLEFT
 10
0.0
 20
0.0
 30
0.0
  9
$UCSORGRIGHT
 10
0.0
 20
0.0
 30
0.0
  9
$UCSORGFRONT
 10
0.0
 20
0.0
 30
0.0
  9
$UCSORGBACK
 10
0.0
 20
0.0
 30
0.0
  9
$PUCSBASE
  2

  9
$PUCSNAME
  2

  9
$PUCSORG
 10
0.0
 20
0.0
 30
0.0
  9
$PUCSXDIR
 10
1.0
 20
0.0
 30
0.0
  9
$PUCSYDIR
 10
0.0
 20
1.0
 30
0.0
  9
$PUCSORTHOREF
  2

  9
$PUCSORTHOVIEW
 70
     0
  9
$PUCSORGTOP
 10
0.0
 20
0.0
 30
0.0
  9
$PUCSORGBOTTOM
 10
0.0
 20
0.0
 30
0.0
  9
$PUCSORGLEFT
 10
0.0
 20
0.0
 30
0.0
  9
$PUCSORGRIGHT
 10
0.0
 20
0.0
 30
0.0
  9
$PUCSORGFRONT
 10
0.0
 20
0.0
 30
0.0
  9
$PUCSORGBACK
 10
0.0
 20
0.0
 30
0.0
  9
$USERI1
 70
     0
  9
$USERI2
 70
     0
  9
$USERI3
 70
     0
  9
$USERI4
 70
     0
  9
$USERI5
 70
     0
  9
$USERR1
 40
0.0
  9
$USERR2
 40
0.0
  9
$USERR3
 40
0.0
  9
$USERR4
 40
0.0
  9
$USERR5
 40
0.0
  9
$WORLDVIEW
 70
     1
  9
$SHADEDGE
 70
     3
  9
$SHADEDIF
 70
    70
  9
$TILEMODE
 70
     1
  9
$MAXACTVP
 70
    64
  9
$PINSBASE
 10
0.0
 20
0.0
 30
0.0
  9
$PLIMCHECK
 70
     0
  9
$PEXTMIN
 10
1.000000000000000E+20
 20
1.000000000000000E+20
 30
1.000000000000000E+20
  9
$PEXTMAX
 10
-1.000000000000000E+20
 20
-1.000000000000000E+20
 30
-1.000000000000000E+20
  9
$PLIMMIN
 10
0.0
 20
0.0
  9
$PLIMMAX
 10
420.0
 20
297.0
  9
$UNITMODE
 70
     0
  9
$VISRETAIN
 70
     1
  9
$PLINEGEN
 70
     0
  9
$PSLTSCALE
 70
     1
  9
$TREEDEPTH
 70
  3020
  9
$CMLSTYLE
  2
Standard
  9
$CMLJUST
 70
     0
  9
$CMLSCALE
 40
20.0
  9
$PROXYGRAPHICS
 70
     1
  9
$MEASUREMENT
 70
     1
  9
$CELWEIGHT
370
    -1
  9
$ENDCAPS
280
     0
  9
$JOINSTYLE
280
     0
  9
$LWDISPLAY
290
     0
  9
$INSUNITS
 70
     4
  9
$HYPERLINKBASE
  1

  9
$STYLESHEET
  1

  9
$XEDIT
290
     1
  9
$CEPSNTYPE
380
     0
  9
$PSTYLEMODE
290
     1
  9
$FINGERPRINTGUID
  2
{4AB77737-79E2-4FFA-BEAB-0E4895F74620}
  9
$VERSIONGUID
  2
{FAEB1C32-E019-11D5-929B-00C0DF256EC4}
  9
$EXTNAMES
290
     1
  9
$PSVPSCALE
 40
0.0
  9
$OLESTARTUP
290
     0
  9
$SORTENTS
280
   127
  9
$INDEXCTL
280
     0
  9
$HIDETEXT
280
     1
  9
$XCLIPFRAME
280
     2
  9
$HALOGAP
280
     0
  9
$OBSCOLOR
 70
   257
  9
$OBSLTYPE
280
     0
  9
$INTERSECTIONDISPLAY
280
     0
  9
$INTERSECTIONCOLOR
 70
   257
  9
$DIMASSOC
280
     2
  9
$PROJECTNAME
  1

  9
$CAMERADISPLAY
290
     0
  9
$LENSLENGTH
 40
50.0
  9
$CAMERAHEIGHT
 40
0.0
  9
$STEPSPERSEC
 40
2.0
  9
$STEPSIZE
 40
6.0
  9
$3DDWFPREC
 40
2.0
  9
$PSOLWIDTH
 40
5.0
  9
$PSOLHEIGHT
 40
80.0
  9
$LOFTANG1
 40
1.570796326794897
  9
$LOFTANG2
 40
1.570796326794897
  9
$LOFTMAG1
 40
0.0
  9
$LOFTMAG2
 40
0.0
  9
$LOFTPARAM
 70
     7
  9
$LOFTNORMALS
280
     1
  9
$LATITUDE
 40
37.795
  9
$LONGITUDE
 40
-122.394
  9
$NORTHDIRECTION
 40
0.0
  9
$TIMEZONE
 70
 -8000
  9
$LIGHTGLYPHDISPLAY
280
     1
  9
$TILEMODELIGHTSYNCH
280
     1
  9
$CMATERIAL
347
44
  9
$SOLIDHIST
280
     0
  9
$SHOWHIST
280
     1
  9
$DWFFRAME
280
     2
  9
$DGNFRAME
280
     2
  9
$REALWORLDSCALE
290
     1
  9
$INTERFERECOLOR
 62
   256
  9
$CSHADOW
280
     0
  9
$SHADOWPLANELOCATION
 40
0.0
  0
ENDSEC
  0
SECTION
  2
CLASSES
  0
CLASS
  1
ACDBDICTIONARYWDFLT
  2
AcDbDictionaryWithDefault
  3
ObjectDBX Classes
 90
        0
 91
        3
280
     0
281
     0
  0
CLASS
  1
VISUALSTYLE
  2
AcDbVisualStyle
  3
ObjectDBX Classes
 90
     4095
 91
        3
280
     0
281
     0
  0
CLASS
  1
MATERIAL
  2
AcDbMaterial
  3
ObjectDBX Classes
 90
     1153
 91
        3
280
     0
281
     0
  0
CLASS
  1
SCALE
  2
AcDbScale
  3
ObjectDBX Classes
 90
     1153
 91
        3
280
     0
281
     0
  0
CLASS
  1
TABLESTYLE
  2
AcDbTableStyle
  3
ObjectDBX Classes
 90
     4095
 91
        3
280
     0
281
     0
  0
CLASS
  1
MLEADERSTYLE
  2
AcDbMLeaderStyle
  3
ACDB_MLEADERSTYLE_CLASS
 90
     4095
 91
        3
280
     0
281
     0
  0
CLASS
  1
SUN
  2
AcDbSun
  3
SCENEOE
 90
     1153
 91
        3
280
     0
281
     0
  0
CLASS
  1
DICTIONARYVAR
  2
AcDbDictionaryVar
  3
ObjectDBX Classes
 90
        0
 91
        3
280
     0
281
     0
  0
CLASS
  1
CELLSTYLEMAP
  2
AcDbCellStyleMap
  3
ObjectDBX Classes
 90
     1152
 91
        3
280
     0
281
     0
  0
ENDSEC
  0
SECTION
  2
TABLES
  0
TABLE
  2
VPORT
  5
8
330
0
100
AcDbSymbolTable
 70
     1
  0
VPORT
  5
29
330
8
100
AcDbSymbolTableRecord
100
AcDbViewportTableRecord
  2
*Active
 70
     0
 10
0.0
 20
0.0
 11
1.0
 21
1.0
 12
115.7028827667236
 22
148.4314063977328
 13
0.0
 23
0.0
 14
10.0
 24
10.0
 15
10.0
 25
10.0
 16
0.0
 26
0.0
 36
1.0
 17
0.0
 27
0.0
 37
0.0
 40
303.0799309486251
 41
0.8564086807087441
 42
50.0
 43
0.0
 44
0.0
 50
0.0
 51
0.0
 71
     0
 72
   100
 73
     1
 74
     3
 75
     0
 76
     0
 77
     0
 78
     0
281
     0
 65
     1
110
0.0
120
0.0
130
0.0
111
1.0
121
0.0
131
0.0
112
0.0
122
1.0
132
0.0
 79
     0
146
0.0
348
2F
 60
     3
 61
     5
292
     1
282
     1
141
0.0
142
0.0
 63
   250
361
6D
  0
ENDTAB
  0
TABLE
  2
LTYPE
  5
5
330
0
100
AcDbSymbolTable
 70
     3
  0
LTYPE
  5
14
330
5
100
AcDbSymbolTableRecord
100
AcDbLinetypeTableRecord
  2
ByBlock
 70
     0
  3

 72
    65
 73
     0
 40
0.0
  0
LTYPE
  5
15
330
5
100
AcDbSymbolTableRecord
100
AcDbLinetypeTableRecord
  2
ByLayer
 70
     0
  3

 72
    65
 73
     0
 40
0.0
  0
LTYPE
  5
16
330
5
100
AcDbSymbolTableRecord
100
AcDbLinetypeTableRecord
  2
Continuous
 70
     0
  3
Solid line
 72
    65
 73
     0
 40
0.0
  0
LTYPE
  5
71
330
5
100
AcDbSymbolTableRecord
100
AcDbLinetypeTableRecord
  2
K5LT_BASIC
 70
     0
  3

 72
    65
 73
     0
 40
0.0
  0
LTYPE
  5
55E
330
5
100
AcDbSymbolTableRecord
100
AcDbLinetypeTableRecord
  2
K5LT_THIN
 70
     0
  3

 72
    65
 73
     0
 40
0.0
  0
ENDTAB
  0
TABLE
  2
LAYER
  5
2
330
0
100
AcDbSymbolTable
 70
     3
  0
LAYER
  5
10
330
2
100
AcDbSymbolTableRecord
100
AcDbLayerTableRecord
  2
0
 70
     0
 62
     7
  6
Continuous
370
    -3
390
F
347
46
348
0
  0
LAYER
  5
6F
330
2
100
AcDbSymbolTableRecord
100
AcDbLayerTableRecord
  2
Системный слой
 70
     0
 62
     7
  6
Continuous
370
    -3
390
F
347
46
348
0
  0
LAYER
  5
70
330
2
100
AcDbSymbolTableRecord
100
AcDbLayerTableRecord
  2
Системный слой (1)
 70
     0
 62
   252
420
  9474192
  6
Continuous
370
    -3
390
F
347
46
348
0
  0
ENDTAB
  0
TABLE
  2
STYLE
  5
3
330
0
100
AcDbSymbolTable
 70
     2
  0
STYLE
  5
11
330
3
100
AcDbSymbolTableRecord
100
AcDbTextStyleTableRecord
  2
Standard
 70
     0
 40
0.0
 41
1.0
 50
0.0
 71
     0
 42
2.5
  3
txt
  4

  0
STYLE
  5
57B
330
3
100
AcDbSymbolTableRecord
100
AcDbTextStyleTableRecord
  2
KTEXTSTYLE
 70
     0
 40
5.0
 41
0.96
 50
0.0
 71
     0
 42
2.5
  3
GOST_AU.SHX
  4

  0
ENDTAB
  0
TABLE
  2
VIEW
  5
6
330
0
100
AcDbSymbolTable
 70
     0
  0
ENDTAB
  0
TABLE
  2
UCS
  5
7
330
0
100
AcDbSymbolTable
 70
     0
  0
ENDTAB
  0
TABLE
  2
APPID
  5
9
330
0
100
AcDbSymbolTable
 70
     2
  0
APPID
  5
12
330
9
100
AcDbSymbolTableRecord
100
AcDbRegAppTableRecord
  2
ACAD
 70
     0
  0
APPID
  5
6E
330
9
100
AcDbSymbolTableRecord
100
AcDbRegAppTableRecord
  2
KOMPAS
 70
     0
  0
ENDTAB
  0
TABLE
  2
DIMSTYLE
  5
A
330
0
100
AcDbSymbolTable
 70
     1
100
AcDbDimStyleTable
  0
DIMSTYLE
105
27
330
A
100
AcDbSymbolTableRecord
100
AcDbDimStyleTableRecord
  2
ISO-25
 70
     0
 41
2.5
 42
0.625
 43
3.75
 44
1.25
 73
     0
 74
     0
 77
     1
 78
     8
140
2.5
141
2.5
143
0.03937007874016
147
0.625
171
     3
172
     1
178
     0
271
     2
272
     2
274
     3
278
    44
283
     0
284
     8
340
11
  0
ENDTAB
  0
TABLE
  2
BLOCK_RECORD
  5
1
330
0
100
AcDbSymbolTable
 70
    15
  0
BLOCK_RECORD
  5
1F
330
1
100
AcDbSymbolTableRecord
100
AcDbBlockTableRecord
  2
*Model_Space
340
22
 70
     0
280
     1
281
     0
  0
BLOCK_RECORD
  5
1B
330
1
100
AcDbSymbolTableRecord
100
AcDbBlockTableRecord
  2
*Paper_Space
340
1E
 70
     0
280
     1
281
     0
  0
BLOCK_RECORD
  5
23
330
1
100
AcDbSymbolTableRecord
100
AcDbBlockTableRecord
  2
*Paper_Space0
340
26
 70
     0
280
     1
281
     0
  0
BLOCK_RECORD
  5
E7
330
1
100
AcDbSymbolTableRecord
100
AcDbBlockTableRecord
  2
U0
340
0
102
{BLKREFS
331
E8
102
}
 70
     0
280
     1
281
     0
  0
BLOCK_RECORD
  5
FA
330
1
100
AcDbSymbolTableRecord
100
AcDbBlockTableRecord
  2
U1
340
0
102
{BLKREFS
331
FB
102
}
 70
     0
280
     1
281
     0
  0
BLOCK_RECORD
  5
18E
330
1
100
AcDbSymbolTableRecord
100
AcDbBlockTableRecord
  2
U2
340
0
102
{BLKREFS
331
18F
102
}
 70
     0
280
     1
281
     0
  0
BLOCK_RECORD
  5
19E
330
1
100
AcDbSymbolTableRecord
100
AcDbBlockTableRecord
  2
U3
340
0
102
{BLKREFS
331
19F
102
}
 70
     0
280
     1
281
     0
  0
BLOCK_RECORD
  5
1A4
330
1
100
AcDbSymbolTableRecord
100
AcDbBlockTableRecord
  2
U4
340
0
102
{BLKREFS
331
1A5
102
}
 70
     0
280
     1
281
     0
  0
BLOCK_RECORD
  5
1AB
330
1
100
AcDbSymbolTableRecord
100
AcDbBlockTableRecord
  2
U5
340
0
102
{BLKREFS
331
1AC
102
}
 70
     0
280
     1
281
     0
  0
BLOCK_RECORD
  5
1CE
330
1
100
AcDbSymbolTableRecord
100
AcDbBlockTableRecord
  2
U6
340
0
102
{BLKREFS
331
1CF
102
}
 70
     0
280
     1
281
     0
  0
BLOCK_RECORD
  5
1EE
330
1
100
AcDbSymbolTableRecord
100
AcDbBlockTableRecord
  2
U7
340
0
102
{BLKREFS
331
1EF
102
}
 70
     0
280
     1
281
     0
  0
BLOCK_RECORD
  5
212
330
1
100
AcDbSymbolTableRecord
100
AcDbBlockTableRecord
  2
U8
340
0
102
{BLKREFS
331
213
102
}
 70
     0
280
     1
281
     0
  0
BLOCK_RECORD
  5
27F
330
1
100
AcDbSymbolTableRecord
100
AcDbBlockTableRecord
  2
U9
340
0
102
{BLKREFS
331
280
102
}
 70
     0
280
     1
281
     0
  0
BLOCK_RECORD
  5
302
330
1
100
AcDbSymbolTableRecord
100
AcDbBlockTableRecord
  2
U10
340
0
102
{BLKREFS
331
303
102
}
 70
     0
280
     1
281
     0
  0
BLOCK_RECORD
  5
38B
330
1
100
AcDbSymbolTableRecord
100
AcDbBlockTableRecord
  2
U11
340
0
102
{BLKREFS
331
38C
102
}
 70
     0
280
     1
281
     0
  0
BLOCK_RECORD
  5
443
330
1
100
AcDbSymbolTableRecord
100
AcDbBlockTableRecord
  2
U12
340
0
102
{BLKREFS
331
444
102
}
 70
     0
280
     1
281
     0
  0
BLOCK_RECORD
  5
55B
330
1
100
AcDbSymbolTableRecord
100
AcDbBlockTableRecord
  2
U13
340
0
102
{BLKREFS
331
55C
102
}
 70
     0
280
     1
281
     0
  0
ENDTAB
  0
ENDSEC
  0
SECTION
  2
BLOCKS
  0
BLOCK
  5
20
330
1F
100
AcDbEntity
  8
0
100
AcDbBlockBegin
  2
*Model_Space
 70
     0
 10
0.0
 20
0.0
 30
0.0
  3
*Model_Space
  1

  0
ENDBLK
  5
21
330
1F
100
AcDbEntity
  8
0
100
AcDbBlockEnd
  0
BLOCK
  5
1C
330
1B
100
AcDbEntity
 67
     1
  8
0
100
AcDbBlockBegin
  2
*Paper_Space
 70
     0
 10
0.0
 20
0.0
 30
0.0
  3
*Paper_Space
  1

  0
ENDBLK
  5
1D
330
1B
100
AcDbEntity
 67
     1
  8
0
100
AcDbBlockEnd
  0
BLOCK
  5
24
330
23
100
AcDbEntity
  8
0
100
AcDbBlockBegin
  2
*Paper_Space0
 70
     0
 10
0.0
 20
0.0
 30
0.0
  3
*Paper_Space0
  1

  0
ENDBLK
  5
25
330
23
100
AcDbEntity
  8
0
100
AcDbBlockEnd
  0
BLOCK
  5
EB
330
E7
100
AcDbEntity
  8
0
100
AcDbBlockBegin
  2
U0
 70
     0
 10
0.0
 20
0.0
 30
0.0
  3
U0
  1

  0
LINE
  5
E9
330
E7
100
AcDbEntity
  8
Системный слой (1)
  6
K5LT_BASIC
 62
     5
420
      255
370
    60
100
AcDbLine
 10
55.1152147966957
 20
152.0820485253069
 30
0.0
 11
55.11521495145269
 21
150.9920485253069
 31
0.0
  0
LINE
  5
EA
330
E7
100
AcDbEntity
  8
Системный слой (1)
  6
K5LT_BASIC
 62
     5
420
      255
370
    60
100
AcDbLine
 10
55.11521495669869
 20
150.9720485253069
 30
0.0
 11
55.1152153737557
 21
149.882048525307
 31
0.0
  0
ENDBLK
  5
EC
330
E7
100
AcDbEntity
  8
0
100
AcDbBlockEnd
  0
BLOCK
  5
FE
330
FA
100
AcDbEntity
  8
0
100
AcDbBlockBegin
  2
U1
 70
     0
 10
0.0
 20
0.0
 30
0.0
  3
U1
  1

  0
LINE
  5
FC
330
FA
100
AcDbEntity
  8
Системный слой (1)
  6
K5LT_BASIC
 62
     5
420
      255
370
    60
100
AcDbLine
 10
139.6251911896934
 20
242.0820706922786
 30
0.0
 11
139.6251913444504
 21
240.9920706922782
 31
0.0
  0
LINE
  5
FD
330
FA
100
AcDbEntity
  8
Системный слой (1)
  6
K5LT_BASIC
 62
     5
420
      255
370
    60
100
AcDbLine
 10
139.6251913496964
 20
240.9720706922782
 30
0.0
 11
139.6251917667534
 21
239.8820706922782
 31
0.0
  0
ENDBLK
  5
FF
330
FA
100
AcDbEntity
  8
0
100
AcDbBlockEnd
  0
BLOCK
  5
192
330
18E
100
AcDbEntity
  8
0
100
AcDbBlockBegin
  2
U2
 70
     0
 10
0.0
 20
0.0
 30
0.0
  3
U2
  1

  0
LINE
  5
190
330
18E
100
AcDbEntity
  8
Системный слой (1)
  6
K5LT_BASIC
 62
     5
420
      255
370
    60
100
AcDbLine
 10
55.11519609470569
 20
221.8820485252265
 30
0.0
 11
55.11519607109869
 21
222.9720485252265
 31
0.0
  0
LINE
  5
191
330
18E
100
AcDbEntity
  8
Системный слой (1)
  6
K5LT_BASIC
 62
     5
420
      255
370
    60
100
AcDbLine
 10
55.11519606585269
 20
222.9920485252265
 30
0.0
 11
55.1151959110957
 21
224.0820485252264
 31
0.0
  0
ENDBLK
  5
193
330
18E
100
AcDbEntity
  8
0
100
AcDbBlockEnd
  0
BLOCK
  5
1A2
330
19E
100
AcDbEntity
  8
0
100
AcDbBlockBegin
  2
U3
 70
     0
 10
0.0
 20
0.0
 30
0.0
  3
U3
  1

  0
LINE
  5
1A0
330
19E
100
AcDbEntity
  8
Системный слой (1)
  6
K5LT_BASIC
 62
     5
420
      255
370
    60
100
AcDbLine
 10
55.1152052752057
 20
186.8820485253058
 30
0.0
 11
55.11520551389869
 21
186.9720485253066
 31
0.0
  0
LINE
  5
1A1
330
19E
100
AcDbEntity
  8
Системный слой (1)
  6
K5LT_BASIC
 62
     5
420
      255
370
    60
100
AcDbLine
 10
55.11520550865269
 20
186.9920485253066
 30
0.0
 11
55.1152053538957
 21
188.0820485253066
 31
0.0
  0
ENDBLK
  5
1A3
330
19E
100
AcDbEntity
  8
0
100
AcDbBlockEnd
  0
BLOCK
  5
1A8
330
1A4
100
AcDbEntity
  8
0
100
AcDbBlockBegin
  2
U4
 70
     0
 10
0.0
 20
0.0
 30
0.0
  3
U4
  1

  0
LINE
  5
1A6
330
1A4
100
AcDbEntity
  8
Системный слой (1)
  6
K5LT_BASIC
 62
     5
420
      255
370
    60
100
AcDbLine
 10
139.6252106523534
 20
167.8820706922014
 30
0.0
 11
139.6252102352964
 21
168.9720706922013
 31
0.0
  0
LINE
  5
1A7
330
1A4
100
AcDbEntity
  8
Системный слой (1)
  6
K5LT_BASIC
 62
     5
420
      255
370
    60
100
AcDbLine
 10
139.6252102300504
 20
168.9920706922013
 30
0.0
 11
139.6252100752934
 21
170.0820706922013
 31
0.0
  0
ENDBLK
  5
1A9
330
1A4
100
AcDbEntity
  8
0
100
AcDbBlockEnd
  0
BLOCK
  5
1AF
330
1AB
100
AcDbEntity
  8
0
100
AcDbBlockBegin
  2
U5
 70
     0
 10
0.0
 20
0.0
 30
0.0
  3
U5
  1

  0
LINE
  5
1AD
330
1AB
100
AcDbEntity
  8
Системный слой (1)
  6
K5LT_BASIC
 62
     5
420
      255
370
    60
100
AcDbLine
 10
55.11521007529569
 20
170.0820485252281
 30
0.0
 11
55.1152102300527
 21
168.9920485252281
 31
0.0
  0
LINE
  5
1AE
330
1AB
100
AcDbEntity
  8
Системный слой (1)
  6
K5LT_BASIC
 62
     5
420
      255
370
    60
100
AcDbLine
 10
55.1152102352987
 20
168.9720485252281
 30
0.0
 11
55.11521065235569
 21
167.8820485252282
 31
0.0
  0
ENDBLK
  5
1B0
330
1AB
100
AcDbEntity
  8
0
100
AcDbBlockEnd
  0
BLOCK
  5
1D2
330
1CE
100
AcDbEntity
  8
0
100
AcDbBlockBegin
  2
U6
 70
     0
 10
0.0
 20
0.0
 30
0.0
  3
U6
  1

  0
LINE
  5
1D0
330
1CE
100
AcDbEntity
  8
Системный слой (1)
  6
K5LT_BASIC
 62
     5
420
      255
370
    60
100
AcDbLine
 10
55.11519079624569
 20
242.0820485253056
 30
0.0
 11
55.1151913444527
 21
240.9920485253052
 31
0.0
  0
LINE
  5
1D1
330
1CE
100
AcDbEntity
  8
Системный слой (1)
  6
K5LT_BASIC
 62
     5
420
      255
370
    60
100
AcDbLine
 10
55.11519134969869
 20
240.9720485253052
 30
0.0
 11
55.11519137330569
 21
239.8820485253052
 31
0.0
  0
ENDBLK
  5
1D3
330
1CE
100
AcDbEntity
  8
0
100
AcDbBlockEnd
  0
BLOCK
  5
1F2
330
1EE
100
AcDbEntity
  8
0
100
AcDbBlockBegin
  2
U7
 70
     0
 10
0.0
 20
0.0
 30
0.0
  3
U7
  1

  0
LINE
  5
1F0
330
1EE
100
AcDbEntity
  8
Системный слой (1)
  6
K5LT_BASIC
 62
     5
420
      255
370
    60
100
AcDbLine
 10
139.6251964881534
 20
221.8820706921995
 30
0.0
 11
139.6251960710964
 21
222.9720706921995
 31
0.0
  0
LINE
  5
1F1
330
1EE
100
AcDbEntity
  8
Системный слой (1)
  6
K5LT_BASIC
 62
     5
420
      255
370
    60
100
AcDbLine
 10
139.6251960658504
 20
222.9920706921995
 30
0.0
 11
139.6251959110934
 21
224.0820706921994
 31
0.0
  0
ENDBLK
  5
1F3
330
1EE
100
AcDbEntity
  8
0
100
AcDbBlockEnd
  0
BLOCK
  5
216
330
212
100
AcDbEntity
  8
0
100
AcDbBlockBegin
  2
U8
 70
     0
 10
0.0
 20
0.0
 30
0.0
  3
U8
  1

  0
LINE
  5
214
330
212
100
AcDbEntity
  8
Системный слой (1)
  6
K5LT_BASIC
 62
     5
420
      255
370
    60
100
AcDbLine
 10
139.6252153737534
 20
149.88207069228
 30
0.0
 11
139.6252149566964
 21
150.9720706922799
 31
0.0
  0
LINE
  5
215
330
212
100
AcDbEntity
  8
Системный слой (1)
  6
K5LT_BASIC
 62
     5
420
      255
370
    60
100
AcDbLine
 10
139.6252149514504
 20
150.9920706922799
 30
0.0
 11
139.6252147966934
 21
152.0820706922798
 31
0.0
  0
ENDBLK
  5
217
330
212
100
AcDbEntity
  8
0
100
AcDbBlockEnd
  0
BLOCK
  5
283
330
27F
100
AcDbEntity
  8
0
100
AcDbBlockBegin
  2
U9
 70
     0
 10
0.0
 20
0.0
 30
0.0
  3
U9
  1

  0
LINE
  5
281
330
27F
100
AcDbEntity
  8
Системный слой (1)
  6
K5LT_BASIC
 62
     5
420
      255
370
    60
100
AcDbLine
 10
55.11520120955569
 20
203.8820485253052
 30
0.0
 11
55.1152007924987
 21
204.972048525305
 31
0.0
  0
LINE
  5
282
330
27F
100
AcDbEntity
  8
Системный слой (1)
  6
K5LT_BASIC
 62
     5
420
      255
370
    60
100
AcDbLine
 10
55.1152007872527
 20
204.992048525305
 30
0.0
 11
55.11520052757569
 21
205.0820485253052
 31
0.0
  0
ENDBLK
  5
284
330
27F
100
AcDbEntity
  8
0
100
AcDbBlockEnd
  0
BLOCK
  5
306
330
302
100
AcDbEntity
  8
0
100
AcDbBlockBegin
  2
U10
 70
     0
 10
0.0
 20
0.0
 30
0.0
  3
U10
  1

  0
LINE
  5
304
330
302
100
AcDbEntity
  8
Системный слой (1)
  6
K5LT_BASIC
 62
     5
420
      255
370
    60
100
AcDbLine
 10
139.6252012095534
 20
203.8820706922781
 30
0.0
 11
139.6252007924964
 21
204.972070692278
 31
0.0
  0
LINE
  5
305
330
302
100
AcDbEntity
  8
Системный слой (1)
  6
K5LT_BASIC
 62
     5
420
      255
370
    60
100
AcDbLine
 10
139.6252007872504
 20
204.992070692278
 30
0.0
 11
139.6252005275734
 21
205.0820706922782
 31
0.0
  0
ENDBLK
  5
307
330
302
100
AcDbEntity
  8
0
100
AcDbBlockEnd
  0
BLOCK
  5
38F
330
38B
100
AcDbEntity
  8
0
100
AcDbBlockBegin
  2
U11
 70
     0
 10
0.0
 20
0.0
 30
0.0
  3
U11
  1

  0
LINE
  5
38D
330
38B
100
AcDbEntity
  8
Системный слой (1)
  6
K5LT_BASIC
 62
     5
420
      255
370
    60
100
AcDbLine
 10
139.6252053014334
 20
186.8820706922788
 30
0.0
 11
139.6252055138964
 21
186.9720706922796
 31
0.0
  0
LINE
  5
38E
330
38B
100
AcDbEntity
  8
Системный слой (1)
  6
K5LT_BASIC
 62
     5
420
      255
370
    60
100
AcDbLine
 10
139.6252055086504
 20
186.9920706922796
 30
0.0
 11
139.6252053538934
 21
188.0820706922796
 31
0.0
  0
ENDBLK
  5
390
330
38B
100
AcDbEntity
  8
0
100
AcDbBlockEnd
  0
BLOCK
  5
447
330
443
100
AcDbEntity
  8
0
100
AcDbBlockBegin
  2
U12
 70
     0
 10
0.0
 20
0.0
 30
0.0
  3
U12
  1

  0
LINE
  5
445
330
443
100
AcDbEntity
  8
Системный слой (1)
  6
K5LT_BASIC
 62
     5
420
      255
370
    60
100
AcDbLine
 10
140.5652038456675
 20
129.1320482761191
 30
0.0
 11
139.61520669225
 21
129.1320480269349
 31
0.0
  0
LINE
  5
446
330
443
100
AcDbEntity
  8
Системный слой (1)
  6
K5LT_BASIC
 62
     5
420
      255
370
    60
100
AcDbLine
 10
140.5652038456675
 20
129.1320482761191
 30
0.0
 11
140.5651892880175
 21
129.1320482761153
 31
0.0
  0
ENDBLK
  5
448
330
443
100
AcDbEntity
  8
0
100
AcDbBlockEnd
  0
BLOCK
  5
5B3
330
55B
100
AcDbEntity
  8
0
100
AcDbBlockBegin
  2
U13
 70
     0
 10
0.0
 20
0.0
 30
0.0
  3
U13
  1

  0
LINE
  5
55D
330
55B
100
AcDbEntity
  8
0
  6
K5LT_BASIC
 62
     5
420
      255
370
    60
100
AcDbLine
 10
20.0
 20
60.0
 30
0.0
 11
205.0
 21
60.0
 31
0.0
  0
LINE
  5
55F
330
55B
100
AcDbEntity
  8
0
  6
K5LT_THIN
 62
     7
370
    18
100
AcDbLine
 10
20.0
 20
50.0
 30
0.0
 11
85.0
 21
50.0
 31
0.0
  0
LINE
  5
560
330
55B
100
AcDbEntity
  8
0
  6
K5LT_THIN
 62
     7
370
    18
100
AcDbLine
 10
20.0
 20
45.0
 30
0.0
 11
85.0
 21
45.0
 31
0.0
  0
LINE
  5
561
330
55B
100
AcDbEntity
  8
0
  6
K5LT_THIN
 62
     7
370
    18
100
AcDbLine
 10
20.0
 20
30.0
 30
0.0
 11
85.0
 21
30.0
 31
0.0
  0
LINE
  5
562
330
55B
100
AcDbEntity
  8
0
  6
K5LT_THIN
 62
     7
370
    18
100
AcDbLine
 10
20.0
 20
25.0
 30
0.0
 11
85.0
 21
25.0
 31
0.0
  0
LINE
  5
563
330
55B
100
AcDbEntity
  8
0
  6
K5LT_THIN
 62
     7
370
    18
100
AcDbLine
 10
20.0
 20
20.0
 30
0.0
 11
85.0
 21
20.0
 31
0.0
  0
LINE
  5
564
330
55B
100
AcDbEntity
  8
0
  6
K5LT_THIN
 62
     7
370
    18
100
AcDbLine
 10
20.0
 20
15.0
 30
0.0
 11
85.0
 21
15.0
 31
0.0
  0
LINE
  5
565
330
55B
100
AcDbEntity
  8
0
  6
K5LT_THIN
 62
     7
370
    18
100
AcDbLine
 10
20.0
 20
10.0
 30
0.0
 11
85.0
 21
10.0
 31
0.0
  0
LINE
  5
566
330
55B
100
AcDbEntity
  8
0
  6
K5LT_BASIC
 62
     5
420
      255
370
    60
100
AcDbLine
 10
20.0
 20
5.0
 30
0.0
 11
20.0
 21
60.0
 31
0.0
  0
LINE
  5
567
330
55B
100
AcDbEntity
  8
0
  6
K5LT_THIN
 62
     7
370
    18
100
AcDbLine
 10
20.0
 20
55.0
 30
0.0
 11
85.0
 21
55.0
 31
0.0
  0
LINE
  5
568
330
55B
100
AcDbEntity
  8
0
  6
K5LT_BASIC
 62
     5
420
      255
370
    60
100
AcDbLine
 10
37.0
 20
5.0
 30
0.0
 11
37.0
 21
60.0
 31
0.0
  0
LINE
  5
569
330
55B
100
AcDbEntity
  8
0
  6
K5LT_BASIC
 62
     5
420
      255
370
    60
100
AcDbLine
 10
60.0
 20
5.0
 30
0.0
 11
60.0
 21
60.0
 31
0.0
  0
LINE
  5
56A
330
55B
100
AcDbEntity
  8
0
  6
K5LT_BASIC
 62
     5
420
      255
370
    60
100
AcDbLine
 10
75.0
 20
5.0
 30
0.0
 11
75.0
 21
60.0
 31
0.0
  0
LINE
  5
56B
330
55B
100
AcDbEntity
  8
0
  6
K5LT_BASIC
 62
     5
420
      255
370
    60
100
AcDbLine
 10
85.0
 20
5.0
 30
0.0
 11
85.0
 21
60.0
 31
0.0
  0
LINE
  5
56C
330
55B
100
AcDbEntity
  8
0
  6
K5LT_BASIC
 62
     5
420
      255
370
    60
100
AcDbLine
 10
155.0
 20
5.0
 30
0.0
 11
155.0
 21
45.0
 31
0.0
  0
LINE
  5
56D
330
55B
100
AcDbEntity
  8
0
  6
K5LT_BASIC
 62
     5
420
      255
370
    60
100
AcDbLine
 10
170.0
 20
25.0
 30
0.0
 11
170.0
 21
45.0
 31
0.0
  0
LINE
  5
56E
330
55B
100
AcDbEntity
  8
0
  6
K5LT_BASIC
 62
     5
420
      255
370
    60
100
AcDbLine
 10
187.0
 20
25.0
 30
0.0
 11
187.0
 21
45.0
 31
0.0
  0
LINE
  5
56F
330
55B
100
AcDbEntity
  8
0
  6
K5LT_BASIC
 62
     5
420
      255
370
    60
100
AcDbLine
 10
20.0
 20
40.0
 30
0.0
 11
85.0
 21
40.0
 31
0.0
  0
LINE
  5
570
330
55B
100
AcDbEntity
  8
0
  6
K5LT_BASIC
 62
     5
420
      255
370
    60
100
AcDbLine
 10
20.0
 20
35.0
 30
0.0
 11
85.0
 21
35.0
 31
0.0
  0
LINE
  5
571
330
55B
100
AcDbEntity
  8
0
  6
K5LT_BASIC
 62
     5
420
      255
370
    60
100
AcDbLine
 10
155.0
 20
20.0
 30
0.0
 11
205.0
 21
20.0
 31
0.0
  0
LINE
  5
572
330
55B
100
AcDbEntity
  8
0
  6
K5LT_BASIC
 62
     5
420
      255
370
    60
100
AcDbLine
 10
170.0
 20
40.0
 30
0.0
 11
205.0
 21
40.0
 31
0.0
  0
LINE
  5
573
330
55B
100
AcDbEntity
  8
0
  6
K5LT_BASIC
 62
     5
420
      255
370
    60
100
AcDbLine
 10
155.0
 20
40.0
 30
0.0
 11
170.0
 21
40.0
 31
0.0
  0
LINE
  5
574
330
55B
100
AcDbEntity
  8
0
  6
K5LT_BASIC
 62
     5
420
      255
370
    60
100
AcDbLine
 10
85.0
 20
45.0
 30
0.0
 11
205.0
 21
45.0
 31
0.0
  0
LINE
  5
575
330
55B
100
AcDbEntity
  8
0
  6
K5LT_BASIC
 62
     5
420
      255
370
    60
100
AcDbLine
 10
85.0
 20
20.0
 30
0.0
 11
155.0
 21
20.0
 31
0.0
  0
LINE
  5
576
330
55B
100
AcDbEntity
  8
0
  6
K5LT_BASIC
 62
     5
420
      255
370
    60
100
AcDbLine
 10
155.0
 20
25.0
 30
0.0
 11
205.0
 21
25.0
 31
0.0
  0
LINE
  5
577
330
55B
100
AcDbEntity
  8
0
  6
K5LT_BASIC
 62
     5
420
      255
370
    60
100
AcDbLine
 10
175.5749969482422
 20
20.0
 30
0.0
 11
175.5749969482422
 21
25.0
 31
0.0
  0
LINE
  5
578
330
55B
100
AcDbEntity
  8
0
  6
K5LT_THIN
 62
     7
370
    18
100
AcDbLine
 10
159.9645843505859
 20
25.0
 30
0.0
 11
159.9645843505859
 21
40.0
 31
0.0
  0
LINE
  5
579
330
55B
100
AcDbEntity
  8
0
  6
K5LT_THIN
 62
     7
370
    18
100
AcDbLine
 10
164.9822998046875
 20
25.0
 30
0.0
 11
164.9822998046875
 21
40.0
 31
0.0
  0
LINE
  5
57A
330
55B
100
AcDbEntity
  8
0
  6
K5LT_BASIC
 62
     5
420
      255
370
    60
100
AcDbLine
 10
27.0
 20
35.0
 30
0.0
 11
27.0
 21
60.0
 31
0.0
  0
MTEXT
  5
57C
330
55B
100
AcDbEntity
  8
0
 62
     7
100
AcDbMText
 10
172.8623752593994
 20
44.42299461364746
 30
0.0
 40
0.0
 41
0.0
 46
0.0
 71
     1
 72
     1
  1
\H3.5;\W0.965;\Q15;\Q15;Масса
  7
KTEXTSTYLE
 73
     1
 44
1.0
  0
MTEXT
  5
57D
330
55B
100
AcDbEntity
  8
0
 62
     7
100
AcDbMText
 10
187.769458770752
 20
44.42299461364746
 30
0.0
 40
0.0
 41
0.0
 46
0.0
 71
     1
 72
     1
  1
\H3.5;\W0.965;\Q15;\Q15;Масштаб
  7
KTEXTSTYLE
 73
     1
 44
1.0
  0
MTEXT
  5
57E
330
55B
100
AcDbEntity
  8
0
 62
     7
100
AcDbMText
 10
20.57169270515442
 20
39.42299461364746
 30
0.0
 40
0.0
 41
0.0
 46
0.0
 71
     1
 72
     1
  1
\H3.5;\W0.965;\Q15;\Q15;\W0.856;Изм.
  7
KTEXTSTYLE
 73
     1
 44
1.0
  0
MTEXT
  5
57F
330
55B
100
AcDbEntity
  8
0
 62
     7
100
AcDbMText
 10
27.56783103942871
 20
39.42299461364746
 30
0.0
 40
0.0
 41
0.0
 46
0.0
 71
     1
 72
     1
  1
\H3.5;\W0.965;\Q15;\Q15;\W0.862;Лист
  7
KTEXTSTYLE
 73
     1
 44
1.0
  0
MTEXT
  5
580
330
55B
100
AcDbEntity
  8
0
 62
     7
100
AcDbMText
 10
41.13796949386597
 20
39.42299461364746
 30
0.0
 40
0.0
 41
0.0
 46
0.0
 71
     1
 72
     1
  1
\H3.5;\W0.965;\Q15;\Q15;№ докум.
  7
KTEXTSTYLE
 73
     1
 44
1.0
  0
MTEXT
  5
581
330
55B
100
AcDbEntity
  8
0
 62
     7
100
AcDbMText
 10
63.37911510467529
 20
39.42299461364746
 30
0.0
 40
0.0
 41
0.0
 46
0.0
 71
     1
 72
     1
  1
\H3.5;\W0.965;\Q15;\Q15;Подп.
  7
KTEXTSTYLE
 73
     1
 44
1.0
  0
MTEXT
  5
582
330
55B
100
AcDbEntity
  8
0
 62
     7
100
AcDbMText
 10
75.56783103942871
 20
39.42299461364746
 30
0.0
 40
0.0
 41
0.0
 46
0.0
 71
     1
 72
     1
  1
\H3.5;\W0.965;\Q15;\Q15;\W0.862;Дата
  7
KTEXTSTYLE
 73
     1
 44
1.0
  0
MTEXT
  5
583
330
55B
100
AcDbEntity
  8
0
 62
     7
100
AcDbMText
 10
158.8421356678009
 20
44.42299461364746
 30
0.0
 40
0.0
 41
0.0
 46
0.0
 71
     1
 72
     1
  1
\H3.5;\W0.965;\Q15;\Q15;Лит.
  7
KTEXTSTYLE
 73
     1
 44
1.0
  0
MTEXT
  5
584
330
55B
100
AcDbEntity
  8
0
 62
     7
100
AcDbMText
 10
20.5
 20
34.42299461364746
 30
0.0
 40
0.0
 41
0.0
 46
0.0
 71
     1
 72
     1
  1
\H3.5;\W0.965;\Q15;\Q15;Разраб.
  7
KTEXTSTYLE
 73
     1
 44
1.0
  0
MTEXT
  5
585
330
55B
100
AcDbEntity
  8
0
 62
     7
100
AcDbMText
 10
20.5
 20
29.42299652099609
 30
0.0
 40
0.0
 41
0.0
 46
0.0
 71
     1
 72
     1
  1
\H3.5;\W0.965;\Q15;\Q15;Пров.
  7
KTEXTSTYLE
 73
     1
 44
1.0
  0
MTEXT
  5
586
330
55B
100
AcDbEntity
  8
0
 62
     7
100
AcDbMText
 10
20.5
 20
24.42299652099609
 30
0.0
 40
0.0
 41
0.0
 46
0.0
 71
     1
 72
     1
  1
\H3.5;\W0.965;\Q15;\Q15;Т.контр.
  7
KTEXTSTYLE
 73
     1
 44
1.0
  0
MTEXT
  5
587
330
55B
100
AcDbEntity
  8
0
 62
     7
100
AcDbMText
 10
156.6402425765991
 20
24.42299652099609
 30
0.0
 40
0.0
 41
0.0
 46
0.0
 71
     1
 72
     1
  1
\H3.5;\W0.965;\Q15;\Q15;Лист
  7
KTEXTSTYLE
 73
     1
 44
1.0
  0
MTEXT
  5
588
330
55B
100
AcDbEntity
  8
0
 62
     7
100
AcDbMText
 10
177.7756547927856
 20
24.42299652099609
 30
0.0
 40
0.0
 41
0.0
 46
0.0
 71
     1
 72
     1
  1
\H3.5;\W0.965;\Q15;\Q15;Листов
  7
KTEXTSTYLE
 73
     1
 44
1.0
  0
MTEXT
  5
589
330
55B
100
AcDbEntity
  8
0
 62
     7
100
AcDbMText
 10
20.5
 20
14.42299652099609
 30
0.0
 40
0.0
 41
0.0
 46
0.0
 71
     1
 72
     1
  1
\H3.5;\W0.965;\Q15;\Q15;Н.контр.
  7
KTEXTSTYLE
 73
     1
 44
1.0
  0
MTEXT
  5
58A
330
55B
100
AcDbEntity
  8
0
 62
     7
100
AcDbMText
 10
20.5
 20
9.422996520996094
 30
0.0
 40
0.0
 41
0.0
 46
0.0
 71
     1
 72
     1
  1
\H3.5;\W0.965;\Q15;\Q15;Утв.
  7
KTEXTSTYLE
 73
     1
 44
1.0
  0
MTEXT
  5
58B
330
55B
100
AcDbEntity
  8
0
 62
     7
100
AcDbMText
 10
192.6426043510437
 20
35.24713516235352
 30
0.0
 40
0.0
 41
0.0
 46
0.0
 71
     1
 72
     1
  1
\H3.5;\W0.965;\Q15;\Q15;\H5.00;1:1
  7
KTEXTSTYLE
 73
     1
 44
1.0
  0
MTEXT
  5
58C
330
55B
100
AcDbEntity
  8
0
 62
     7
100
AcDbMText
 10
197.951801776886
 20
24.42299652099609
 30
0.0
 40
0.0
 41
0.0
 46
0.0
 71
     1
 72
     1
  1
\H3.5;\W0.965;\Q15;\Q15;1
  7
KTEXTSTYLE
 73
     1
 44
1.0
  0
MTEXT
  5
58D
330
55B
100
AcDbEntity
  8
0
 62
     7
100
AcDbMText
 10
96.31267166137695
 20
56.34599018096924
 30
0.0
 40
0.0
 41
0.0
 46
0.0
 71
     1
 72
     1
  1
\H3.5;\W0.965;\Q15;\Q15;\H7.00;2026_08_24_12_25_01_0366
  7
KTEXTSTYLE
 73
     1
 44
1.0
  0
MTEXT
  5
58E
330
55B
100
AcDbEntity
  8
0
 62
     7
100
AcDbMText
 10
86.77756118774414
 20
41.34598922729492
 30
0.0
 40
0.0
 41
0.0
 46
0.0
 71
     1
 72
     1
  1
\H3.5;\W0.965;\Q15;\Q15;\H7.00;2026_08_24_12_25
  7
KTEXTSTYLE
 73
     1
 44
1.0
  0
MTEXT
  5
58F
330
55B
100
AcDbEntity
  8
0
 62
     7
100
AcDbMText
 10
103.2611045837402
 20
31.34598922729492
 30
0.0
 40
0.0
 41
0.0
 46
0.0
 71
     1
 72
     1
  1
\H3.5;\W0.965;\Q15;\Q15;\H7.00;_01_0366
  7
KTEXTSTYLE
 73
     1
 44
1.0
  0
MTEXT
  5
590
330
55B
100
AcDbEntity
  8
0
 62
     7
100
AcDbMText
 10
172.4967713356018
 20
35.24713516235352
 30
0.0
 40
0.0
 41
0.0
 46
0.0
 71
     1
 72
     1
  1
\H3.5;\W0.965;\Q15;\Q15;\H5.00;0,84
  7
KTEXTSTYLE
 73
     1
 44
1.0
  0
LINE
  5
591
330
55B
100
AcDbEntity
  8
0
  6
K5LT_BASIC
 62
     5
420
      255
370
    60
100
AcDbLine
 10
8.0
 20
5.000000000000001
 30
0.0
 11
8.000000000000009
 21
150.0
 31
0.0
  0
LINE
  5
592
330
55B
100
AcDbEntity
  8
0
  6
K5LT_BASIC
 62
     5
420
      255
370
    60
100
AcDbLine
 10
13.0
 20
5.000000000000001
 30
0.0
 11
13.00000000000001
 21
150.0
 31
0.0
  0
LINE
  5
593
330
55B
100
AcDbEntity
  8
0
  6
K5LT_BASIC
 62
     5
420
      255
370
    60
100
AcDbLine
 10
20.0
 20
5.0
 30
0.0
 11
8.0
 21
5.000000000000001
 31
0.0
  0
LINE
  5
594
330
55B
100
AcDbEntity
  8
0
  6
K5LT_BASIC
 62
     5
420
      255
370
    60
100
AcDbLine
 10
20.00000000000001
 20
150.0
 30
0.0
 11
8.000000000000009
 21
150.0
 31
0.0
  0
LINE
  5
595
330
55B
100
AcDbEntity
  8
0
  6
K5LT_BASIC
 62
     5
420
      255
370
    60
100
AcDbLine
 10
20.0
 20
30.0
 30
0.0
 11
8.000000000000002
 21
30.0
 31
0.0
  0
LINE
  5
596
330
55B
100
AcDbEntity
  8
0
  6
K5LT_BASIC
 62
     5
420
      255
370
    60
100
AcDbLine
 10
20.0
 20
65.0
 30
0.0
 11
8.000000000000004
 21
65.0
 31
0.0
  0
LINE
  5
597
330
55B
100
AcDbEntity
  8
0
  6
K5LT_BASIC
 62
     5
420
      255
370
    60
100
AcDbLine
 10
20.00000000000001
 20
90.0
 30
0.0
 11
8.000000000000005
 21
90.0
 31
0.0
  0
LINE
  5
598
330
55B
100
AcDbEntity
  8
0
  6
K5LT_BASIC
 62
     5
420
      255
370
    60
100
AcDbLine
 10
20.00000000000001
 20
115.0
 30
0.0
 11
8.000000000000007
 21
115.0
 31
0.0
  0
MTEXT
  5
599
330
55B
100
AcDbEntity
  8
0
 62
     7
100
AcDbMText
 10
8.577005386352539
 20
7.313541412353517
 30
0.0
 40
0.0
 41
0.0
 46
0.0
 71
     1
 72
     1
  1
\H3.5;\W0.965;\Q15;\Q15;Инв. № подл.
  7
KTEXTSTYLE
 11
6.123233995736766E-17
 21
1.0
 31
0.0
 73
     1
 44
1.0
  0
MTEXT
  5
59A
330
55B
100
AcDbEntity
  8
0
 62
     7
100
AcDbMText
 10
8.57700538635254
 20
36.35242748260498
 30
0.0
 40
0.0
 41
0.0
 46
0.0
 71
     1
 72
     1
  1
\H3.5;\W0.965;\Q15;\Q15;Подп. и дата
  7
KTEXTSTYLE
 11
6.123233995736766E-17
 21
1.0
 31
0.0
 73
     1
 44
1.0
  0
MTEXT
  5
59B
330
55B
100
AcDbEntity
  8
0
 62
     7
100
AcDbMText
 10
8.577005386352543
 20
66.5839376449585
 30
0.0
 40
0.0
 41
0.0
 46
0.0
 71
     1
 72
     1
  1
\H3.5;\W0.965;\Q15;\Q15;Взам. инв. №
  7
KTEXTSTYLE
 11
6.123233995736766E-17
 21
1.0
 31
0.0
 73
     1
 44
1.0
  0
MTEXT
  5
59C
330
55B
100
AcDbEntity
  8
0
 62
     7
100
AcDbMText
 10
8.577005386352544
 20
92.31354141235352
 30
0.0
 40
0.0
 41
0.0
 46
0.0
 71
     1
 72
     1
  1
\H3.5;\W0.965;\Q15;\Q15;Инв. № дубл.
  7
KTEXTSTYLE
 11
6.123233995736766E-17
 21
1.0
 31
0.0
 73
     1
 44
1.0
  0
MTEXT
  5
59D
330
55B
100
AcDbEntity
  8
0
 62
     7
100
AcDbMText
 10
8.577005386352546
 20
121.352427482605
 30
0.0
 40
0.0
 41
0.0
 46
0.0
 71
     1
 72
     1
  1
\H3.5;\W0.965;\Q15;\Q15;Подп. и дата
  7
KTEXTSTYLE
 11
6.123233995736766E-17
 21
1.0
 31
0.0
 73
     1
 44
1.0
  0
LINE
  5
59E
330
55B
100
AcDbEntity
  8
0
  6
K5LT_BASIC
 62
     5
420
      255
370
    60
100
AcDbLine
 10
8.0
 20
172.0
 30
0.0
 11
8.000000000000007
 21
292.0
 31
0.0
  0
LINE
  5
59F
330
55B
100
AcDbEntity
  8
0
  6
K5LT_BASIC
 62
     5
420
      255
370
    60
100
AcDbLine
 10
13.0
 20
172.0
 30
0.0
 11
13.00000000000001
 21
292.0
 31
0.0
  0
LINE
  5
5A0
330
55B
100
AcDbEntity
  8
0
  6
K5LT_BASIC
 62
     5
420
      255
370
    60
100
AcDbLine
 10
20.0
 20
172.0
 30
0.0
 11
8.0
 21
172.0
 31
0.0
  0
LINE
  5
5A1
330
55B
100
AcDbEntity
  8
0
  6
K5LT_BASIC
 62
     5
420
      255
370
    60
100
AcDbLine
 10
20.00000000000001
 20
292.0
 30
0.0
 11
8.000000000000007
 21
292.0
 31
0.0
  0
LINE
  5
5A2
330
55B
100
AcDbEntity
  8
0
  6
K5LT_BASIC
 62
     5
420
      255
370
    60
100
AcDbLine
 10
20.0
 20
232.0
 30
0.0
 11
8.000000000000004
 21
232.0
 31
0.0
  0
MTEXT
  5
5A3
330
55B
100
AcDbEntity
  8
0
 62
     7
100
AcDbMText
 10
8.57700538635254
 20
194.1398754119873
 30
0.0
 40
0.0
 41
0.0
 46
0.0
 71
     1
 72
     1
  1
\H3.5;\W0.965;\Q15;\Q15;Справ. №
  7
KTEXTSTYLE
 11
6.123233995736766E-17
 21
1.0
 31
0.0
 73
     1
 44
1.0
  0
MTEXT
  5
5A4
330
55B
100
AcDbEntity
  8
0
 62
     7
100
AcDbMText
 10
8.577005386352544
 20
251.2116146087646
 30
0.0
 40
0.0
 41
0.0
 46
0.0
 71
     1
 72
     1
  1
\H3.5;\W0.965;\Q15;\Q15;Перв. примен.
  7
KTEXTSTYLE
 11
6.123233995736766E-17
 21
1.0
 31
0.0
 73
     1
 44
1.0
  0
LINE
  5
5A5
330
55B
100
AcDbEntity
  8
0
  6
K5LT_BASIC
 62
     5
420
      255
370
    60
100
AcDbLine
 10
90.0
 20
278.0
 30
0.0
 11
20.0
 21
278.0
 31
0.0
  0
LINE
  5
5A6
330
55B
100
AcDbEntity
  8
0
  6
K5LT_BASIC
 62
     5
420
      255
370
    60
100
AcDbLine
 10
90.0
 20
292.0
 30
0.0
 11
90.0
 21
278.0
 31
0.0
  0
MTEXT
  5
5A7
330
55B
100
AcDbEntity
  8
0
 62
     7
100
AcDbMText
 10
88.59309387207031
 20
281.1540098190308
 30
0.0
 40
0.0
 41
0.0
 46
0.0
 71
     1
 72
     1
  1
\H3.5;\W0.965;\Q15;\Q15;\W0.655;\H7.00;2026_08_24_12_25_01_0366
  7
KTEXTSTYLE
 11
-1.0
 21
1.224646799147353E-16
 31
0.0
 73
     1
 44
1.0
  0
MTEXT
  5
5A8
330
55B
100
AcDbEntity
  8
0
 62
     7
100
AcDbMText
 10
95.5
 20
4.422994613647461
 30
0.0
 40
0.0
 41
0.0
 46
0.0
 71
     1
 72
     1
  1
\H3.5;\W0.965;\Q15;\Q15;Копировал
  7
KTEXTSTYLE
 73
     1
 44
1.0
  0
MTEXT
  5
5A9
330
55B
100
AcDbEntity
  8
0
 62
     7
100
AcDbMText
 10
165.5
 20
4.422994613647461
 30
0.0
 40
0.0
 41
0.0
 46
0.0
 71
     1
 72
     1
  1
\H3.5;\W0.965;\Q15;\Q15;Формат
  7
KTEXTSTYLE
 73
     1
 44
1.0
  0
MTEXT
  5
5AA
330
55B
100
AcDbEntity
  8
0
 62
     7
100
AcDbMText
 10
185.5
 20
4.422994613647461
 30
0.0
 40
0.0
 41
0.0
 46
0.0
 71
     1
 72
     1
  1
\H3.5;\W0.965;\Q15;\Q15;A4
  7
KTEXTSTYLE
 73
     1
 44
1.0
  0
LINE
  5
5AB
330
55B
100
AcDbEntity
  8
0
  6
K5LT_BASIC
 62
     5
420
      255
370
    60
100
AcDbLine
 10
20.0
 20
5.0
 30
0.0
 11
20.0
 21
292.0
 31
0.0
  0
LINE
  5
5AC
330
55B
100
AcDbEntity
  8
0
  6
K5LT_BASIC
 62
     5
420
      255
370
    60
100
AcDbLine
 10
20.0
 20
292.0
 30
0.0
 11
205.0
 21
292.0
 31
0.0
  0
LINE
  5
5AD
330
55B
100
AcDbEntity
  8
0
  6
K5LT_BASIC
 62
     5
420
      255
370
    60
100
AcDbLine
 10
205.0
 20
292.0
 30
0.0
 11
205.0
 21
5.0
 31
0.0
  0
LINE
  5
5AE
330
55B
100
AcDbEntity
  8
0
  6
K5LT_BASIC
 62
     5
420
      255
370
    60
100
AcDbLine
 10
205.0
 20
5.0
 30
0.0
 11
20.0
 21
5.0
 31
0.0
  0
LINE
  5
5AF
330
55B
100
AcDbEntity
  8
0
  6
K5LT_THIN
 62
     7
370
    18
100
AcDbLine
 10
0.0
 20
0.0
 30
0.0
 11
0.0
 21
297.0
 31
0.0
  0
LINE
  5
5B0
330
55B
100
AcDbEntity
  8
0
  6
K5LT_THIN
 62
     7
370
    18
100
AcDbLine
 10
0.0
 20
297.0
 30
0.0
 11
210.0
 21
297.0
 31
0.0
  0
LINE
  5
5B1
330
55B
100
AcDbEntity
  8
0
  6
K5LT_THIN
 62
     7
370
    18
100
AcDbLine
 10
210.0
 20
297.0
 30
0.0
 11
210.0
 21
0.0
 31
0.0
  0
LINE
  5
5B2
330
55B
100
AcDbEntity
  8
0
  6
K5LT_THIN
 62
     7
370
    18
100
AcDbLine
 10
210.0
 20
0.0
 30
0.0
 11
0.0
 21
0.0
 31
0.0
  0
ENDBLK
  5
5B4
330
55B
100
AcDbEntity
  8
0
100
AcDbBlockEnd
  0
ENDSEC
  0
SECTION
  2
ENTITIES
  0
LINE
  5
72
330
1F
100
AcDbEntity
  8
Системный слой (1)
  6
K5LT_BASIC
 62
     5
420
      255
370
    60
100
AcDbLine
 10
93.66208814545236
 20
158.3773022174991
 30
0.0
 11
93.60583813561611
 21
158.4148022027447
 31
0.0
  0
LINE
  5
73
330
1F
100
AcDbEntity
  8
Системный слой (1)
  6
K5LT_BASIC
 62
     5
420
      255
370
    60
100
AcDbLine
 10
99.34771382251387
 20
155.7960537088386
 30
0.0
 11
99.54271382251382
 21
155.7960537599871
 31
0.0
  0
LINE
  5
74
330
1F
100
AcDbEntity
  8
Системный слой (1)
  6
K5LT_BASIC
 62
     5
420
      255
370
    60
100
AcDbLine
 10
94.0370881552886
 20
158.3398023158616
 30
0.0
 11
93.94333816020672
 21
158.321052291271
 31
0.0
  0
LINE
  5
75
330
1F
100
AcDbEntity
  8
Системный слой (1)
  6
K5LT_BASIC
 62
     5
420
      255
370
    60
100
AcDbLine
 10
101.8502141890779
 20
154.3985543652444
 30
0.0
 11
101.6877142061274
 21
154.3335543226206
 31
0.0
  0
LINE
  5
76
330
1F
100
AcDbEntity
  8
Системный слой (1)
  6
K5LT_BASIC
 62
     5
420
      255
370
    60
100
AcDbLine
 10
95.89333805692597
 20
158.714802802756
 30
0.0
 11
95.81833810118901
 21
158.5460527830833
 31
0.0
  0
LINE
  5
77
330
1F
100
AcDbEntity
  8
Системный слой (1)
  6
K5LT_BASIC
 62
     5
420
      255
370
    60
100
AcDbLine
 10
100.2995879831538
 20
158.9960539585153
 30
0.0
 11
100.393337953645
 21
159.1085539831059
 31
0.0
  0
LINE
  5
78
330
1F
100
AcDbEntity
  8
Системный слой (1)
  6
K5LT_BASIC
 62
     5
420
      255
370
    60
100
AcDbLine
 10
93.43708818479739
 20
158.2273021584816
 30
0.0
 11
93.62458818479736
 21
158.2273022076628
 31
0.0
  0
LINE
  5
79
330
1F
100
AcDbEntity
  8
Системный слой (1)
  6
K5LT_BASIC
 62
     5
420
      255
370
    60
100
AcDbLine
 10
94.82458784052855
 20
159.5398025224228
 30
0.0
 11
94.88083783069227
 21
159.5773025371772
 31
0.0
  0
LINE
  5
7A
330
1F
100
AcDbEntity
  8
Системный слой (1)
  6
K5LT_BASIC
 62
     5
420
      255
370
    60
100
AcDbLine
 10
118.1651931438271
 20
234.6320650633584
 30
0.0
 11
117.4325484356278
 21
234.6320648711857
 31
0.0
  0
LINE
  5
7B
330
1F
100
AcDbEntity
  8
Системный слой (1)
  6
K5LT_BASIC
 62
     5
420
      255
370
    60
100
AcDbLine
 10
75.2527870826863
 20
144.1320538073923
 30
0.0
 11
74.66521688198449
 21
144.1320536532726
 31
0.0
  0
LINE
  5
7C
330
1F
100
AcDbEntity
  8
Системный слой (1)
  6
K5LT_BASIC
 62
     5
420
      255
370
    60
100
AcDbLine
 10
100.5995879733175
 20
159.0335540372053
 30
0.0
 11
100.5433379831537
 21
158.9960540224509
 31
0.0
  0
LINE
  5
7D
330
1F
100
AcDbEntity
  8
Системный слой (1)
  6
K5LT_BASIC
 62
     5
420
      255
370
    60
100
AcDbLine
 10
97.4308382388965
 20
158.0210532060422
 30
0.0
 11
97.37458825856898
 21
157.9460531912878
 31
0.0
  0
LINE
  5
7E
330
1F
100
AcDbEntity
  8
Системный слой (1)
  6
K5LT_BASIC
 62
     5
420
      255
370
    60
100
AcDbLine
 10
139.6252055138964
 20
186.9720706922796
 30
0.0
 11
139.6152055138964
 21
186.9720706896566
 31
0.0
  0
LINE
  5
7F
330
1F
100
AcDbEntity
  8
Системный слой (1)
  6
K5LT_BASIC
 62
     5
420
      255
370
    60
100
AcDbLine
 10
97.24333822414212
 20
158.077303156861
 30
0.0
 11
97.28083820938774
 21
158.1335531666972
 31
0.0
  0
LINE
  5
80
330
1F
100
AcDbEntity
  8
Системный слой (1)
  6
K5LT_BASIC
 62
     5
420
      255
370
    60
100
AcDbLine
 10
77.49784498659129
 20
207.4320543963133
 30
0.0
 11
77.49784396362129
 21
211.3320543962349
 31
0.0
  0
LINE
  5
81
330
1F
100
AcDbEntity
  8
Системный слой (1)
  6
K5LT_BASIC
 62
     5
420
      255
370
    60
100
AcDbLine
 10
76.5652062850661
 20
184.5320541516797
 30
0.0
 11
77.4978509932613
 21
184.5320543963124
 31
0.0
  0
ARC
  5
82
330
1F
100
AcDbEntity
  8
Системный слой (1)
  6
K5LT_BASIC
 62
     5
420
      255
370
    60
100
AcDbCircle
 10
140.8152012095533
 20
203.8820710044152
 30
0.0
 40
1.199999999999979
100
AcDbArc
 50
180.0000150286834
 51
257.9753158480784
  0
LINE
  5
83
330
1F
100
AcDbEntity
  8
Системный слой (1)
  6
K5LT_BASIC
 62
     5
420
      255
370
    60
100
AcDbLine
 10
94.93708790446415
 20
159.2960525519315
 30
0.0
 11
94.93708796348166
 21
159.0710525519316
 31
0.0
  0
LINE
  5
84
330
1F
100
AcDbEntity
  8
Системный слой (1)
  6
K5LT_BASIC
 62
     5
420
      255
370
    60
100
AcDbLine
 10
102.0995881208612
 20
158.4710544306553
 30
0.0
 11
102.0058381011887
 21
158.5460544060647
 31
0.0
  0
LINE
  5
85
330
1F
100
AcDbEntity
  8
Системный слой (1)
  6
K5LT_BASIC
 62
     5
420
      255
370
    60
100
AcDbLine
 10
93.68083822414238
 20
158.0773022224172
 30
0.0
 11
93.75583823889671
 21
158.0210522420897
 31
0.0
  0
LINE
  5
86
330
1F
100
AcDbEntity
  8
Системный слой (1)
  6
K5LT_BASIC
 62
     5
420
      255
370
    60
100
AcDbLine
 10
77.49784729483129
 20
198.6320543963136
 30
0.0
 11
77.49784627186129
 21
202.5320543963135
 31
0.0
  0
ARC
  5
87
330
1F
100
AcDbEntity
  8
Системный слой (1)
  6
K5LT_BASIC
 62
     5
420
      255
370
    60
100
AcDbCircle
 10
140.8152059309533
 20
185.8820710044167
 30
0.0
 40
1.18999999999998
100
AcDbArc
 50
180.0000150286828
 51
257.8727381556293
  0
LINE
  5
88
330
1F
100
AcDbEntity
  8
Системный слой (1)
  6
K5LT_BASIC
 62
     5
420
      255
370
    60
100
AcDbLine
 10
96.21208829791408
 20
157.7960528863641
 30
0.0
 11
95.23708829791413
 21
157.7960526306216
 31
0.0
  0
LINE
  5
89
330
1F
100
AcDbEntity
  8
Системный слой (1)
  6
K5LT_BASIC
 62
     5
420
      255
370
    60
100
AcDbLine
 10
91.09333796348191
 20
159.0710515437159
 30
0.0
 11
90.86833796348193
 21
159.0710514846984
 31
0.0
  0
CIRCLE
  5
8A
330
1F
100
AcDbEntity
  8
Системный слой (1)
  6
K5LT_BASIC
 62
     5
420
      255
370
    60
100
AcDbCircle
 10
104.985215001288
 20
151.3020616062072
 30
0.0
 40
0.4999999999999914
  0
ARC
  5
8B
330
1F
100
AcDbEntity
  8
Системный слой (1)
  6
K5LT_BASIC
 62
     5
420
      255
370
    60
100
AcDbCircle
 10
140.8152100752933
 20
170.0820710043383
 30
0.0
 40
1.199999999999979
100
AcDbArc
 50
102.0247142092887
 51
180.0000150286826
  0
LINE
  5
8C
330
1F
100
AcDbEntity
  8
Системный слой (1)
  6
K5LT_BASIC
 62
     5
420
      255
370
    60
100
AcDbLine
 10
98.03083790446394
 20
159.2960533634222
 30
0.0
 11
98.0308381897152
 21
158.2085533634222
 31
0.0
  0
LINE
  5
8D
330
1F
100
AcDbEntity
  8
Системный слой (1)
  6
K5LT_BASIC
 62
     5
420
      255
370
    60
100
AcDbLine
 10
93.64333799299048
 20
158.9585522125809
 30
0.0
 11
93.6058380175811
 21
158.8648022027447
 31
0.0
  0
LINE
  5
8E
330
1F
100
AcDbEntity
  8
Системный слой (1)
  6
K5LT_BASIC
 62
     5
420
      255
370
    60
100
AcDbLine
 10
101.3308381798787
 20
158.2460542290122
 30
0.0
 11
101.36833815037
 21
158.3585542388484
 31
0.0
  0
LINE
  5
8F
330
1F
100
AcDbEntity
  8
Системный слой (1)
  6
K5LT_BASIC
 62
     5
420
      255
370
    60
100
AcDbLine
 10
94.84333788970979
 20
159.3523025273409
 30
0.0
 11
94.84333790446415
 21
159.2960525273409
 31
0.0
  0
LINE
  5
90
330
1F
100
AcDbEntity
  8
Системный слой (1)
  6
K5LT_BASIC
 62
     5
420
      255
370
    60
100
AcDbLine
 10
56.43887305590769
 20
194.7820488725437
 30
0.0
 11
64.8652035964867
 21
194.7820510827702
 31
0.0
  0
LINE
  5
91
330
1F
100
AcDbEntity
  8
Системный слой (1)
  6
K5LT_BASIC
 62
     5
420
      255
370
    60
100
AcDbLine
 10
55.10521007529569
 20
170.0820485226051
 30
0.0
 11
55.10521065235569
 21
167.8820485226052
 31
0.0
  0
LINE
  5
92
330
1F
100
AcDbEntity
  8
Системный слой (1)
  6
K5LT_BASIC
 62
     5
420
      255
370
    60
100
AcDbLine
 10
97.50583800774459
 20
158.9023032257147
 30
0.0
 11
97.52458803725332
 21
158.7898032306329
 31
0.0
  0
LINE
  5
93
330
1F
100
AcDbEntity
  8
Системный слой (1)
  6
K5LT_BASIC
 62
     5
420
      255
370
    60
100
AcDbLine
 10
55.11521495669869
 20
150.9720485253069
 30
0.0
 11
55.1052149566987
 21
150.9720485226839
 31
0.0
  0
LINE
  5
94
330
1F
100
AcDbEntity
  8
Системный слой (1)
  6
K5LT_BASIC
 62
     5
420
      255
370
    60
100
AcDbLine
 10
54.16519088452539
 20
243.2454914418996
 30
0.0
 11
54.16519207192769
 21
238.7186051103405
 31
0.0
  0
LINE
  5
95
330
1F
100
AcDbEntity
  8
Системный слой (1)
  6
K5LT_BASIC
 62
     5
420
      255
370
    60
100
AcDbLine
 10
102.2870881454518
 20
158.3773044798366
 30
0.0
 11
102.230838155288
 21
158.3398044650822
 31
0.0
  0
LINE
  5
96
330
1F
100
AcDbEntity
  8
Системный слой (1)
  6
K5LT_BASIC
 62
     5
420
      255
370
    60
100
AcDbLine
 10
96.13021408678131
 20
154.7885528648884
 30
0.0
 11
96.22771412088032
 21
154.6585528904626
 31
0.0
  0
ARC
  5
97
330
1F
100
AcDbEntity
  8
Системный слой (1)
  6
K5LT_BASIC
 62
     5
420
      255
370
    60
100
AcDbCircle
 10
140.8152106523533
 20
167.8820710043384
 30
0.0
 40
1.18999999999998
100
AcDbArc
 50
180.000015028683
 51
257.8727381556299
  0
LINE
  5
98
330
1F
100
AcDbEntity
  8
Системный слой (1)
  6
K5LT_BASIC
 62
     5
420
      255
370
    60
100
AcDbLine
 10
76.5651921208661
 20
238.5320541516783
 30
0.0
 11
77.4978368290613
 21
238.532054396311
 31
0.0
  0
LINE
  5
99
330
1F
100
AcDbEntity
  8
Системный слой (1)
  6
K5LT_BASIC
 62
     5
420
      255
370
    60
100
AcDbLine
 10
140.5652015147237
 20
202.7186277730604
 30
0.0
 11
140.5652003273214
 21
207.2455141046197
 31
0.0
  0
LINE
  5
9A
330
1F
100
AcDbEntity
  8
Системный слой (1)
  6
K5LT_BASIC
 62
     5
420
      255
370
    60
100
AcDbLine
 10
74.66521688198449
 20
144.1320536532726
 30
0.0
 11
74.6652035702595
 21
194.8820536533103
 31
0.0
  0
LINE
  5
9B
330
1F
100
AcDbEntity
  8
Системный слой (1)
  6
K5LT_BASIC
 62
     5
420
      255
370
    60
100
AcDbLine
 10
100.7120882929956
 20
157.8148040667141
 30
0.0
 11
100.5808382831594
 21
157.8523040322872
 31
0.0
  0
LINE
  5
9C
330
1F
100
AcDbEntity
  8
Системный слой (1)
  6
K5LT_BASIC
 62
     5
420
      255
370
    60
100
AcDbLine
 10
101.6877144959689
 20
153.2285543226207
 30
0.0
 11
101.4927144703947
 21
153.3260542714722
 31
0.0
  0
ARC
  5
9D
330
1F
100
AcDbEntity
  8
Системный слой (1)
  6
K5LT_BASIC
 62
     5
420
      255
370
    60
100
AcDbCircle
 10
140.8152053538933
 20
188.0820710044166
 30
0.0
 40
1.18999999999998
100
AcDbArc
 50
102.127291901733
 51
180.0000150286825
  0
LINE
  5
9E
330
1F
100
AcDbEntity
  8
Системный слой (1)
  6
K5LT_BASIC
 62
     5
420
      255
370
    60
100
AcDbLine
 10
54.1652144915254
 20
153.2454914419016
 30
0.0
 11
54.16521567892769
 21
148.7186051103423
 31
0.0
  0
ARC
  5
9F
330
1F
100
AcDbEntity
  8
Системный слой (1)
  6
K5LT_BASIC
 62
     5
420
      255
370
    60
100
AcDbCircle
 10
53.9152012095558
 20
203.8820482105452
 30
0.0
 40
1.199999999999979
100
AcDbArc
 50
282.0247142092877
 51
0.0
  0
LINE
  5
A0
330
1F
100
AcDbEntity
  8
Системный слой (1)
  6
K5LT_BASIC
 62
     5
420
      255
370
    60
100
AcDbLine
 10
117.4325592686178
 20
193.3320648711867
 30
0.0
 11
117.4325602915878
 21
189.4320648711868
 31
0.0
  0
LINE
  5
A1
330
1F
100
AcDbEntity
  8
Системный слой (1)
  6
K5LT_BASIC
 62
     5
420
      255
370
    60
100
AcDbLine
 10
100.2902144192463
 20
153.5210539560564
 30
0.0
 11
100.09521446187
 21
153.3585539049079
 31
0.0
  0
LINE
  5
A2
330
1F
100
AcDbEntity
  8
Системный слой (1)
  6
K5LT_BASIC
 62
     5
420
      255
370
    60
100
AcDbLine
 10
139.6151960658504
 20
222.9920706895765
 30
0.0
 11
139.6251960658504
 21
222.9920706921995
 31
0.0
  0
LINE
  5
A3
330
1F
100
AcDbEntity
  8
Системный слой (1)
  6
K5LT_BASIC
 62
     5
420
      255
370
    60
100
AcDbLine
 10
74.66518968147449
 20
247.8320536532696
 30
0.0
 11
75.25275988217619
 21
247.8320538073896
 31
0.0
  0
LINE
  5
A4
330
1F
100
AcDbEntity
  8
Системный слой (1)
  6
K5LT_BASIC
 62
     5
420
      255
370
    60
100
AcDbLine
 10
76.56519453402609
 20
229.3320541516803
 30
0.0
 11
76.5651931438361
 21
234.6320541516784
 31
0.0
  0
LINE
  5
A5
330
1F
100
AcDbEntity
  8
Системный слой (1)
  6
K5LT_BASIC
 62
     5
420
      255
370
    60
100
AcDbLine
 10
90.86833790446444
 20
159.2960514846984
 30
0.0
 11
91.09333790446442
 21
159.2960515437159
 31
0.0
  0
LINE
  5
A6
330
1F
100
AcDbEntity
  8
Системный слой (1)
  6
K5LT_BASIC
 62
     5
420
      255
370
    60
100
AcDbLine
 10
99.54271391628606
 20
155.4385537599871
 30
0.0
 11
99.3477139162861
 21
155.4385537088386
 31
0.0
  0
LINE
  5
A7
330
1F
100
AcDbEntity
  8
Системный слой (1)
  6
K5LT_BASIC
 62
     5
420
      255
370
    60
100
AcDbLine
 10
94.33708821922421
 20
158.0960523945517
 30
0.0
 11
94.2995882388967
 21
158.0210523847153
 31
0.0
  0
LINE
  5
A8
330
1F
100
AcDbEntity
  8
Системный слой (1)
  6
K5LT_BASIC
 62
     5
420
      255
370
    60
100
AcDbLine
 10
55.11520551389869
 20
186.9720485253066
 30
0.0
 11
55.1052055138987
 21
186.9720485226836
 31
0.0
  0
LINE
  5
A9
330
1F
100
AcDbEntity
  8
Системный слой (1)
  6
K5LT_BASIC
 62
     5
420
      255
370
    60
100
AcDbLine
 10
93.418338012663
 20
158.8835521535634
 30
0.0
 11
93.45583798315424
 21
158.9960521633997
 31
0.0
  0
LINE
  5
AA
330
1F
100
AcDbEntity
  8
Системный слой (1)
  6
K5LT_BASIC
 62
     5
420
      255
370
    60
100
AcDbLine
 10
93.75583790938238
 20
159.2773022420897
 30
0.0
 11
93.84958790446423
 21
159.2960522666803
 31
0.0
  0
LINE
  5
AB
330
1F
100
AcDbEntity
  8
Системный слой (1)
  6
K5LT_BASIC
 62
     5
420
      255
370
    60
100
AcDbLine
 10
99.73771383103859
 20
155.7635538111356
 30
0.0
 11
99.96521384808804
 21
155.6985538708089
 31
0.0
  0
LINE
  5
AC
330
1F
100
AcDbEntity
  8
Системный слой (1)
  6
K5LT_BASIC
 62
     5
420
      255
370
    60
100
AcDbLine
 10
101.5252142743254
 20
154.0735542799969
 30
0.0
 11
101.525214325474
 21
153.8785542799969
 31
0.0
  0
LINE
  5
AD
330
1F
100
AcDbEntity
  8
Системный слой (1)
  6
K5LT_BASIC
 62
     5
420
      255
370
    60
100
AcDbLine
 10
98.16521665902444
 20
144.8820598173224
 30
0.0
 11
96.56521665902453
 21
144.8820593976424
 31
0.0
  0
CIRCLE
  5
AE
330
1F
100
AcDbEntity
  8
Системный слой (1)
  6
K5LT_BASIC
 62
     5
420
      255
370
    60
100
AcDbCircle
 10
107.5252150012878
 20
151.3020622724493
 30
0.0
 40
0.4999999999999914
  0
LINE
  5
AF
330
1F
100
AcDbEntity
  8
Системный слой (1)
  6
K5LT_BASIC
 62
     5
420
      255
370
    60
100
AcDbLine
 10
139.6252007872504
 20
204.992070692278
 30
0.0
 11
139.6252007924964
 21
204.972070692278
 31
0.0
  0
LINE
  5
B0
330
1F
100
AcDbEntity
  8
Системный слой (1)
  6
K5LT_BASIC
 62
     5
420
      255
370
    60
100
AcDbLine
 10
93.68083808643486
 20
158.6023022224172
 30
0.0
 11
93.75583810118923
 21
158.5460522420897
 31
0.0
  0
LINE
  5
B1
330
1F
100
AcDbEntity
  8
Системный слой (1)
  6
K5LT_BASIC
 62
     5
420
      255
370
    60
100
AcDbLine
 10
101.9870881602062
 20
158.3210544011466
 30
0.0
 11
102.0620881306974
 21
158.4335544208191
 31
0.0
  0
LINE
  5
B2
330
1F
100
AcDbEntity
  8
Системный слой (1)
  6
K5LT_BASIC
 62
     5
420
      255
370
    60
100
AcDbLine
 10
98.16521647541444
 20
145.6820598173232
 30
0.0
 11
98.16521668525444
 21
144.8820598173224
 31
0.0
  0
LINE
  5
B3
330
1F
100
AcDbEntity
  8
Системный слой (1)
  6
K5LT_BASIC
 62
     5
420
      255
370
    60
100
AcDbLine
 10
100.9370882438144
 20
158.0023041257316
 30
0.0
 11
101.0495882388962
 21
158.0210541552403
 31
0.0
  0
LINE
  5
B4
330
1F
100
AcDbEntity
  8
Системный слой (1)
  6
K5LT_BASIC
 62
     5
420
      255
370
    60
100
AcDbLine
 10
96.88708796348153
 20
159.0710530634166
 30
0.0
 11
96.8120879782359
 21
159.0148030437441
 31
0.0
  0
LINE
  5
B5
330
1F
100
AcDbEntity
  8
Системный слой (1)
  6
K5LT_BASIC
 62
     5
420
      255
370
    60
100
AcDbLine
 10
96.02458790446407
 20
159.2960528371828
 30
0.0
 11
95.98708798315407
 21
158.9960528273465
 31
0.0
  0
LINE
  5
B6
330
1F
100
AcDbEntity
  8
Системный слой (1)
  6
K5LT_BASIC
 62
     5
420
      255
370
    60
100
AcDbLine
 10
101.6877141038305
 20
154.7235543226207
 30
0.0
 11
101.9477140953056
 21
154.7560543908186
 31
0.0
  0
LINE
  5
B7
330
1F
100
AcDbEntity
  8
Системный слой (1)
  6
K5LT_BASIC
 62
     5
420
      255
370
    60
100
AcDbLine
 10
102.230838155288
 20
158.3398044650822
 30
0.0
 11
102.1933381700424
 21
158.283554455246
 31
0.0
  0
LINE
  5
B8
330
1F
100
AcDbEntity
  8
Системный слой (1)
  6
K5LT_BASIC
 62
     5
420
      255
370
    60
100
AcDbLine
 10
93.84958816020674
 20
158.3210522666803
 30
0.0
 11
93.7558381552886
 21
158.3398022420897
 31
0.0
  0
LINE
  5
B9
330
1F
100
AcDbEntity
  8
Системный слой (1)
  6
K5LT_BASIC
 62
     5
420
      255
370
    60
100
AcDbLine
 10
76.56519453402609
 20
229.3320541516803
 30
0.0
 11
77.49783924222129
 21
229.332054396313
 31
0.0
  0
LINE
  5
BA
330
1F
100
AcDbEntity
  8
Системный слой (1)
  6
K5LT_BASIC
 62
     5
420
      255
370
    60
100
AcDbLine
 10
101.368337953645
 20
159.1085542388484
 30
0.0
 11
101.4433379782356
 21
159.0148042585209
 31
0.0
  0
LINE
  5
BB
330
1F
100
AcDbEntity
  8
Системный слой (1)
  6
K5LT_BASIC
 62
     5
420
      255
370
    60
100
AcDbLine
 10
140.565196796006
 20
220.7084014793312
 30
0.0
 11
140.565200324639
 21
207.2557403982703
 31
0.0
  0
LINE
  5
BC
330
1F
100
AcDbEntity
  8
Системный слой (1)
  6
K5LT_BASIC
 62
     5
420
      255
370
    60
100
AcDbLine
 10
96.77458799299028
 20
158.9585530339078
 30
0.0
 11
96.7370880175809
 21
158.8648030240715
 31
0.0
  0
LINE
  5
BD
330
1F
100
AcDbEntity
  8
Системный слой (1)
  6
K5LT_BASIC
 62
     5
420
      255
370
    60
100
AcDbLine
 10
102.0808379290543
 20
159.2023044257372
 30
0.0
 11
102.1933379142999
 21
159.2585544552459
 31
0.0
  0
LINE
  5
BE
330
1F
100
AcDbEntity
  8
Системный слой (1)
  6
K5LT_BASIC
 62
     5
420
      255
370
    60
100
AcDbLine
 10
94.03708810118924
 20
158.5460523158616
 30
0.0
 11
94.11208808643482
 21
158.6023023355341
 31
0.0
  0
LINE
  5
BF
330
1F
100
AcDbEntity
  8
Системный слой (1)
  6
K5LT_BASIC
 62
     5
420
      255
370
    60
100
AcDbLine
 10
103.0852138225136
 20
155.7960546891849
 30
0.0
 11
103.0852145044936
 21
153.1960546891849
 31
0.0
  0
LINE
  5
C0
330
1F
100
AcDbEntity
  8
Системный слой (1)
  6
K5LT_BASIC
 62
     5
420
      255
370
    60
100
AcDbLine
 10
77.49784257343129
 20
216.6320543962353
 30
0.0
 11
77.49784155046129
 21
220.5320543962352
 31
0.0
  0
LINE
  5
C1
330
1F
100
AcDbEntity
  8
Системный слой (1)
  6
K5LT_BASIC
 62
     5
420
      255
370
    60
100
AcDbLine
 10
100.7120879093819
 20
159.277304066714
 30
0.0
 11
100.8245879044638
 21
159.2960540962228
 31
0.0
  0
LINE
  5
C2
330
1F
100
AcDbEntity
  8
Системный слой (1)
  6
K5LT_BASIC
 62
     5
420
      255
370
    60
100
AcDbLine
 10
117.4325545472178
 20
211.3320648711095
 30
0.0
 11
118.1651992554171
 21
211.3320650632822
 31
0.0
  0
LINE
  5
C3
330
1F
100
AcDbEntity
  8
Системный слой (1)
  6
K5LT_BASIC
 62
     5
420
      255
370
    60
100
AcDbLine
 10
55.11521065235569
 20
167.8820485252282
 30
0.0
 11
55.11521007529569
 21
170.0820485252281
 31
0.0
  0
LINE
  5
C4
330
1F
100
AcDbEntity
  8
Системный слой (1)
  6
K5LT_BASIC
 62
     5
420
      255
370
    60
100
AcDbLine
 10
102.7277144192461
 20
153.5210545954127
 30
0.0
 11
102.7277141805531
 21
154.4310545954126
 31
0.0
  0
LINE
  5
C5
330
1F
100
AcDbEntity
  8
Системный слой (1)
  6
K5LT_BASIC
 62
     5
420
      255
370
    60
100
AcDbLine
 10
91.64521382251438
 20
155.7960516884729
 30
0.0
 11
91.97021382251437
 21
155.7960517737204
 31
0.0
  0
LINE
  5
C6
330
1F
100
AcDbEntity
  8
Системный слой (1)
  6
K5LT_BASIC
 62
     5
420
      255
370
    60
100
AcDbLine
 10
93.66208828315986
 20
157.8523022174991
 30
0.0
 11
93.6058382733236
 21
157.8898022027447
 31
0.0
  0
LINE
  5
C7
330
1F
100
AcDbEntity
  8
Системный слой (1)
  6
K5LT_BASIC
 62
     5
420
      255
370
    60
100
AcDbLine
 10
100.6802141379295
 20
154.5935540583535
 30
0.0
 11
100.680214189078
 21
154.3985540583534
 31
0.0
  0
LINE
  5
C8
330
1F
100
AcDbEntity
  8
Системный слой (1)
  6
K5LT_BASIC
 62
     5
420
      255
370
    60
100
AcDbLine
 10
118.165207308027
 20
180.6320650633598
 30
0.0
 11
118.165208698217
 21
175.3320650633595
 31
0.0
  0
LINE
  5
C9
330
1F
100
AcDbEntity
  8
Системный слой (1)
  6
K5LT_BASIC
 62
     5
420
      255
370
    60
100
AcDbLine
 10
95.23708829791413
 20
157.7960526306216
 30
0.0
 11
95.237088253651
 21
157.9648026306216
 31
0.0
  0
LINE
  5
CA
330
1F
100
AcDbEntity
  8
Системный слой (1)
  6
K5LT_BASIC
 62
     5
420
      255
370
    60
100
AcDbLine
 10
103.0852145044936
 20
153.1960546891849
 30
0.0
 11
101.9477145044937
 21
153.1960543908187
 31
0.0
  0
LINE
  5
CB
330
1F
100
AcDbEntity
  8
Системный слой (1)
  6
K5LT_BASIC
 62
     5
420
      255
370
    60
100
AcDbLine
 10
140.5651896814675
 20
247.8320709388396
 30
0.0
 11
140.565190881839
 21
243.2557403982706
 31
0.0
  0
LINE
  5
CC
330
1F
100
AcDbEntity
  8
Системный слой (1)
  6
K5LT_BASIC
 62
     5
420
      255
370
    60
100
AcDbLine
 10
117.4325474126578
 20
238.5320648711855
 30
0.0
 11
118.1651921208571
 21
238.5320650633583
 31
0.0
  0
LINE
  5
CD
330
1F
100
AcDbEntity
  8
Системный слой (1)
  6
K5LT_BASIC
 62
     5
420
      255
370
    60
100
AcDbLine
 10
100.9370879585631
 20
159.0898041257316
 30
0.0
 11
100.8245879585631
 21
159.0898040962228
 31
0.0
  0
LINE
  5
CE
330
1F
100
AcDbEntity
  8
Системный слой (1)
  6
K5LT_BASIC
 62
     5
420
      255
370
    60
100
AcDbLine
 10
94.18708792905483
 20
159.2023023552065
 30
0.0
 11
94.24333794380918
 21
159.1460523699609
 31
0.0
  0
LINE
  5
CF
330
1F
100
AcDbEntity
  8
Системный слой (1)
  6
K5LT_BASIC
 62
     5
420
      255
370
    60
100
AcDbLine
 10
139.6251913444504
 20
240.9920706922782
 30
0.0
 11
139.6251913496964
 21
240.9720706922782
 31
0.0
  0
LINE
  5
D0
330
1F
100
AcDbEntity
  8
Системный слой (1)
  6
K5LT_BASIC
 62
     5
420
      255
370
    60
100
AcDbLine
 10
120.0652035702537
 20
194.8820655617303
 30
0.0
 11
129.385620391691
 21
194.8820680064756
 31
0.0
  0
LINE
  5
D1
330
1F
100
AcDbEntity
  8
Системный слой (1)
  6
K5LT_BASIC
 62
     5
420
      255
370
    60
100
AcDbLine
 10
76.5651992554261
 20
211.3320541516022
 30
0.0
 11
77.49784396362129
 21
211.3320543962349
 31
0.0
  0
LINE
  5
D2
330
1F
100
AcDbEntity
  8
Системный слой (1)
  6
K5LT_BASIC
 62
     5
420
      255
370
    60
100
AcDbLine
 10
100.5808379192182
 20
159.2398040322872
 30
0.0
 11
100.7120879093819
 21
159.277304066714
 31
0.0
  0
LINE
  5
D3
330
1F
100
AcDbEntity
  8
Системный слой (1)
  6
K5LT_BASIC
 62
     5
420
      255
370
    60
100
AcDbLine
 10
96.68083794380905
 20
159.1460530093172
 30
0.0
 11
96.73708792905465
 21
159.2023030240715
 31
0.0
  0
LINE
  5
D4
330
1F
100
AcDbEntity
  8
Системный слой (1)
  6
K5LT_BASIC
 62
     5
420
      255
370
    60
100
AcDbLine
 10
100.8245879585631
 20
159.0898040962228
 30
0.0
 11
100.7120879634813
 21
159.0710540667141
 31
0.0
  0
LINE
  5
D5
330
1F
100
AcDbEntity
  8
Системный слой (1)
  6
K5LT_BASIC
 62
     5
420
      255
370
    60
100
AcDbLine
 10
101.3627144362957
 20
153.4560542373732
 30
0.0
 11
101.2327143851472
 21
153.6510542032742
 31
0.0
  0
LINE
  5
D6
330
1F
100
AcDbEntity
  8
Системный слой (1)
  6
K5LT_BASIC
 62
     5
420
      255
370
    60
100
AcDbLine
 10
97.09333790446401
 20
159.2960531175159
 30
0.0
 11
97.16833790938212
 21
159.2773031371884
 31
0.0
  0
LINE
  5
D7
330
1F
100
AcDbEntity
  8
Системный слой (1)
  6
K5LT_BASIC
 62
     5
420
      255
370
    60
100
AcDbLine
 10
96.03271386513781
 20
155.6335528393141
 30
0.0
 11
96.22771383956358
 21
155.7310528904626
 31
0.0
  0
LINE
  5
D8
330
1F
100
AcDbEntity
  8
Системный слой (1)
  6
K5LT_BASIC
 62
     5
420
      255
370
    60
100
AcDbLine
 10
139.6251913496964
 20
240.9720706922782
 30
0.0
 11
139.6151913496964
 21
240.9720706896552
 31
0.0
  0
LINE
  5
D9
330
1F
100
AcDbEntity
  8
Системный слой (1)
  6
K5LT_BASIC
 62
     5
420
      255
370
    60
100
AcDbLine
 10
96.13021447039509
 20
153.3260528648884
 30
0.0
 11
96.00021443629608
 21
153.4560528307894
 31
0.0
  0
LINE
  5
DA
330
1F
100
AcDbEntity
  8
Системный слой (1)
  6
K5LT_BASIC
 62
     5
420
      255
370
    60
100
AcDbLine
 10
55.10521479669569
 20
152.0820485226839
 30
0.0
 11
55.10521537375569
 21
149.882048522684
 31
0.0
  0
LINE
  5
DB
330
1F
100
AcDbEntity
  8
Системный слой (1)
  6
K5LT_BASIC
 62
     5
420
      255
370
    60
100
AcDbLine
 10
90.56833790446446
 20
159.2960514060084
 30
0.0
 11
90.56833796348195
 21
159.0710514060084
 31
0.0
  0
LINE
  5
DC
330
1F
100
AcDbEntity
  8
Системный слой (1)
  6
K5LT_BASIC
 62
     5
420
      255
370
    60
100
AcDbLine
 10
118.165204999787
 20
189.4320650633596
 30
0.0
 11
117.4325602915878
 21
189.4320648711868
 31
0.0
  0
CIRCLE
  5
DD
330
1F
100
AcDbEntity
  8
Системный слой (1)
  6
K5LT_BASIC
 62
     5
420
      255
370
    60
100
AcDbCircle
 10
107.5252156675298
 20
148.7620622724494
 30
0.0
 40
0.4999999999999914
  0
LINE
  5
DE
330
1F
100
AcDbEntity
  8
Системный слой (1)
  6
K5LT_BASIC
 62
     5
420
      255
370
    60
100
AcDbLine
 10
91.90521450449437
 20
153.1960517566709
 30
0.0
 11
91.64521450449439
 21
153.1960516884729
 31
0.0
  0
LINE
  5
DF
330
1F
100
AcDbEntity
  8
Системный слой (1)
  6
K5LT_BASIC
 62
     5
420
      255
370
    60
100
AcDbLine
 10
100.2902142487513
 20
154.1710539560564
 30
0.0
 11
100.322714189078
 21
154.3985539645812
 31
0.0
  0
ARC
  5
E0
330
1F
100
AcDbEntity
  8
Системный слой (1)
  6
K5LT_BASIC
 62
     5
420
      255
370
    60
100
AcDbCircle
 10
140.8152153737533
 20
149.882071004417
 30
0.0
 40
1.18999999999998
100
AcDbArc
 50
180.0000150286834
 51
257.8727381556306
  0
ARC
  5
E1
330
1F
100
AcDbEntity
  8
Системный слой (1)
  6
K5LT_BASIC
 62
     5
420
      255
370
    60
100
AcDbCircle
 10
140.8152006324933
 20
206.082071004415
 30
0.0
 40
1.18999999999998
100
AcDbArc
 50
102.1272919017327
 51
180.0000150286832
  0
LINE
  5
E2
330
1F
100
AcDbEntity
  8
Системный слой (1)
  6
K5LT_BASIC
 62
     5
420
      255
370
    60
100
AcDbLine
 10
99.54271450449384
 20
153.1960537599872
 30
0.0
 11
99.34771450449388
 21
153.1960537088387
 31
0.0
  0
LINE
  5
E3
330
1F
100
AcDbEntity
  8
Системный слой (1)
  6
K5LT_BASIC
 62
     5
420
      255
370
    60
100
AcDbLine
 10
96.58708821922401
 20
158.0960529847266
 30
0.0
 11
96.5495881946334
 21
158.1898029748903
 31
0.0
  0
LINE
  5
E4
330
1F
100
AcDbEntity
  8
Системный слой (1)
  6
K5LT_BASIC
 62
     5
420
      255
370
    60
100
AcDbLine
 10
74.66518968147449
 20
247.8320536532696
 30
0.0
 11
54.1651896814716
 21
247.8320482761196
 31
0.0
  0
LINE
  5
E5
330
1F
100
AcDbEntity
  8
Системный слой (1)
  6
K5LT_BASIC
 62
     5
420
      255
370
    60
100
AcDbLine
 10
98.19958823889644
 20
158.0210534076853
 30
0.0
 11
98.12458824873269
 21
157.9835533880128
 31
0.0
  0
LINE
  5
E6
330
1F
100
AcDbEntity
  8
Системный слой (1)
  6
K5LT_BASIC
 62
     5
420
      255
370
    60
100
AcDbLine
 10
76.5652039768261
 20
193.3320541516794
 30
0.0
 11
76.56520258663609
 21
198.6320541516809
 31
0.0
  0
INSERT
  5
E8
330
1F
100
AcDbEntity
  8
Системный слой (1)
100
AcDbBlockReference
  2
U0
 10
0.0
 20
0.0
 30
0.0
  0
CIRCLE
  5
ED
330
1F
100
AcDbEntity
  8
Системный слой (1)
  6
K5LT_BASIC
 62
     5
420
      255
370
    60
100
AcDbCircle
 10
94.82521500128867
 20
151.3020589412393
 30
0.0
 40
0.4999999999999914
  0
LINE
  5
EE
330
1F
100
AcDbEntity
  8
Системный слой (1)
  6
K5LT_BASIC
 62
     5
420
      255
370
    60
100
AcDbLine
 10
100.4120881602063
 20
158.3210539880241
 30
0.0
 11
100.4683381946331
 21
158.1898040027785
 31
0.0
  0
ARC
  5
EF
330
1F
100
AcDbEntity
  8
Системный слой (1)
  6
K5LT_BASIC
 62
     5
420
      255
370
    60
100
AcDbCircle
 10
129.8652032554922
 20
195.9820681322702
 30
0.0
 40
1.19999999999998
100
AcDbArc
 50
113.5564793377857
 51
246.4435507195839
  0
CIRCLE
  5
F0
330
1F
100
AcDbEntity
  8
Системный слой (1)
  6
K5LT_BASIC
 62
     5
420
      255
370
    60
100
AcDbCircle
 10
104.98521566753
 20
148.7620616062073
 30
0.0
 40
0.4999999999999914
  0
LINE
  5
F1
330
1F
100
AcDbEntity
  8
Системный слой (1)
  6
K5LT_BASIC
 62
     5
420
      255
370
    60
100
AcDbLine
 10
96.5495881946334
 20
158.1898029748903
 30
0.0
 11
96.53083816512469
 21
158.3023029699721
 31
0.0
  0
LINE
  5
F2
330
1F
100
AcDbEntity
  8
Системный слой (1)
  6
K5LT_BASIC
 62
     5
420
      255
370
    60
100
AcDbLine
 10
96.5308380372534
 20
158.7898029699721
 30
0.0
 11
96.54958800774465
 21
158.9023029748903
 31
0.0
  0
LINE
  5
F3
330
1F
100
AcDbEntity
  8
Системный слой (1)
  6
K5LT_BASIC
 62
     5
420
      255
370
    60
100
AcDbLine
 10
55.1051911896957
 20
242.0820485226826
 30
0.0
 11
55.10519176675569
 21
239.8820485226822
 31
0.0
  0
LINE
  5
F4
330
1F
100
AcDbEntity
  8
Системный слой (1)
  6
K5LT_BASIC
 62
     5
420
      255
370
    60
100
AcDbLine
 10
101.16208822906
 20
158.0585541847491
 30
0.0
 11
101.2183382192237
 21
158.0960541995035
 31
0.0
  0
LINE
  5
F5
330
1F
100
AcDbEntity
  8
Системный слой (1)
  6
K5LT_BASIC
 62
     5
420
      255
370
    60
100
AcDbLine
 10
93.54958812086176
 20
158.4710521879903
 30
0.0
 11
93.49333810118927
 21
158.5460521732359
 31
0.0
  0
LINE
  5
F6
330
1F
100
AcDbEntity
  8
Системный слой (1)
  6
K5LT_BASIC
 62
     5
420
      255
370
    60
100
AcDbLine
 10
98.06833826348708
 20
157.9273033732585
 30
0.0
 11
98.01208828315957
 21
157.8523033585041
 31
0.0
  0
LINE
  5
F7
330
1F
100
AcDbEntity
  8
Системный слой (1)
  6
K5LT_BASIC
 62
     5
420
      255
370
    60
100
AcDbLine
 10
101.2745882044693
 20
158.1523042142578
 30
0.0
 11
101.3308381798787
 21
158.2460542290122
 31
0.0
  0
LINE
  5
F8
330
1F
100
AcDbEntity
  8
Системный слой (1)
  6
K5LT_BASIC
 62
     5
420
      255
370
    60
100
AcDbLine
 10
102.118338037253
 20
158.7898044355734
 30
0.0
 11
102.1370880569255
 21
158.7148044404915
 31
0.0
  0
LINE
  5
F9
330
1F
100
AcDbEntity
  8
Системный слой (1)
  6
K5LT_BASIC
 62
     5
420
      255
370
    60
100
AcDbLine
 10
97.09333824873275
 20
157.983553117516
 30
0.0
 11
97.16833823889651
 21
158.0210531371885
 31
0.0
  0
INSERT
  5
FB
330
1F
100
AcDbEntity
  8
Системный слой (1)
100
AcDbBlockReference
  2
U1
 10
0.0
 20
0.0
 30
0.0
  0
LINE
  5
100
330
1F
100
AcDbEntity
  8
Системный слой (1)
  6
K5LT_BASIC
 62
     5
420
      255
370
    60
100
AcDbLine
 10
96.19521430842481
 20
153.9435528819379
 30
0.0
 11
96.19521434252381
 21
153.8135528819379
 31
0.0
  0
LINE
  5
101
330
1F
100
AcDbEntity
  8
Системный слой (1)
  6
K5LT_BASIC
 62
     5
420
      255
370
    60
100
AcDbLine
 10
99.73771449596902
 20
153.2285538111357
 30
0.0
 11
99.54271450449384
 21
153.1960537599872
 31
0.0
  0
LINE
  5
102
330
1F
100
AcDbEntity
  8
Системный слой (1)
  6
K5LT_BASIC
 62
     5
420
      255
370
    60
100
AcDbLine
 10
76.56521100646609
 20
166.5320541516803
 30
0.0
 11
76.5652097211961
 21
171.4320541516797
 31
0.0
  0
LINE
  5
103
330
1F
100
AcDbEntity
  8
Системный слой (1)
  6
K5LT_BASIC
 62
     5
420
      255
370
    60
100
AcDbLine
 10
101.5745881503699
 20
158.3585542929478
 30
0.0
 11
101.5183381946331
 21
158.1898042781934
 31
0.0
  0
LINE
  5
104
330
1F
100
AcDbEntity
  8
Системный слой (1)
  6
K5LT_BASIC
 62
     5
420
      255
370
    60
100
AcDbLine
 10
100.1870880618438
 20
158.6960539290066
 30
0.0
 11
100.2433380126625
 21
158.883553943761
 31
0.0
  0
LINE
  5
105
330
1F
100
AcDbEntity
  8
Системный слой (1)
  6
K5LT_BASIC
 62
     5
420
      255
370
    60
100
AcDbLine
 10
98.0308381897152
 20
158.2085533634222
 30
0.0
 11
98.38708818971516
 21
158.2085534568666
 31
0.0
  0
LINE
  5
106
330
1F
100
AcDbEntity
  8
Системный слой (1)
  6
K5LT_BASIC
 62
     5
420
      255
370
    60
100
AcDbLine
 10
76.56521572786609
 20
148.5320541516826
 30
0.0
 11
77.4978604360613
 21
148.5320543963154
 31
0.0
  0
LINE
  5
107
330
1F
100
AcDbEntity
  8
Системный слой (1)
  6
K5LT_BASIC
 62
     5
420
      255
370
    60
100
AcDbLine
 10
102.0620881306974
 20
158.4335544208191
 30
0.0
 11
102.0995881208612
 21
158.4710544306553
 31
0.0
  0
LINE
  5
108
330
1F
100
AcDbEntity
  8
Системный слой (1)
  6
K5LT_BASIC
 62
     5
420
      255
370
    60
100
AcDbLine
 10
94.33708798315419
 20
158.9960523945515
 30
0.0
 11
94.37458800774482
 21
158.9023024043878
 31
0.0
  0
LINE
  5
109
330
1F
100
AcDbEntity
  8
Системный слой (1)
  6
K5LT_BASIC
 62
     5
420
      255
370
    60
100
AcDbLine
 10
101.9683382044693
 20
158.1523043962285
 30
0.0
 11
101.9683381847968
 21
158.2273043962285
 31
0.0
  0
LINE
  5
10A
330
1F
100
AcDbEntity
  8
Системный слой (1)
  6
K5LT_BASIC
 62
     5
420
      255
370
    60
100
AcDbLine
 10
94.4120880815167
 20
158.621052414224
 30
0.0
 11
94.4120881208617
 21
158.4710524142241
 31
0.0
  0
LINE
  5
10B
330
1F
100
AcDbEntity
  8
Системный слой (1)
  6
K5LT_BASIC
 62
     5
420
      255
370
    60
100
AcDbLine
 10
129.8652035964822
 20
194.7820681322702
 30
0.0
 11
138.2915341370613
 21
194.7820703424967
 31
0.0
  0
LINE
  5
10C
330
1F
100
AcDbEntity
  8
Системный слой (1)
  6
K5LT_BASIC
 62
     5
420
      255
370
    60
100
AcDbLine
 10
102.3620880962705
 20
158.5648044995091
 30
0.0
 11
102.8495880962705
 21
158.5648046273803
 31
0.0
  0
LINE
  5
10D
330
1F
100
AcDbEntity
  8
Системный слой (1)
  6
K5LT_BASIC
 62
     5
420
      255
370
    60
100
AcDbLine
 10
94.3933381651248
 20
158.3023024093059
 30
0.0
 11
94.37458819463357
 21
158.1898024043879
 31
0.0
  0
LINE
  5
10E
330
1F
100
AcDbEntity
  8
Системный слой (1)
  6
K5LT_BASIC
 62
     5
420
      255
370
    60
100
AcDbLine
 10
94.18708818479732
 20
158.2273023552066
 30
0.0
 11
94.22458811594358
 21
158.4898023650428
 31
0.0
  0
LINE
  5
10F
330
1F
100
AcDbEntity
  8
Системный слой (1)
  6
K5LT_BASIC
 62
     5
420
      255
370
    60
100
AcDbLine
 10
76.56519684226609
 20
220.5320541516025
 30
0.0
 11
76.56519555699609
 21
225.4320541516017
 31
0.0
  0
LINE
  5
110
330
1F
100
AcDbEntity
  8
Системный слой (1)
  6
K5LT_BASIC
 62
     5
420
      255
370
    60
100
AcDbLine
 10
54.1651956059254
 20
225.2454914418211
 30
0.0
 11
54.16519679332769
 21
220.7186051102619
 31
0.0
  0
LINE
  5
111
330
1F
100
AcDbEntity
  8
Системный слой (1)
  6
K5LT_BASIC
 62
     5
420
      255
370
    60
100
AcDbLine
 10
96.13021398448433
 20
155.1785528648884
 30
0.0
 11
96.09771401858332
 21
155.0485528563636
 31
0.0
  0
LINE
  5
112
330
1F
100
AcDbEntity
  8
Системный слой (1)
  6
K5LT_BASIC
 62
     5
420
      255
370
    60
100
AcDbLine
 10
103.0558379044636
 20
159.2960546814797
 30
0.0
 11
103.0558382979136
 21
157.7960546814797
 31
0.0
  0
LINE
  5
113
330
1F
100
AcDbEntity
  8
Системный слой (1)
  6
K5LT_BASIC
 62
     5
420
      255
370
    60
100
AcDbLine
 10
101.3627141635037
 20
154.4960542373731
 30
0.0
 11
101.4927141294047
 21
154.6260542714721
 31
0.0
  0
LINE
  5
114
330
1F
100
AcDbEntity
  8
Системный слой (1)
  6
K5LT_BASIC
 62
     5
420
      255
370
    60
100
AcDbLine
 10
97.26208828315966
 20
157.8523031617791
 30
0.0
 11
97.16833829299588
 21
157.8148031371885
 31
0.0
  0
ARC
  5
115
330
1F
100
AcDbEntity
  8
Системный слой (1)
  6
K5LT_BASIC
 62
     5
420
      255
370
    60
100
AcDbCircle
 10
140.8151959110933
 20
224.0820710043364
 30
0.0
 40
1.199999999999979
100
AcDbArc
 50
102.0247142092887
 51
180.0000150286825
  0
LINE
  5
116
330
1F
100
AcDbEntity
  8
Системный слой (1)
  6
K5LT_BASIC
 62
     5
420
      255
370
    60
100
AcDbLine
 10
74.66518968147449
 20
247.8320536532696
 30
0.0
 11
74.6652029931995
 21
197.0820536533101
 31
0.0
  0
LINE
  5
117
330
1F
100
AcDbEntity
  8
Системный слой (1)
  6
K5LT_BASIC
 62
     5
420
      255
370
    60
100
AcDbLine
 10
118.165212029427
 20
162.6320650633605
 30
0.0
 11
118.165213419617
 21
157.3320650633624
 31
0.0
  0
LINE
  5
118
330
1F
100
AcDbEntity
  8
Системный слой (1)
  6
K5LT_BASIC
 62
     5
420
      255
370
    60
100
AcDbLine
 10
54.16518985196659
 20
245.6820482761196
 30
0.0
 11
54.16519027164659
 21
244.1820482761196
 31
0.0
  0
LINE
  5
119
330
1F
100
AcDbEntity
  8
Системный слой (1)
  6
K5LT_BASIC
 62
     5
420
      255
370
    60
100
AcDbLine
 10
94.74958786511917
 20
159.4460525027503
 30
0.0
 11
94.78708785036478
 21
159.5023025125865
 31
0.0
  0
LINE
  5
11A
330
1F
100
AcDbEntity
  8
Системный слой (1)
  6
K5LT_BASIC
 62
     5
420
      255
370
    60
100
AcDbLine
 10
76.56521100646609
 20
166.5320541516803
 30
0.0
 11
77.4978557146613
 21
166.5320543963131
 31
0.0
  0
LINE
  5
11B
330
1F
100
AcDbEntity
  8
Системный слой (1)
  6
K5LT_BASIC
 62
     5
420
      255
370
    60
100
AcDbLine
 10
55.1152102300527
 20
168.9920485252281
 30
0.0
 11
55.10521023005269
 21
168.9920485226051
 31
0.0
  0
LINE
  5
11C
330
1F
100
AcDbEntity
  8
Системный слой (1)
  6
K5LT_BASIC
 62
     5
420
      255
370
    60
100
AcDbLine
 10
96.39021424022684
 20
154.2035529330864
 30
0.0
 11
96.29271425727633
 21
154.1385529075122
 31
0.0
  0
LINE
  5
11D
330
1F
100
AcDbEntity
  8
Системный слой (1)
  6
K5LT_BASIC
 62
     5
420
      255
370
    60
100
AcDbLine
 10
101.5933381159431
 20
158.489804297866
 30
0.0
 11
101.5745881503699
 21
158.3585542929478
 31
0.0
  0
LINE
  5
11E
330
1F
100
AcDbEntity
  8
Системный слой (1)
  6
K5LT_BASIC
 62
     5
420
      255
370
    60
100
AcDbLine
 10
54.16520384567159
 20
193.8320482761209
 30
0.0
 11
55.2652038456707
 21
193.8320485647296
 31
0.0
  0
LINE
  5
11F
330
1F
100
AcDbEntity
  8
Системный слой (1)
  6
K5LT_BASIC
 62
     5
420
      255
370
    60
100
AcDbLine
 10
100.3745882487325
 20
157.9835539781878
 30
0.0
 11
100.2808382093875
 21
158.1335539535972
 31
0.0
  0
LINE
  5
120
330
1F
100
AcDbEntity
  8
Системный слой (1)
  6
K5LT_BASIC
 62
     5
420
      255
370
    60
100
AcDbLine
 10
54.16520977012539
 20
171.2454914418228
 30
0.0
 11
54.16521095752769
 21
166.7186051102635
 31
0.0
  0
LINE
  5
121
330
1F
100
AcDbEntity
  8
Системный слой (1)
  6
K5LT_BASIC
 62
     5
420
      255
370
    60
100
AcDbLine
 10
94.29958796348168
 20
159.0710523847153
 30
0.0
 11
94.33708798315419
 21
158.9960523945515
 31
0.0
  0
LINE
  5
122
330
1F
100
AcDbEntity
  8
Системный слой (1)
  6
K5LT_BASIC
 62
     5
420
      255
370
    60
100
AcDbLine
 10
102.2683380913524
 20
158.5835544749184
 30
0.0
 11
102.3620880962705
 21
158.5648044995091
 31
0.0
  0
LINE
  5
123
330
1F
100
AcDbEntity
  8
Системный слой (1)
  6
K5LT_BASIC
 62
     5
420
      255
370
    60
100
AcDbLine
 10
97.54333808151647
 20
158.621053235551
 30
0.0
 11
97.54333812086146
 21
158.471053235551
 31
0.0
  0
LINE
  5
124
330
1F
100
AcDbEntity
  8
Системный слой (1)
  6
K5LT_BASIC
 62
     5
420
      255
370
    60
100
AcDbLine
 10
95.81833810118901
 20
158.5460527830833
 30
0.0
 11
95.70583816020664
 21
158.3210527535748
 31
0.0
  0
CIRCLE
  5
125
330
1F
100
AcDbEntity
  8
Системный слой (1)
  6
K5LT_BASIC
 62
     5
420
      255
370
    60
100
AcDbCircle
 10
89.74521500128901
 20
151.3020576087553
 30
0.0
 40
0.4999999999999914
  0
LINE
  5
126
330
1F
100
AcDbEntity
  8
Системный слой (1)
  6
K5LT_BASIC
 62
     5
420
      255
370
    60
100
AcDbLine
 10
94.4120881208617
 20
158.4710524142241
 30
0.0
 11
94.3933381651248
 21
158.3023024093059
 31
0.0
  0
LINE
  5
127
330
1F
100
AcDbEntity
  8
Системный слой (1)
  6
K5LT_BASIC
 62
     5
420
      255
370
    60
100
AcDbLine
 10
94.18708804708983
 20
158.7523023552066
 30
0.0
 11
94.18708801758108
 21
158.8648023552065
 31
0.0
  0
LINE
  5
128
330
1F
100
AcDbEntity
  8
Системный слой (1)
  6
K5LT_BASIC
 62
     5
420
      255
370
    60
100
AcDbLine
 10
118.1651955569871
 20
225.4320650632817
 30
0.0
 11
118.1651968422571
 21
220.5320650632825
 31
0.0
  0
LINE
  5
129
330
1F
100
AcDbEntity
  8
Системный слой (1)
  6
K5LT_BASIC
 62
     5
420
      255
370
    60
100
AcDbLine
 10
97.36521391628624
 20
155.4385531888289
 30
0.0
 11
96.52021391628631
 21
155.4385529671854
 31
0.0
  0
LINE
  5
12A
330
1F
100
AcDbEntity
  8
Системный слой (1)
  6
K5LT_BASIC
 62
     5
420
      255
370
    60
100
AcDbLine
 10
101.4433382241419
 20
158.077304258521
 30
0.0
 11
101.3683382487325
 21
157.9835542388485
 31
0.0
  0
LINE
  5
12B
330
1F
100
AcDbEntity
  8
Системный слой (1)
  6
K5LT_BASIC
 62
     5
420
      255
370
    60
100
AcDbLine
 10
55.10521023529869
 20
168.9720485226051
 30
0.0
 11
55.1152102352987
 21
168.9720485252281
 31
0.0
  0
LINE
  5
12C
330
1F
100
AcDbEntity
  8
Системный слой (1)
  6
K5LT_BASIC
 62
     5
420
      255
370
    60
100
AcDbLine
 10
117.4325451699928
 20
247.0820648711466
 30
0.0
 11
117.4325461273878
 21
243.4320648711856
 31
0.0
  0
ARC
  5
12D
330
1F
100
AcDbEntity
  8
Системный слой (1)
  6
K5LT_BASIC
 62
     5
420
      255
370
    60
100
AcDbCircle
 10
140.8152147966933
 20
152.0820710044168
 30
0.0
 40
1.19999999999998
100
AcDbArc
 50
102.0247142092881
 51
180.0000150286829
  0
LINE
  5
12E
330
1F
100
AcDbEntity
  8
Системный слой (1)
  6
K5LT_BASIC
 62
     5
420
      255
370
    60
100
AcDbLine
 10
64.86520296696669
 20
197.1820510827702
 30
0.0
 11
56.4388724263877
 21
197.1820488725437
 31
0.0
  0
LINE
  5
12F
330
1F
100
AcDbEntity
  8
Системный слой (1)
  6
K5LT_BASIC
 62
     5
420
      255
370
    60
100
AcDbLine
 10
98.6002140953059
 20
154.7560535127694
 30
0.0
 11
98.24271409530593
 21
154.7560534189971
 31
0.0
  0
LINE
  5
130
330
1F
100
AcDbEntity
  8
Системный слой (1)
  6
K5LT_BASIC
 62
     5
420
      255
370
    60
100
AcDbLine
 10
96.79333828315964
 20
157.852303038826
 30
0.0
 11
96.73708827332341
 21
157.8898030240716
 31
0.0
  0
LINE
  5
131
330
1F
100
AcDbEntity
  8
Системный слой (1)
  6
K5LT_BASIC
 62
     5
420
      255
370
    60
100
AcDbLine
 10
117.4325568554578
 20
202.5320648711881
 30
0.0
 11
118.1652015636571
 21
202.5320650633608
 31
0.0
  0
LINE
  5
132
330
1F
100
AcDbEntity
  8
Системный слой (1)
  6
K5LT_BASIC
 62
     5
420
      255
370
    60
100
AcDbLine
 10
140.5652168819775
 20
144.1320709388426
 30
0.0
 11
120.0652168819787
 21
144.1320655616926
 31
0.0
  0
LINE
  5
133
330
1F
100
AcDbEntity
  8
Системный слой (1)
  6
K5LT_BASIC
 62
     5
420
      255
370
    60
100
AcDbLine
 10
55.1152147966957
 20
152.0820485253069
 30
0.0
 11
55.1152153737557
 21
149.882048525307
 31
0.0
  0
LINE
  5
134
330
1F
100
AcDbEntity
  8
Системный слой (1)
  6
K5LT_BASIC
 62
     5
420
      255
370
    60
100
AcDbLine
 10
94.9370878552829
 20
159.4835525519315
 30
0.0
 11
94.89958786020104
 21
159.4648025420953
 31
0.0
  0
LINE
  5
135
330
1F
100
AcDbEntity
  8
Системный слой (1)
  6
K5LT_BASIC
 62
     5
420
      255
370
    60
100
AcDbLine
 10
97.33708807168024
 20
158.6585531814515
 30
0.0
 11
97.31833801758086
 21
158.8648031765334
 31
0.0
  0
LINE
  5
136
330
1F
100
AcDbEntity
  8
Системный слой (1)
  6
K5LT_BASIC
 62
     5
420
      255
370
    60
100
AcDbLine
 10
101.4927144703947
 20
153.3260542714722
 30
0.0
 11
101.3627144362957
 21
153.4560542373732
 31
0.0
  0
LINE
  5
137
330
1F
100
AcDbEntity
  8
Системный слой (1)
  6
K5LT_BASIC
 62
     5
420
      255
370
    60
100
AcDbLine
 10
102.2495882929955
 20
157.8148044700003
 30
0.0
 11
102.1370882782412
 21
157.8710544404916
 31
0.0
  0
LINE
  5
138
330
1F
100
AcDbEntity
  8
Системный слой (1)
  6
K5LT_BASIC
 62
     5
420
      255
370
    60
100
AcDbLine
 10
97.16833829299588
 20
157.8148031371885
 30
0.0
 11
97.09333829791399
 21
157.796053117516
 31
0.0
  0
LINE
  5
139
330
1F
100
AcDbEntity
  8
Системный слой (1)
  6
K5LT_BASIC
 62
     5
420
      255
370
    60
100
AcDbLine
 10
94.11208797823609
 20
159.0148023355341
 30
0.0
 11
94.03708796348171
 21
159.0710523158616
 31
0.0
  0
LINE
  5
13A
330
1F
100
AcDbEntity
  8
Системный слой (1)
  6
K5LT_BASIC
 62
     5
420
      255
370
    60
100
AcDbLine
 10
94.14958820938796
 20
158.1335523453703
 30
0.0
 11
94.18708818479732
 21
158.2273023552066
 31
0.0
  0
LINE
  5
13B
330
1F
100
AcDbEntity
  8
Системный слой (1)
  6
K5LT_BASIC
 62
     5
420
      255
370
    60
100
AcDbLine
 10
102.2870882438143
 20
158.0023044798366
 30
0.0
 11
102.3620882487324
 21
157.9835544995091
 31
0.0
  0
LINE
  5
13C
330
1F
100
AcDbEntity
  8
Системный слой (1)
  6
K5LT_BASIC
 62
     5
420
      255
370
    60
100
AcDbLine
 10
91.61833790446438
 20
159.2960516814234
 30
0.0
 11
91.61833796348188
 21
159.0710516814234
 31
0.0
  0
LINE
  5
13D
330
1F
100
AcDbEntity
  8
Системный слой (1)
  6
K5LT_BASIC
 62
     5
420
      255
370
    60
100
AcDbLine
 10
95.79958790446409
 20
159.2960527781653
 30
0.0
 11
96.02458790446407
 21
159.2960528371828
 31
0.0
  0
LINE
  5
13E
330
1F
100
AcDbEntity
  8
Системный слой (1)
  6
K5LT_BASIC
 62
     5
420
      255
370
    60
100
AcDbLine
 10
93.75583829299612
 20
157.8148022420897
 30
0.0
 11
93.66208828315986
 21
157.8523022174991
 31
0.0
  0
LINE
  5
13F
330
1F
100
AcDbEntity
  8
Системный слой (1)
  6
K5LT_BASIC
 62
     5
420
      255
370
    60
100
AcDbLine
 10
94.11208808643482
 20
158.6023023355341
 30
0.0
 11
94.14958807168044
 21
158.6585523453703
 31
0.0
  0
LINE
  5
140
330
1F
100
AcDbEntity
  8
Системный слой (1)
  6
K5LT_BASIC
 62
     5
420
      255
370
    60
100
AcDbLine
 10
93.75583810118923
 20
158.5460522420897
 30
0.0
 11
93.8495881110255
 21
158.5085522666803
 31
0.0
  0
LINE
  5
141
330
1F
100
AcDbEntity
  8
Системный слой (1)
  6
K5LT_BASIC
 62
     5
420
      255
370
    60
100
AcDbLine
 10
100.0302139589098
 20
155.2760538878584
 30
0.0
 11
99.93271394186031
 21
155.3410538622841
 31
0.0
  0
LINE
  5
142
330
1F
100
AcDbEntity
  8
Системный слой (1)
  6
K5LT_BASIC
 62
     5
420
      255
370
    60
100
AcDbLine
 10
97.31833801758086
 20
158.8648031765334
 30
0.0
 11
97.28083799299023
 21
158.9585531666972
 31
0.0
  0
ARC
  5
143
330
1F
100
AcDbEntity
  8
Системный слой (1)
  6
K5LT_BASIC
 62
     5
420
      255
370
    60
100
AcDbCircle
 10
140.8151911896933
 20
242.0820710044156
 30
0.0
 40
1.18999999999998
100
AcDbArc
 50
102.1272919017391
 51
180.0000150286825
  0
LINE
  5
144
330
1F
100
AcDbEntity
  8
Системный слой (1)
  6
K5LT_BASIC
 62
     5
420
      255
370
    60
100
AcDbLine
 10
120.0651896814687
 20
247.8320655616896
 30
0.0
 11
140.5651896814675
 21
247.8320709388396
 31
0.0
  0
LINE
  5
145
330
1F
100
AcDbEntity
  8
Системный слой (1)
  6
K5LT_BASIC
 62
     5
420
      255
370
    60
100
AcDbLine
 10
100.4683381946331
 20
158.1898040027785
 30
0.0
 11
100.5245882143057
 21
158.1148040175328
 31
0.0
  0
LINE
  5
146
330
1F
100
AcDbEntity
  8
Системный слой (1)
  6
K5LT_BASIC
 62
     5
420
      255
370
    60
100
AcDbLine
 10
54.16521688198159
 20
144.1320482761226
 30
0.0
 11
54.1652159245866
 21
146.282048276123
 31
0.0
  0
LINE
  5
147
330
1F
100
AcDbEntity
  8
Системный слой (1)
  6
K5LT_BASIC
 62
     5
420
      255
370
    60
100
AcDbLine
 10
140.5651967933236
 20
220.7186277729819
 30
0.0
 11
140.5651956059214
 21
225.2455141045411
 31
0.0
  0
LINE
  5
148
330
1F
100
AcDbEntity
  8
Системный слой (1)
  6
K5LT_BASIC
 62
     5
420
      255
370
    60
100
AcDbLine
 10
96.71833813069779
 20
158.4335530191534
 30
0.0
 11
96.73708818479716
 21
158.2273030240716
 31
0.0
  0
LINE
  5
149
330
1F
100
AcDbEntity
  8
Системный слой (1)
  6
K5LT_BASIC
 62
     5
420
      255
370
    60
100
AcDbLine
 10
96.22771428285057
 20
154.0410528904626
 30
0.0
 11
96.19521430842481
 21
153.9435528819379
 31
0.0
  0
LINE
  5
14A
330
1F
100
AcDbEntity
  8
Системный слой (1)
  6
K5LT_BASIC
 62
     5
420
      255
370
    60
100
AcDbLine
 10
77.49784970799129
 20
189.4320543963123
 30
0.0
 11
77.4978486850213
 21
193.3320543963121
 31
0.0
  0
LINE
  5
14B
330
1F
100
AcDbEntity
  8
Системный слой (1)
  6
K5LT_BASIC
 62
     5
420
      255
370
    60
100
AcDbLine
 10
96.56519008803454
 20
246.2820593976386
 30
0.0
 11
96.56518985196455
 21
247.0820593976396
 31
0.0
  0
LINE
  5
14C
330
1F
100
AcDbEntity
  8
Системный слой (1)
  6
K5LT_BASIC
 62
     5
420
      255
370
    60
100
AcDbLine
 10
77.49784257343129
 20
216.6320543962353
 30
0.0
 11
76.56519786523609
 21
216.6320541516026
 31
0.0
  0
LINE
  5
14D
330
1F
100
AcDbEntity
  8
Системный слой (1)
  6
K5LT_BASIC
 62
     5
420
      255
370
    60
100
AcDbLine
 10
101.5183381946331
 20
158.1898042781934
 30
0.0
 11
101.4433382241419
 21
158.077304258521
 31
0.0
  0
LINE
  5
14E
330
1F
100
AcDbEntity
  8
Системный слой (1)
  6
K5LT_BASIC
 62
     5
420
      255
370
    60
100
AcDbLine
 10
94.11208822414231
 20
158.0773023355341
 30
0.0
 11
94.14958820938796
 21
158.1335523453703
 31
0.0
  0
LINE
  5
14F
330
1F
100
AcDbEntity
  8
Системный слой (1)
  6
K5LT_BASIC
 62
     5
420
      255
370
    60
100
AcDbLine
 10
54.1652052752066
 20
186.8820482761208
 30
0.0
 11
54.16520623612769
 21
184.718605110342
 31
0.0
  0
LINE
  5
150
330
1F
100
AcDbEntity
  8
Системный слой (1)
  6
K5LT_BASIC
 62
     5
420
      255
370
    60
100
AcDbLine
 10
94.03708829299609
 20
157.8148023158616
 30
0.0
 11
93.96208829791422
 21
157.7960522961891
 31
0.0
  0
LINE
  5
151
330
1F
100
AcDbEntity
  8
Системный слой (1)
  6
K5LT_BASIC
 62
     5
420
      255
370
    60
100
AcDbLine
 10
97.09333795364525
 20
159.1085531175159
 30
0.0
 11
96.96208795364525
 21
159.1085530830891
 31
0.0
  0
LINE
  5
152
330
1F
100
AcDbEntity
  8
Системный слой (1)
  6
K5LT_BASIC
 62
     5
420
      255
370
    60
100
AcDbLine
 10
55.11519134969869
 20
240.9720485253052
 30
0.0
 11
55.10519134969869
 21
240.9720485226822
 31
0.0
  0
LINE
  5
153
330
1F
100
AcDbEntity
  8
Системный слой (1)
  6
K5LT_BASIC
 62
     5
420
      255
370
    60
100
AcDbLine
 10
102.1370882782412
 20
157.8710544404916
 30
0.0
 11
102.0620882585687
 21
157.9460544208191
 31
0.0
  0
CIRCLE
  5
154
330
1F
100
AcDbEntity
  8
Системный слой (1)
  6
K5LT_BASIC
 62
     5
420
      255
370
    60
100
AcDbCircle
 10
99.90521500128833
 20
151.3020602737233
 30
0.0
 40
0.4999999999999914
  0
LINE
  5
155
330
1F
100
AcDbEntity
  8
Системный слой (1)
  6
K5LT_BASIC
 62
     5
420
      255
370
    60
100
AcDbLine
 10
102.1933379782355
 20
159.0148044552459
 30
0.0
 11
102.137087997908
 21
158.9398044404915
 31
0.0
  0
LINE
  5
156
330
1F
100
AcDbEntity
  8
Системный слой (1)
  6
K5LT_BASIC
 62
     5
420
      255
370
    60
100
AcDbLine
 10
91.39333796348188
 20
159.0710516224059
 30
0.0
 11
91.39333790446439
 21
159.2960516224059
 31
0.0
  0
LINE
  5
157
330
1F
100
AcDbEntity
  8
Системный слой (1)
  6
K5LT_BASIC
 62
     5
420
      255
370
    60
100
AcDbLine
 10
77.4978544293913
 20
171.4320543963124
 30
0.0
 11
76.5652097211961
 21
171.4320541516797
 31
0.0
  0
ARC
  5
158
330
1F
100
AcDbEntity
  8
Системный слой (1)
  6
K5LT_BASIC
 62
     5
420
      255
370
    60
100
AcDbCircle
 10
55.2652030325407
 20
196.9320485646508
 30
0.0
 40
1.199999999999979
100
AcDbArc
 50
12.02471421117396
 51
90.00001502868338
  0
LINE
  5
159
330
1F
100
AcDbEntity
  8
Системный слой (1)
  6
K5LT_BASIC
 62
     5
420
      255
370
    60
100
AcDbLine
 10
93.49333796348176
 20
159.0710521732359
 30
0.0
 11
93.54958794380923
 21
159.1460521879903
 31
0.0
  0
LINE
  5
15A
330
1F
100
AcDbEntity
  8
Системный слой (1)
  6
K5LT_BASIC
 62
     5
420
      255
370
    60
100
AcDbLine
 10
96.96208829791401
 20
157.7960530830891
 30
0.0
 11
96.88708829299588
 21
157.8148030634166
 31
0.0
  0
LINE
  5
15B
330
1F
100
AcDbEntity
  8
Системный слой (1)
  6
K5LT_BASIC
 62
     5
420
      255
370
    60
100
AcDbLine
 10
101.687714393672
 20
153.6185543226207
 30
0.0
 11
101.8502144107214
 21
153.5535543652444
 31
0.0
  0
LINE
  5
15C
330
1F
100
AcDbEntity
  8
Системный слой (1)
  6
K5LT_BASIC
 62
     5
420
      255
370
    60
100
AcDbLine
 10
118.165204999787
 20
189.4320650633596
 30
0.0
 11
118.165206285057
 21
184.5320650633597
 31
0.0
  0
LINE
  5
15D
330
1F
100
AcDbEntity
  8
Системный слой (1)
  6
K5LT_BASIC
 62
     5
420
      255
370
    60
100
AcDbLine
 10
76.5651921208661
 20
238.5320541516783
 30
0.0
 11
76.5651908355961
 21
243.4320541516776
 31
0.0
  0
LINE
  5
15E
330
1F
100
AcDbEntity
  8
Системный слой (1)
  6
K5LT_BASIC
 62
     5
420
      255
370
    60
100
AcDbLine
 10
103.0558382979136
 20
157.7960546814797
 30
0.0
 11
102.3433382979136
 21
157.796054494591
 31
0.0
  0
LINE
  5
15F
330
1F
100
AcDbEntity
  8
Системный слой (1)
  6
K5LT_BASIC
 62
     5
420
      255
370
    60
100
AcDbLine
 10
96.3577139248111
 20
155.4060529245616
 30
0.0
 11
96.22771395038528
 21
155.3085528904626
 31
0.0
  0
LINE
  5
160
330
1F
100
AcDbEntity
  8
Системный слой (1)
  6
K5LT_BASIC
 62
     5
420
      255
370
    60
100
AcDbLine
 10
54.1652144915254
 20
153.2454914419016
 30
0.0
 11
54.16521567892769
 21
148.7186051103423
 31
0.0
  0
ARC
  5
161
330
1F
100
AcDbEntity
  8
Системный слой (1)
  6
K5LT_BASIC
 62
     5
420
      255
370
    60
100
AcDbCircle
 10
140.8151917667533
 20
239.8820710044152
 30
0.0
 40
1.18999999999998
100
AcDbArc
 50
180.0000150286832
 51
257.8727381556347
  0
LINE
  5
162
330
1F
100
AcDbEntity
  8
Системный слой (1)
  6
K5LT_BASIC
 62
     5
420
      255
370
    60
100
AcDbLine
 10
99.93271394186031
 20
155.3410538622841
 30
0.0
 11
99.73771392481086
 21
155.4060538111356
 31
0.0
  0
LINE
  5
163
330
1F
100
AcDbEntity
  8
Системный слой (1)
  6
K5LT_BASIC
 62
     5
420
      255
370
    60
100
AcDbLine
 10
55.11520063249569
 20
206.082048525305
 30
0.0
 11
55.11520120955569
 21
203.8820485253052
 31
0.0
  0
LINE
  5
164
330
1F
100
AcDbEntity
  8
Системный слой (1)
  6
K5LT_BASIC
 62
     5
420
      255
370
    60
100
AcDbLine
 10
54.1651908818431
 20
243.2557177355506
 30
0.0
 11
54.1651896814716
 21
247.8320482761196
 31
0.0
  0
LINE
  5
165
330
1F
100
AcDbEntity
  8
Системный слой (1)
  6
K5LT_BASIC
 62
     5
420
      255
370
    60
100
AcDbLine
 10
139.6151917667534
 20
239.8820706896552
 30
0.0
 11
139.6151911896934
 21
242.0820706896556
 31
0.0
  0
LINE
  5
166
330
1F
100
AcDbEntity
  8
Системный слой (1)
  6
K5LT_BASIC
 62
     5
420
      255
370
    60
100
AcDbLine
 10
96.52021423170204
 20
154.2360529671854
 30
0.0
 11
96.39021424022684
 21
154.2035529330864
 31
0.0
  0
LINE
  5
167
330
1F
100
AcDbEntity
  8
Системный слой (1)
  6
K5LT_BASIC
 62
     5
420
      255
370
    60
100
AcDbLine
 10
93.60583813561611
 20
158.4148022027447
 30
0.0
 11
93.54958812086176
 21
158.4710521879903
 31
0.0
  0
LINE
  5
168
330
1F
100
AcDbEntity
  8
Системный слой (1)
  6
K5LT_BASIC
 62
     5
420
      255
370
    60
100
AcDbLine
 10
92.03521444482105
 20
153.4235517907699
 30
0.0
 11
91.93771447892014
 21
153.2935517651958
 31
0.0
  0
LINE
  5
169
330
1F
100
AcDbEntity
  8
Системный слой (1)
  6
K5LT_BASIC
 62
     5
420
      255
370
    60
100
AcDbLine
 10
102.0058381011887
 20
158.5460544060647
 30
0.0
 11
101.9308380716799
 21
158.6585543863922
 31
0.0
  0
LINE
  5
16A
330
1F
100
AcDbEntity
  8
Системный слой (1)
  6
K5LT_BASIC
 62
     5
420
      255
370
    60
100
AcDbLine
 10
91.09333790446442
 20
159.2960515437159
 30
0.0
 11
91.09333796348191
 21
159.0710515437159
 31
0.0
  0
LINE
  5
16B
330
1F
100
AcDbEntity
  8
Системный слой (1)
  6
K5LT_BASIC
 62
     5
420
      255
370
    60
100
AcDbLine
 10
93.8495881110255
 20
158.5085522666803
 30
0.0
 11
93.94333811102547
 21
158.5085522912709
 31
0.0
  0
LINE
  5
16C
330
1F
100
AcDbEntity
  8
Системный слой (1)
  6
K5LT_BASIC
 62
     5
420
      255
370
    60
100
AcDbLine
 10
54.16519207192769
 20
238.7186051103405
 30
0.0
 11
54.16519088452539
 21
243.2454914418996
 31
0.0
  0
LINE
  5
16D
330
1F
100
AcDbEntity
  8
Системный слой (1)
  6
K5LT_BASIC
 62
     5
420
      255
370
    60
100
AcDbLine
 10
97.52458816512456
 20
158.3023032306326
 30
0.0
 11
97.50583819463336
 21
158.1898032257147
 31
0.0
  0
LINE
  5
16E
330
1F
100
AcDbEntity
  8
Системный слой (1)
  6
K5LT_BASIC
 62
     5
420
      255
370
    60
100
AcDbLine
 10
100.2902139077613
 20
155.4710539560564
 30
0.0
 11
100.420213950385
 21
155.3085539901554
 31
0.0
  0
LINE
  5
16F
330
1F
100
AcDbEntity
  8
Системный слой (1)
  6
K5LT_BASIC
 62
     5
420
      255
370
    60
100
AcDbLine
 10
101.1808382831594
 20
157.8523041896672
 30
0.0
 11
101.0495882929957
 21
157.8148041552404
 31
0.0
  0
ARC
  5
170
330
1F
100
AcDbEntity
  8
Системный слой (1)
  6
K5LT_BASIC
 62
     5
420
      255
370
    60
100
AcDbCircle
 10
53.91519591109579
 20
224.0820482104664
 30
0.0
 40
1.18999999999998
100
AcDbArc
 50
0.0
 51
77.8727381556343
  0
LINE
  5
171
330
1F
100
AcDbEntity
  8
Системный слой (1)
  6
K5LT_BASIC
 62
     5
420
      255
370
    60
100
AcDbLine
 10
117.4325498258178
 20
229.3320648711876
 30
0.0
 11
118.1651945340171
 21
229.3320650633603
 31
0.0
  0
LINE
  5
172
330
1F
100
AcDbEntity
  8
Системный слой (1)
  6
K5LT_BASIC
 62
     5
420
      255
370
    60
100
AcDbLine
 10
102.1370880569255
 20
158.7148044404915
 30
0.0
 11
102.193338076598
 21
158.639804455246
 31
0.0
  0
LINE
  5
173
330
1F
100
AcDbEntity
  8
Системный слой (1)
  6
K5LT_BASIC
 62
     5
420
      255
370
    60
100
AcDbLine
 10
102.8495880962705
 20
158.5648046273803
 30
0.0
 11
102.849587958563
 21
159.0898046273803
 31
0.0
  0
LINE
  5
174
330
1F
100
AcDbEntity
  8
Системный слой (1)
  6
K5LT_BASIC
 62
     5
420
      255
370
    60
100
AcDbLine
 10
101.200214325474
 20
153.8785541947495
 30
0.0
 11
101.2002142743255
 21
154.0735541947494
 31
0.0
  0
LINE
  5
175
330
1F
100
AcDbEntity
  8
Системный слой (1)
  6
K5LT_BASIC
 62
     5
420
      255
370
    60
100
AcDbLine
 10
91.93771447892014
 20
153.2935517651958
 30
0.0
 11
91.90521450449437
 21
153.1960517566709
 31
0.0
  0
LINE
  5
176
330
1F
100
AcDbEntity
  8
Системный слой (1)
  6
K5LT_BASIC
 62
     5
420
      255
370
    60
100
AcDbLine
 10
97.31833818479711
 20
158.2273031765335
 30
0.0
 11
97.33708813069774
 21
158.4335531814516
 31
0.0
  0
LINE
  5
177
330
1F
100
AcDbEntity
  8
Системный слой (1)
  6
K5LT_BASIC
 62
     5
420
      255
370
    60
100
AcDbLine
 10
101.2002142743255
 20
154.0735541947494
 30
0.0
 11
101.2327142146522
 21
154.3010542032742
 31
0.0
  0
LINE
  5
178
330
1F
100
AcDbEntity
  8
Системный слой (1)
  6
K5LT_BASIC
 62
     5
420
      255
370
    60
100
AcDbLine
 10
100.3227141379295
 20
154.5935539645812
 30
0.0
 11
100.2902140782563
 21
154.8210539560564
 31
0.0
  0
LINE
  5
179
330
1F
100
AcDbEntity
  8
Системный слой (1)
  6
K5LT_BASIC
 62
     5
420
      255
370
    60
100
AcDbLine
 10
94.03708796348171
 20
159.0710523158616
 30
0.0
 11
93.9433379536455
 21
159.1085522912709
 31
0.0
  0
LINE
  5
17A
330
1F
100
AcDbEntity
  8
Системный слой (1)
  6
K5LT_BASIC
 62
     5
420
      255
370
    60
100
AcDbLine
 10
96.56518985196455
 20
247.0820593976396
 30
0.0
 11
98.16518985196446
 21
247.0820598173196
 31
0.0
  0
LINE
  5
17B
330
1F
100
AcDbEntity
  8
Системный слой (1)
  6
K5LT_BASIC
 62
     5
420
      255
370
    60
100
AcDbLine
 10
96.48771382251405
 20
155.7960529586606
 30
0.0
 11
97.72271382251397
 21
155.7960532826011
 31
0.0
  0
LINE
  5
17C
330
1F
100
AcDbEntity
  8
Системный слой (1)
  6
K5LT_BASIC
 62
     5
420
      255
370
    60
100
AcDbLine
 10
100.420213950385
 20
155.3085539901554
 30
0.0
 11
100.5502140015335
 21
155.1135540242544
 31
0.0
  0
LINE
  5
17D
330
1F
100
AcDbEntity
  8
Системный слой (1)
  6
K5LT_BASIC
 62
     5
420
      255
370
    60
100
AcDbLine
 10
96.73708792905465
 20
159.2023030240715
 30
0.0
 11
96.79333791921839
 21
159.2398030388259
 31
0.0
  0
LINE
  5
17E
330
1F
100
AcDbEntity
  8
Системный слой (1)
  6
K5LT_BASIC
 62
     5
420
      255
370
    60
100
AcDbLine
 10
117.4325710196578
 20
148.53206487119
 30
0.0
 11
118.165215727857
 21
148.5320650633627
 31
0.0
  0
LINE
  5
17F
330
1F
100
AcDbEntity
  8
Системный слой (1)
  6
K5LT_BASIC
 62
     5
420
      255
370
    60
100
AcDbLine
 10
54.16520504604309
 20
189.255717735552
 30
0.0
 11
54.16520384567159
 21
193.8320482761209
 31
0.0
  0
LINE
  5
180
330
1F
100
AcDbEntity
  8
Системный слой (1)
  6
K5LT_BASIC
 62
     5
420
      255
370
    60
100
AcDbLine
 10
119.4776194283028
 20
247.8320654075696
 30
0.0
 11
120.0651896814687
 21
247.8320655616896
 31
0.0
  0
LINE
  5
181
330
1F
100
AcDbEntity
  8
Системный слой (1)
  6
K5LT_BASIC
 62
     5
420
      255
370
    60
100
AcDbLine
 10
96.22771412088032
 20
154.6585528904626
 30
0.0
 11
96.35771414645454
 21
154.5610529245616
 31
0.0
  0
ARC
  5
182
330
1F
100
AcDbEntity
  8
Системный слой (1)
  6
K5LT_BASIC
 62
     5
420
      255
370
    60
100
AcDbCircle
 10
53.91519648815579
 20
221.8820482104665
 30
0.0
 40
1.19999999999998
100
AcDbArc
 50
282.0247142092891
 51
0.0
  0
LINE
  5
183
330
1F
100
AcDbEntity
  8
Системный слой (1)
  6
K5LT_BASIC
 62
     5
420
      255
370
    60
100
AcDbLine
 10
98.66521402710791
 20
155.0160535298189
 30
0.0
 11
98.6002140953059
 21
154.7560535127694
 31
0.0
  0
LINE
  5
184
330
1F
100
AcDbEntity
  8
Системный слой (1)
  6
K5LT_BASIC
 62
     5
420
      255
370
    60
100
AcDbLine
 10
140.565201517406
 20
202.7084014794098
 30
0.0
 11
140.5652027177775
 21
198.1320709388407
 31
0.0
  0
LINE
  5
185
330
1F
100
AcDbEntity
  8
Системный слой (1)
  6
K5LT_BASIC
 62
     5
420
      255
370
    60
100
AcDbLine
 10
101.9477140953056
 20
154.7560543908186
 30
0.0
 11
102.7277140953056
 21
154.7560545954126
 31
0.0
  0
LINE
  5
186
330
1F
100
AcDbEntity
  8
Системный слой (1)
  6
K5LT_BASIC
 62
     5
420
      255
370
    60
100
AcDbLine
 10
118.165200278387
 20
207.4320650633606
 30
0.0
 11
117.4325555701878
 21
207.4320648711879
 31
0.0
  0
LINE
  5
187
330
1F
100
AcDbEntity
  8
Системный слой (1)
  6
K5LT_BASIC
 62
     5
420
      255
370
    60
100
AcDbLine
 10
76.56520869822609
 20
175.3320541516795
 30
0.0
 11
76.5652073080361
 21
180.6320541516798
 31
0.0
  0
LINE
  5
188
330
1F
100
AcDbEntity
  8
Системный слой (1)
  6
K5LT_BASIC
 62
     5
420
      255
370
    60
100
AcDbLine
 10
93.45583821922425
 20
158.0960521633997
 30
0.0
 11
93.43708819463363
 21
158.1898021584816
 31
0.0
  0
LINE
  5
189
330
1F
100
AcDbEntity
  8
Системный слой (1)
  6
K5LT_BASIC
 62
     5
420
      255
370
    60
100
AcDbLine
 10
96.5202141549793
 20
154.5285529671854
 30
0.0
 11
97.36521415497924
 21
154.5285531888289
 31
0.0
  0
LINE
  5
18A
330
1F
100
AcDbEntity
  8
Системный слой (1)
  6
K5LT_BASIC
 62
     5
420
      255
370
    60
100
AcDbLine
 10
100.5245882143057
 20
158.1148040175328
 30
0.0
 11
100.59958822906
 21
158.0585540372053
 31
0.0
  0
LINE
  5
18B
330
1F
100
AcDbEntity
  8
Системный слой (1)
  6
K5LT_BASIC
 62
     5
420
      255
370
    60
100
AcDbLine
 10
101.3870881159431
 20
158.4898042437665
 30
0.0
 11
101.3870880864343
 21
158.6023042437666
 31
0.0
  0
LINE
  5
18C
330
1F
100
AcDbEntity
  8
Системный слой (1)
  6
K5LT_BASIC
 62
     5
420
      255
370
    60
100
AcDbLine
 10
74.6652029931995
 20
197.0820536533101
 30
0.0
 11
65.34478611929799
 21
197.0820512085647
 31
0.0
  0
LINE
  5
18D
330
1F
100
AcDbEntity
  8
Системный слой (1)
  6
K5LT_BASIC
 62
     5
420
      255
370
    60
100
AcDbLine
 10
54.1652048729694
 20
188.5155486917868
 30
0.0
 11
54.1652052752066
 21
186.8820482761208
 31
0.0
  0
INSERT
  5
18F
330
1F
100
AcDbEntity
  8
Системный слой (1)
100
AcDbBlockReference
  2
U2
 10
0.0
 20
0.0
 30
0.0
  0
LINE
  5
194
330
1F
100
AcDbEntity
  8
Системный слой (1)
  6
K5LT_BASIC
 62
     5
420
      255
370
    60
100
AcDbLine
 10
100.9370882979137
 20
157.7960541257316
 30
0.0
 11
100.8245882979137
 21
157.7960540962228
 31
0.0
  0
ARC
  5
195
330
1F
100
AcDbEntity
  8
Системный слой (1)
  6
K5LT_BASIC
 62
     5
420
      255
370
    60
100
AcDbCircle
 10
53.91521479669579
 20
152.0820482105469
 30
0.0
 40
1.19999999999998
100
AcDbArc
 50
0.0
 51
77.97531584807234
  0
LINE
  5
196
330
1F
100
AcDbEntity
  8
Системный слой (1)
  6
K5LT_BASIC
 62
     5
420
      255
370
    60
100
AcDbLine
 10
93.49333823889677
 20
158.0210521732359
 30
0.0
 11
93.45583821922425
 21
158.0960521633997
 31
0.0
  0
ARC
  5
197
330
1F
100
AcDbEntity
  8
Системный слой (1)
  6
K5LT_BASIC
 62
     5
420
      255
370
    60
100
AcDbCircle
 10
140.8151911896933
 20
242.0820710044156
 30
0.0
 40
1.199999999999979
100
AcDbArc
 50
102.0247142092918
 51
180.0000150286826
  0
LINE
  5
198
330
1F
100
AcDbEntity
  8
Системный слой (1)
  6
K5LT_BASIC
 62
     5
420
      255
370
    60
100
AcDbLine
 10
96.51208808151654
 20
158.6210529650541
 30
0.0
 11
96.5308380372534
 21
158.7898029699721
 31
0.0
  0
LINE
  5
199
330
1F
100
AcDbEntity
  8
Системный слой (1)
  6
K5LT_BASIC
 62
     5
420
      255
370
    60
100
AcDbLine
 10
98.63271426580089
 20
154.1060535212942
 30
0.0
 11
98.7302143254741
 21
153.8785535468685
 31
0.0
  0
LINE
  5
19A
330
1F
100
AcDbEntity
  8
Системный слой (1)
  6
K5LT_BASIC
 62
     5
420
      255
370
    60
100
AcDbLine
 10
129.385619814631
 20
197.0820680064754
 30
0.0
 11
120.0652029931937
 21
197.0820655617302
 31
0.0
  0
LINE
  5
19B
330
1F
100
AcDbEntity
  8
Системный слой (1)
  6
K5LT_BASIC
 62
     5
420
      255
370
    60
100
AcDbLine
 10
117.4325474126578
 20
238.5320648711855
 30
0.0
 11
117.4325484356278
 21
234.6320648711857
 31
0.0
  0
LINE
  5
19C
330
1F
100
AcDbEntity
  8
Системный слой (1)
  6
K5LT_BASIC
 62
     5
420
      255
370
    60
100
AcDbLine
 10
97.16833790938212
 20
159.2773031371884
 30
0.0
 11
97.26208791921835
 21
159.239803161779
 31
0.0
  0
LINE
  5
19D
330
1F
100
AcDbEntity
  8
Системный слой (1)
  6
K5LT_BASIC
 62
     5
420
      255
370
    60
100
AcDbLine
 10
95.70771401005861
 20
155.0810527540666
 30
0.0
 11
95.77271395038534
 21
155.3085527711161
 31
0.0
  0
INSERT
  5
19F
330
1F
100
AcDbEntity
  8
Системный слой (1)
100
AcDbBlockReference
  2
U3
 10
0.0
 20
0.0
 30
0.0
  0
INSERT
  5
1A5
330
1F
100
AcDbEntity
  8
Системный слой (1)
100
AcDbBlockReference
  2
U4
 10
0.0
 20
0.0
 30
0.0
  0
LINE
  5
1AA
330
1F
100
AcDbEntity
  8
Системный слой (1)
  6
K5LT_BASIC
 62
     5
420
      255
370
    60
100
AcDbLine
 10
54.1652050487254
 20
189.2454914419013
 30
0.0
 11
54.16520623612769
 21
184.718605110342
 31
0.0
  0
INSERT
  5
1AC
330
1F
100
AcDbEntity
  8
Системный слой (1)
100
AcDbBlockReference
  2
U5
 10
0.0
 20
0.0
 30
0.0
  0
LINE
  5
1B1
330
1F
100
AcDbEntity
  8
Системный слой (1)
  6
K5LT_BASIC
 62
     5
420
      255
370
    60
100
AcDbLine
 10
77.4978544293913
 20
171.4320543963124
 30
0.0
 11
77.49785340642129
 21
175.3320543963122
 31
0.0
  0
LINE
  5
1B2
330
1F
100
AcDbEntity
  8
Системный слой (1)
  6
K5LT_BASIC
 62
     5
420
      255
370
    60
100
AcDbLine
 10
76.56521341962609
 20
157.3320541516824
 30
0.0
 11
76.5652120294361
 21
162.6320541516805
 31
0.0
  0
LINE
  5
1B3
330
1F
100
AcDbEntity
  8
Системный слой (1)
  6
K5LT_BASIC
 62
     5
420
      255
370
    60
100
AcDbLine
 10
93.83083829791423
 20
157.7960522617622
 30
0.0
 11
93.75583829299612
 21
157.8148022420897
 31
0.0
  0
LINE
  5
1B4
330
1F
100
AcDbEntity
  8
Системный слой (1)
  6
K5LT_BASIC
 62
     5
420
      255
370
    60
100
AcDbLine
 10
93.83083824873297
 20
157.9835522617622
 30
0.0
 11
93.96208824873297
 21
157.9835522961891
 31
0.0
  0
LINE
  5
1B5
330
1F
100
AcDbEntity
  8
Системный слой (1)
  6
K5LT_BASIC
 62
     5
420
      255
370
    60
100
AcDbLine
 10
139.6151913444504
 20
240.9920706896551
 30
0.0
 11
139.6251913444504
 21
240.9920706922782
 31
0.0
  0
LINE
  5
1B6
330
1F
100
AcDbEntity
  8
Системный слой (1)
  6
K5LT_BASIC
 62
     5
420
      255
370
    60
100
AcDbLine
 10
96.7370880175809
 20
158.8648030240715
 30
0.0
 11
96.71833807168028
 21
158.6585530191535
 31
0.0
  0
LINE
  5
1B7
330
1F
100
AcDbEntity
  8
Системный слой (1)
  6
K5LT_BASIC
 62
     5
420
      255
370
    60
100
AcDbLine
 10
101.9308380716799
 20
158.6585543863922
 30
0.0
 11
101.893338037253
 21
158.7898043765559
 31
0.0
  0
LINE
  5
1B8
330
1F
100
AcDbEntity
  8
Системный слой (1)
  6
K5LT_BASIC
 62
     5
420
      255
370
    60
100
AcDbLine
 10
120.0652168557487
 20
144.1320655616926
 30
0.0
 11
120.0652035702537
 21
194.8820655617303
 31
0.0
  0
ARC
  5
1B9
330
1F
100
AcDbEntity
  8
Системный слой (1)
  6
K5LT_BASIC
 62
     5
420
      255
370
    60
100
AcDbCircle
 10
53.9152006324958
 20
206.082048210545
 30
0.0
 40
1.19999999999998
100
AcDbArc
 50
0.0
 51
77.97531584807702
  0
LINE
  5
1BA
330
1F
100
AcDbEntity
  8
Системный слой (1)
  6
K5LT_BASIC
 62
     5
420
      255
370
    60
100
AcDbLine
 10
139.6252012095534
 20
203.8820706922781
 30
0.0
 11
139.6252006324934
 21
206.082070692278
 31
0.0
  0
LINE
  5
1BB
330
1F
100
AcDbEntity
  8
Системный слой (1)
  6
K5LT_BASIC
 62
     5
420
      255
370
    60
100
AcDbLine
 10
96.62458823889655
 20
158.0210529945628
 30
0.0
 11
96.58708821922401
 21
158.0960529847266
 31
0.0
  0
LINE
  5
1BC
330
1F
100
AcDbEntity
  8
Системный слой (1)
  6
K5LT_BASIC
 62
     5
420
      255
370
    60
100
AcDbLine
 10
91.64521450449439
 20
153.1960516884729
 30
0.0
 11
91.64521382251438
 21
155.7960516884729
 31
0.0
  0
LINE
  5
1BD
330
1F
100
AcDbEntity
  8
Системный слой (1)
  6
K5LT_BASIC
 62
     5
420
      255
370
    60
100
AcDbLine
 10
139.6252153737534
 20
149.88207069228
 30
0.0
 11
139.6252147966934
 21
152.0820706922798
 31
0.0
  0
CIRCLE
  5
1BE
330
1F
100
AcDbEntity
  8
Системный слой (1)
  6
K5LT_BASIC
 62
     5
420
      255
370
    60
100
AcDbCircle
 10
87.20521500128919
 20
151.3020569425133
 30
0.0
 40
0.4999999999999914
  0
LINE
  5
1BF
330
1F
100
AcDbEntity
  8
Системный слой (1)
  6
K5LT_BASIC
 62
     5
420
      255
370
    60
100
AcDbLine
 10
94.18708801758108
 20
158.8648023552065
 30
0.0
 11
94.14958799299045
 21
158.9585523453703
 31
0.0
  0
LINE
  5
1C0
330
1F
100
AcDbEntity
  8
Системный слой (1)
  6
K5LT_BASIC
 62
     5
420
      255
370
    60
100
AcDbLine
 10
96.00021421465256
 20
154.3010528307894
 30
0.0
 11
96.06521419760307
 21
154.3660528478389
 31
0.0
  0
ARC
  5
1C1
330
1F
100
AcDbEntity
  8
Системный слой (1)
  6
K5LT_BASIC
 62
     5
420
      255
370
    60
100
AcDbCircle
 10
53.9152100752958
 20
170.0820482104681
 30
0.0
 40
1.18999999999998
100
AcDbArc
 50
0.0
 51
77.87273815563505
  0
LINE
  5
1C2
330
1F
100
AcDbEntity
  8
Системный слой (1)
  6
K5LT_BASIC
 62
     5
420
      255
370
    60
100
AcDbLine
 10
117.4325719770528
 20
144.8820648711497
 30
0.0
 11
98.16521668525444
 21
144.8820598173224
 31
0.0
  0
LINE
  5
1C3
330
1F
100
AcDbEntity
  8
Системный слой (1)
  6
K5LT_BASIC
 62
     5
420
      255
370
    60
100
AcDbLine
 10
93.66208791921859
 20
159.239802217499
 30
0.0
 11
93.75583790938238
 21
159.2773022420897
 31
0.0
  0
LINE
  5
1C4
330
1F
100
AcDbEntity
  8
Системный слой (1)
  6
K5LT_BASIC
 62
     5
420
      255
370
    60
100
AcDbLine
 10
91.97021431694986
 20
153.9110517737204
 30
0.0
 11
92.58771431694983
 21
153.9110519356907
 31
0.0
  0
LINE
  5
1C5
330
1F
100
AcDbEntity
  8
Системный слой (1)
  6
K5LT_BASIC
 62
     5
420
      255
370
    60
100
AcDbLine
 10
54.1651920746101
 20
238.70837881669
 30
0.0
 11
54.16519560324309
 21
225.2557177354717
 31
0.0
  0
LINE
  5
1C6
330
1F
100
AcDbEntity
  8
Системный слой (1)
  6
K5LT_BASIC
 62
     5
420
      255
370
    60
100
AcDbLine
 10
92.58771431694983
 20
153.9110519356907
 30
0.0
 11
92.58771438514782
 21
153.6510519356907
 31
0.0
  0
LINE
  5
1C7
330
1F
100
AcDbEntity
  8
Системный слой (1)
  6
K5LT_BASIC
 62
     5
420
      255
370
    60
100
AcDbLine
 10
100.8245879044638
 20
159.2960540962228
 30
0.0
 11
100.9370879044638
 21
159.2960541257315
 31
0.0
  0
LINE
  5
1C8
330
1F
100
AcDbEntity
  8
Системный слой (1)
  6
K5LT_BASIC
 62
     5
420
      255
370
    60
100
AcDbLine
 10
97.28083820938774
 20
158.1335531666972
 30
0.0
 11
97.31833818479711
 21
158.2273031765335
 31
0.0
  0
LINE
  5
1C9
330
1F
100
AcDbEntity
  8
Системный слой (1)
  6
K5LT_BASIC
 62
     5
420
      255
370
    60
100
AcDbLine
 10
99.15271440219688
 20
153.5860536576902
 30
0.0
 11
99.34771441072161
 21
153.5535537088387
 31
0.0
  0
LINE
  5
1CA
330
1F
100
AcDbEntity
  8
Системный слой (1)
  6
K5LT_BASIC
 62
     5
420
      255
370
    60
100
AcDbLine
 10
97.46833798315396
 20
158.9960532158785
 30
0.0
 11
97.50583800774459
 21
158.9023032257147
 31
0.0
  0
LINE
  5
1CB
330
1F
100
AcDbEntity
  8
Системный слой (1)
  6
K5LT_BASIC
 62
     5
420
      255
370
    60
100
AcDbLine
 10
96.56521665902453
 20
144.8820593976424
 30
0.0
 11
77.49786139345629
 21
144.8820543962751
 31
0.0
  0
LINE
  5
1CC
330
1F
100
AcDbEntity
  8
Системный слой (1)
  6
K5LT_BASIC
 62
     5
420
      255
370
    60
100
AcDbLine
 10
76.56519684226609
 20
220.5320541516025
 30
0.0
 11
76.56519555699609
 21
225.4320541516017
 31
0.0
  0
LINE
  5
1CD
330
1F
100
AcDbEntity
  8
Системный слой (1)
  6
K5LT_BASIC
 62
     5
420
      255
370
    60
100
AcDbLine
 10
101.2327143851472
 20
153.6510542032742
 30
0.0
 11
101.200214325474
 21
153.8785541947495
 31
0.0
  0
INSERT
  5
1CF
330
1F
100
AcDbEntity
  8
Системный слой (1)
100
AcDbBlockReference
  2
U6
 10
0.0
 20
0.0
 30
0.0
  0
ARC
  5
1D4
330
1F
100
AcDbEntity
  8
Системный слой (1)
  6
K5LT_BASIC
 62
     5
420
      255
370
    60
100
AcDbCircle
 10
129.8652032817222
 20
195.9820681322702
 30
0.0
 40
1.199999999999979
100
AcDbArc
 50
90.00001502868258
 51
113.5564793377776
  0
LINE
  5
1D5
330
1F
100
AcDbEntity
  8
Системный слой (1)
  6
K5LT_BASIC
 62
     5
420
      255
370
    60
100
AcDbLine
 10
54.16521688198159
 20
144.1320482761226
 30
0.0
 11
54.16521568161009
 21
148.7083788166917
 31
0.0
  0
LINE
  5
1D6
330
1F
100
AcDbEntity
  8
Системный слой (1)
  6
K5LT_BASIC
 62
     5
420
      255
370
    60
100
AcDbLine
 10
100.550214325474
 20
153.8785540242544
 30
0.0
 11
100.4202143766225
 21
153.6835539901555
 31
0.0
  0
LINE
  5
1D7
330
1F
100
AcDbEntity
  8
Системный слой (1)
  6
K5LT_BASIC
 62
     5
420
      255
370
    60
100
AcDbLine
 10
102.1745882044693
 20
158.1523044503278
 30
0.0
 11
102.1933382192236
 21
158.096054455246
 31
0.0
  0
LINE
  5
1D8
330
1F
100
AcDbEntity
  8
Системный слой (1)
  6
K5LT_BASIC
 62
     5
420
      255
370
    60
100
AcDbLine
 10
102.1183380175805
 20
158.8648044355734
 30
0.0
 11
102.118338037253
 21
158.7898044355734
 31
0.0
  0
ARC
  5
1D9
330
1F
100
AcDbEntity
  8
Системный слой (1)
  6
K5LT_BASIC
 62
     5
420
      255
370
    60
100
AcDbCircle
 10
53.91520593095579
 20
185.8820482105467
 30
0.0
 40
1.19999999999998
100
AcDbArc
 50
282.0247142092892
 51
0.0
  0
LINE
  5
1DA
330
1F
100
AcDbEntity
  8
Системный слой (1)
  6
K5LT_BASIC
 62
     5
420
      255
370
    60
100
AcDbLine
 10
101.1808379192181
 20
159.2398041896672
 30
0.0
 11
101.2558379290544
 21
159.2023042093397
 31
0.0
  0
LINE
  5
1DB
330
1F
100
AcDbEntity
  8
Системный слой (1)
  6
K5LT_BASIC
 62
     5
420
      255
370
    60
100
AcDbLine
 10
139.6251960658504
 20
222.9920706921995
 30
0.0
 11
139.6251960710964
 21
222.9720706921995
 31
0.0
  0
LINE
  5
1DC
330
1F
100
AcDbEntity
  8
Системный слой (1)
  6
K5LT_BASIC
 62
     5
420
      255
370
    60
100
AcDbLine
 10
100.59958822906
 20
158.0585540372053
 30
0.0
 11
100.7120882388963
 21
158.0210540667141
 31
0.0
  0
LINE
  5
1DD
330
1F
100
AcDbEntity
  8
Системный слой (1)
  6
K5LT_BASIC
 62
     5
420
      255
370
    60
100
AcDbLine
 10
95.83771430842485
 20
153.9435527881657
 30
0.0
 11
95.87021426580108
 21
154.1060527966904
 31
0.0
  0
LINE
  5
1DE
330
1F
100
AcDbEntity
  8
Системный слой (1)
  6
K5LT_BASIC
 62
     5
420
      255
370
    60
100
AcDbLine
 10
93.62458818479736
 20
158.2273022076628
 30
0.0
 11
93.64333820938799
 21
158.133552212581
 31
0.0
  0
CIRCLE
  5
1DF
330
1F
100
AcDbEntity
  8
Системный слой (1)
  6
K5LT_BASIC
 62
     5
420
      255
370
    60
100
AcDbCircle
 10
97.3652150012885
 20
151.3020596074813
 30
0.0
 40
0.4999999999999914
  0
LINE
  5
1E0
330
1F
100
AcDbEntity
  8
Системный слой (1)
  6
K5LT_BASIC
 62
     5
420
      255
370
    60
100
AcDbLine
 10
93.96208829791422
 20
157.7960522961891
 30
0.0
 11
93.83083829791423
 21
157.7960522617622
 31
0.0
  0
LINE
  5
1E1
330
1F
100
AcDbEntity
  8
Системный слой (1)
  6
K5LT_BASIC
 62
     5
420
      255
370
    60
100
AcDbLine
 10
95.70583803725347
 20
158.7898027535747
 30
0.0
 11
95.76208797823597
 21
159.0148027683291
 31
0.0
  0
LINE
  5
1E2
330
1F
100
AcDbEntity
  8
Системный слой (1)
  6
K5LT_BASIC
 62
     5
420
      255
370
    60
100
AcDbLine
 10
96.21208824873283
 20
157.9835528863641
 30
0.0
 11
96.21208829791408
 21
157.7960528863641
 31
0.0
  0
LINE
  5
1E3
330
1F
100
AcDbEntity
  8
Системный слой (1)
  6
K5LT_BASIC
 62
     5
420
      255
370
    60
100
AcDbLine
 10
98.7302143254741
 20
153.8785535468685
 30
0.0
 11
98.82771435957315
 21
153.7485535724427
 31
0.0
  0
LINE
  5
1E4
330
1F
100
AcDbEntity
  8
Системный слой (1)
  6
K5LT_BASIC
 62
     5
420
      255
370
    60
100
AcDbLine
 10
102.849587958563
 20
159.0898046273803
 30
0.0
 11
102.362087958563
 21
159.089804499509
 31
0.0
  0
LINE
  5
1E5
330
1F
100
AcDbEntity
  8
Системный слой (1)
  6
K5LT_BASIC
 62
     5
420
      255
370
    60
100
AcDbLine
 10
102.7277138225136
 20
155.7960545954126
 30
0.0
 11
103.0852138225136
 21
155.7960546891849
 31
0.0
  0
LINE
  5
1E6
330
1F
100
AcDbEntity
  8
Системный слой (1)
  6
K5LT_BASIC
 62
     5
420
      255
370
    60
100
AcDbLine
 10
97.1683379634815
 20
159.0710531371884
 30
0.0
 11
97.09333795364525
 21
159.1085531175159
 31
0.0
  0
LINE
  5
1E7
330
1F
100
AcDbEntity
  8
Системный слой (1)
  6
K5LT_BASIC
 62
     5
420
      255
370
    60
100
AcDbLine
 10
100.127713984484
 20
155.1785539134326
 30
0.0
 11
100.0302139589098
 21
155.2760538878584
 31
0.0
  0
LINE
  5
1E8
330
1F
100
AcDbEntity
  8
Системный слой (1)
  6
K5LT_BASIC
 62
     5
420
      255
370
    60
100
AcDbLine
 10
93.45583808151675
 20
158.6210521633997
 30
0.0
 11
93.41833805200801
 21
158.7335521535634
 31
0.0
  0
LINE
  5
1E9
330
1F
100
AcDbEntity
  8
Системный слой (1)
  6
K5LT_BASIC
 62
     5
420
      255
370
    60
100
AcDbLine
 10
54.16521448884319
 20
153.2557177355522
 30
0.0
 11
54.1652109602101
 21
166.7083788166128
 31
0.0
  0
LINE
  5
1EA
330
1F
100
AcDbEntity
  8
Системный слой (1)
  6
K5LT_BASIC
 62
     5
420
      255
370
    60
100
AcDbLine
 10
76.5651921208661
 20
238.5320541516783
 30
0.0
 11
76.5651908355961
 21
243.4320541516776
 31
0.0
  0
LINE
  5
1EB
330
1F
100
AcDbEntity
  8
Системный слой (1)
  6
K5LT_BASIC
 62
     5
420
      255
370
    60
100
AcDbLine
 10
93.60583804708988
 20
158.7523022027447
 30
0.0
 11
93.64333807168049
 21
158.658552212581
 31
0.0
  0
ARC
  5
1EC
330
1F
100
AcDbEntity
  8
Системный слой (1)
  6
K5LT_BASIC
 62
     5
420
      255
370
    60
100
AcDbCircle
 10
76.3651895372055
 20
248.2820540991796
 30
0.0
 40
1.199999999999979
100
AcDbArc
 50
202.0243278657107
 51
270.0000150286833
  0
LINE
  5
1ED
330
1F
100
AcDbEntity
  8
Системный слой (1)
  6
K5LT_BASIC
 62
     5
420
      255
370
    60
100
AcDbLine
 10
76.56521100646609
 20
166.5320541516803
 30
0.0
 11
76.5652097211961
 21
171.4320541516797
 31
0.0
  0
INSERT
  5
1EF
330
1F
100
AcDbEntity
  8
Системный слой (1)
100
AcDbBlockReference
  2
U7
 10
0.0
 20
0.0
 30
0.0
  0
LINE
  5
1F4
330
1F
100
AcDbEntity
  8
Системный слой (1)
  6
K5LT_BASIC
 62
     5
420
      255
370
    60
100
AcDbLine
 10
96.29271425727633
 20
154.1385529075122
 30
0.0
 11
96.22771428285057
 21
154.0410528904626
 31
0.0
  0
ARC
  5
1F5
330
1F
100
AcDbEntity
  8
Системный слой (1)
  6
K5LT_BASIC
 62
     5
420
      255
370
    60
100
AcDbCircle
 10
53.9151911896958
 20
242.0820482105456
 30
0.0
 40
1.199999999999979
100
AcDbArc
 50
0.0
 51
77.97531584807416
  0
LINE
  5
1F6
330
1F
100
AcDbEntity
  8
Системный слой (1)
  6
K5LT_BASIC
 62
     5
420
      255
370
    60
100
AcDbLine
 10
100.5502140015335
 20
155.1135540242544
 30
0.0
 11
100.6477140782563
 21
154.8210540498286
 31
0.0
  0
LINE
  5
1F7
330
1F
100
AcDbEntity
  8
Системный слой (1)
  6
K5LT_BASIC
 62
     5
420
      255
370
    60
100
AcDbLine
 10
102.7277140953056
 20
154.7560545954126
 30
0.0
 11
102.7277138225136
 21
155.7960545954126
 31
0.0
  0
LINE
  5
1F8
330
1F
100
AcDbEntity
  8
Системный слой (1)
  6
K5LT_BASIC
 62
     5
420
      255
370
    60
100
AcDbLine
 10
140.5652027177775
 20
198.1320709388407
 30
0.0
 11
139.4652027177784
 21
198.1320706503107
 31
0.0
  0
LINE
  5
1F9
330
1F
100
AcDbEntity
  8
Системный слой (1)
  6
K5LT_BASIC
 62
     5
420
      255
370
    60
100
AcDbLine
 10
98.25583823397831
 20
158.0398034224397
 30
0.0
 11
98.19958823889644
 21
158.0210534076853
 31
0.0
  0
LINE
  5
1FA
330
1F
100
AcDbEntity
  8
Системный слой (1)
  6
K5LT_BASIC
 62
     5
420
      255
370
    60
100
AcDbLine
 10
97.84333829791396
 20
157.796053314241
 30
0.0
 11
97.84333790446395
 21
159.2960533142409
 31
0.0
  0
CIRCLE
  5
1FB
330
1F
100
AcDbEntity
  8
Системный слой (1)
  6
K5LT_BASIC
 62
     5
420
      255
370
    60
100
AcDbCircle
 10
94.82521566753067
 20
148.7620589412394
 30
0.0
 40
0.4999999999999914
  0
CIRCLE
  5
1FC
330
1F
100
AcDbEntity
  8
Системный слой (1)
  6
K5LT_BASIC
 62
     5
420
      255
370
    60
100
AcDbCircle
 10
97.3652156675305
 20
148.7620596074813
 30
0.0
 40
0.4999999999999914
  0
LINE
  5
1FD
330
1F
100
AcDbEntity
  8
Системный слой (1)
  6
K5LT_BASIC
 62
     5
420
      255
370
    60
100
AcDbLine
 10
99.15271449596912
 20
153.2285536576902
 30
0.0
 11
98.92521447891963
 21
153.2935535980169
 31
0.0
  0
LINE
  5
1FE
330
1F
100
AcDbEntity
  8
Системный слой (1)
  6
K5LT_BASIC
 62
     5
420
      255
370
    60
100
AcDbLine
 10
101.3683380520074
 20
158.7335542388485
 30
0.0
 11
101.3308380224987
 21
158.8460542290122
 31
0.0
  0
LINE
  5
1FF
330
1F
100
AcDbEntity
  8
Системный слой (1)
  6
K5LT_BASIC
 62
     5
420
      255
370
    60
100
AcDbLine
 10
93.9433379536455
 20
159.1085522912709
 30
0.0
 11
93.8495879536455
 21
159.1085522666803
 31
0.0
  0
LINE
  5
200
330
1F
100
AcDbEntity
  8
Системный слой (1)
  6
K5LT_BASIC
 62
     5
420
      255
370
    60
100
AcDbLine
 10
96.56521647541453
 20
145.6820593976432
 30
0.0
 11
98.16521647541444
 21
145.6820598173232
 31
0.0
  0
LINE
  5
201
330
1F
100
AcDbEntity
  8
Системный слой (1)
  6
K5LT_BASIC
 62
     5
420
      255
370
    60
100
AcDbLine
 10
76.5652015636661
 20
202.5320541516808
 30
0.0
 11
76.56520027839609
 21
207.4320541516806
 31
0.0
  0
LINE
  5
202
330
1F
100
AcDbEntity
  8
Системный слой (1)
  6
K5LT_BASIC
 62
     5
420
      255
370
    60
100
AcDbLine
 10
98.01208828315957
 20
157.8523033585041
 30
0.0
 11
97.99333829791394
 21
157.796053353586
 31
0.0
  0
LINE
  5
203
330
1F
100
AcDbEntity
  8
Системный слой (1)
  6
K5LT_BASIC
 62
     5
420
      255
370
    60
100
AcDbLine
 10
140.5652109575236
 20
166.7186277729837
 30
0.0
 11
140.5652097701214
 21
171.245514104543
 31
0.0
  0
LINE
  5
204
330
1F
100
AcDbEntity
  8
Системный слой (1)
  6
K5LT_BASIC
 62
     5
420
      255
370
    60
100
AcDbLine
 10
92.58771438514782
 20
153.6510519356907
 30
0.0
 11
92.52271438514781
 21
153.6510519186412
 31
0.0
  0
LINE
  5
205
330
1F
100
AcDbEntity
  8
Системный слой (1)
  6
K5LT_BASIC
 62
     5
420
      255
370
    60
100
AcDbLine
 10
94.73083787495543
 20
159.4085524978322
 30
0.0
 11
94.74958786511917
 21
159.4460525027503
 31
0.0
  0
LINE
  5
206
330
1F
100
AcDbEntity
  8
Системный слой (1)
  6
K5LT_BASIC
 62
     5
420
      255
370
    60
100
AcDbLine
 10
97.24333797823587
 20
159.0148031568609
 30
0.0
 11
97.1683379634815
 21
159.0710531371884
 31
0.0
  0
LINE
  5
207
330
1F
100
AcDbEntity
  8
Системный слой (1)
  6
K5LT_BASIC
 62
     5
420
      255
370
    60
100
AcDbLine
 10
92.13271441924684
 20
153.5210518163442
 30
0.0
 11
92.03521444482105
 21
153.4235517907699
 31
0.0
  0
LINE
  5
208
330
1F
100
AcDbEntity
  8
Системный слой (1)
  6
K5LT_BASIC
 62
     5
420
      255
370
    60
100
AcDbLine
 10
93.49333810118927
 20
158.5460521732359
 30
0.0
 11
93.45583808151675
 21
158.6210521633997
 31
0.0
  0
ARC
  5
209
330
1F
100
AcDbEntity
  8
Системный слой (1)
  6
K5LT_BASIC
 62
     5
420
      255
370
    60
100
AcDbCircle
 10
55.2652035309107
 20
195.0320485647295
 30
0.0
 40
1.199999999999979
100
AcDbArc
 50
270.0000150286826
 51
347.9753158461971
  0
ARC
  5
20A
330
1F
100
AcDbEntity
  8
Системный слой (1)
  6
K5LT_BASIC
 62
     5
420
      255
370
    60
100
AcDbCircle
 10
129.8652032817222
 20
195.9820681322702
 30
0.0
 40
1.199999999999979
100
AcDbArc
 50
246.4435507195831
 51
270.000015028683
  0
LINE
  5
20B
330
1F
100
AcDbEntity
  8
Системный слой (1)
  6
K5LT_BASIC
 62
     5
420
      255
370
    60
100
AcDbLine
 10
100.6477140782563
 20
154.8210540498286
 30
0.0
 11
100.6802141379295
 21
154.5935540583535
 31
0.0
  0
LINE
  5
20C
330
1F
100
AcDbEntity
  8
Системный слой (1)
  6
K5LT_BASIC
 62
     5
420
      255
370
    60
100
AcDbLine
 10
100.9370879044638
 20
159.2960541257315
 30
0.0
 11
101.0495879093818
 21
159.2773041552403
 31
0.0
  0
LINE
  5
20D
330
1F
100
AcDbEntity
  8
Системный слой (1)
  6
K5LT_BASIC
 62
     5
420
      255
370
    60
100
AcDbLine
 10
93.7558381552886
 20
158.3398022420897
 30
0.0
 11
93.66208814545236
 21
158.3773022174991
 31
0.0
  0
LINE
  5
20E
330
1F
100
AcDbEntity
  8
Системный слой (1)
  6
K5LT_BASIC
 62
     5
420
      255
370
    60
100
AcDbLine
 10
96.62458796348153
 20
159.0710529945628
 30
0.0
 11
96.68083794380905
 21
159.1460530093172
 31
0.0
  0
LINE
  5
20F
330
1F
100
AcDbEntity
  8
Системный слой (1)
  6
K5LT_BASIC
 62
     5
420
      255
370
    60
100
AcDbLine
 10
101.9870879536449
 20
159.1085544011466
 30
0.0
 11
102.0808379290543
 21
159.2023044257372
 31
0.0
  0
LINE
  5
210
330
1F
100
AcDbEntity
  8
Системный слой (1)
  6
K5LT_BASIC
 62
     5
420
      255
370
    60
100
AcDbLine
 10
94.8620878749554
 20
159.408552532259
 30
0.0
 11
94.84333788970979
 21
159.3523025273409
 31
0.0
  0
LINE
  5
211
330
1F
100
AcDbEntity
  8
Системный слой (1)
  6
K5LT_BASIC
 62
     5
420
      255
370
    60
100
AcDbLine
 10
96.2927143936723
 20
153.6185529075122
 30
0.0
 11
96.39021441072181
 21
153.5535529330864
 31
0.0
  0
INSERT
  5
213
330
1F
100
AcDbEntity
  8
Системный слой (1)
100
AcDbBlockReference
  2
U8
 10
0.0
 20
0.0
 30
0.0
  0
LINE
  5
218
330
1F
100
AcDbEntity
  8
Системный слой (1)
  6
K5LT_BASIC
 62
     5
420
      255
370
    60
100
AcDbLine
 10
96.35771414645454
 20
154.5610529245616
 30
0.0
 11
96.5202141549793
 21
154.5285529671854
 31
0.0
  0
LINE
  5
219
330
1F
100
AcDbEntity
  8
Системный слой (1)
  6
K5LT_BASIC
 62
     5
420
      255
370
    60
100
AcDbLine
 10
138.2915335075413
 20
197.1820703424967
 30
0.0
 11
129.8652029669622
 21
197.1820681322702
 31
0.0
  0
LINE
  5
21A
330
1F
100
AcDbEntity
  8
Системный слой (1)
  6
K5LT_BASIC
 62
     5
420
      255
370
    60
100
AcDbLine
 10
101.2327142146522
 20
154.3010542032742
 30
0.0
 11
101.3627141635037
 21
154.4960542373731
 31
0.0
  0
LINE
  5
21B
330
1F
100
AcDbEntity
  8
Системный слой (1)
  6
K5LT_BASIC
 62
     5
420
      255
370
    60
100
AcDbLine
 10
54.16518985196659
 20
245.6820482761196
 30
0.0
 11
54.1651896814716
 21
247.8320482761196
 31
0.0
  0
LINE
  5
21C
330
1F
100
AcDbEntity
  8
Системный слой (1)
  6
K5LT_BASIC
 62
     5
420
      255
370
    60
100
AcDbLine
 10
102.362087958563
 20
159.089804499509
 30
0.0
 11
102.2683379634812
 21
159.0710544749184
 31
0.0
  0
LINE
  5
21D
330
1F
100
AcDbEntity
  8
Системный слой (1)
  6
K5LT_BASIC
 62
     5
420
      255
370
    60
100
AcDbLine
 10
77.49784026519129
 20
225.4320543962344
 30
0.0
 11
77.49783924222129
 21
229.332054396313
 31
0.0
  0
LINE
  5
21E
330
1F
100
AcDbEntity
  8
Системный слой (1)
  6
K5LT_BASIC
 62
     5
420
      255
370
    60
100
AcDbLine
 10
117.4325498258178
 20
229.3320648711876
 30
0.0
 11
117.4325508487878
 21
225.432064871109
 31
0.0
  0
ARC
  5
21F
330
1F
100
AcDbEntity
  8
Системный слой (1)
  6
K5LT_BASIC
 62
     5
420
      255
370
    60
100
AcDbCircle
 10
64.86520328172669
 20
195.9820510827702
 30
0.0
 40
1.199999999999979
100
AcDbArc
 50
270.000015028683
 51
293.5564793377915
  0
LINE
  5
220
330
1F
100
AcDbEntity
  8
Системный слой (1)
  6
K5LT_BASIC
 62
     5
420
      255
370
    60
100
AcDbLine
 10
117.4325521340578
 20
220.5320648711098
 30
0.0
 11
118.1651968422571
 21
220.5320650632825
 31
0.0
  0
LINE
  5
221
330
1F
100
AcDbEntity
  8
Системный слой (1)
  6
K5LT_BASIC
 62
     5
420
      255
370
    60
100
AcDbLine
 10
100.4308380224988
 20
158.8460539929422
 30
0.0
 11
100.3933380618438
 21
158.6960539831059
 31
0.0
  0
LINE
  5
222
330
1F
100
AcDbEntity
  8
Системный слой (1)
  6
K5LT_BASIC
 62
     5
420
      255
370
    60
100
AcDbLine
 10
100.393337953645
 20
159.1085539831059
 30
0.0
 11
100.5058379290544
 21
159.2023040126147
 31
0.0
  0
LINE
  5
223
330
1F
100
AcDbEntity
  8
Системный слой (1)
  6
K5LT_BASIC
 62
     5
420
      255
370
    60
100
AcDbLine
 10
117.4325639900178
 20
175.3320648711868
 30
0.0
 11
118.165208698217
 21
175.3320650633595
 31
0.0
  0
LINE
  5
224
330
1F
100
AcDbEntity
  8
Системный слой (1)
  6
K5LT_BASIC
 62
     5
420
      255
370
    60
100
AcDbLine
 10
118.1651908355871
 20
243.4320650633576
 30
0.0
 11
118.1651921208571
 21
238.5320650633583
 31
0.0
  0
LINE
  5
225
330
1F
100
AcDbEntity
  8
Системный слой (1)
  6
K5LT_BASIC
 62
     5
420
      255
370
    60
100
AcDbLine
 10
100.2808382093875
 20
158.1335539535972
 30
0.0
 11
100.2245881700426
 21
158.2835539388428
 31
0.0
  0
LINE
  5
226
330
1F
100
AcDbEntity
  8
Системный слой (1)
  6
K5LT_BASIC
 62
     5
420
      255
370
    60
100
AcDbLine
 10
99.73771392481086
 20
155.4060538111356
 30
0.0
 11
99.54271391628606
 21
155.4385537599871
 31
0.0
  0
LINE
  5
227
330
1F
100
AcDbEntity
  8
Системный слой (1)
  6
K5LT_BASIC
 62
     5
420
      255
370
    60
100
AcDbLine
 10
140.5652038456675
 20
193.8320709388409
 30
0.0
 11
140.565205046039
 21
189.2557403982719
 31
0.0
  0
LINE
  5
228
330
1F
100
AcDbEntity
  8
Системный слой (1)
  6
K5LT_BASIC
 62
     5
420
      255
370
    60
100
AcDbLine
 10
54.1652109602101
 20
166.7083788166128
 30
0.0
 11
54.16521448884319
 21
153.2557177355522
 31
0.0
  0
ARC
  5
229
330
1F
100
AcDbEntity
  8
Системный слой (1)
  6
K5LT_BASIC
 62
     5
420
      255
370
    60
100
AcDbCircle
 10
118.3651895372034
 20
248.2820651157796
 30
0.0
 40
1.199999999999979
100
AcDbArc
 50
270.000015028682
 51
337.9757021916275
  0
LINE
  5
22A
330
1F
100
AcDbEntity
  8
Системный слой (1)
  6
K5LT_BASIC
 62
     5
420
      255
370
    60
100
AcDbLine
 10
118.1651931438271
 20
234.6320650633584
 30
0.0
 11
118.1651945340171
 21
229.3320650633603
 31
0.0
  0
ARC
  5
22B
330
1F
100
AcDbEntity
  8
Системный слой (1)
  6
K5LT_BASIC
 62
     5
420
      255
370
    60
100
AcDbCircle
 10
53.91521479669579
 20
152.0820482105469
 30
0.0
 40
1.18999999999998
100
AcDbArc
 50
0.0
 51
77.87273815563421
  0
LINE
  5
22C
330
1F
100
AcDbEntity
  8
Системный слой (1)
  6
K5LT_BASIC
 62
     5
420
      255
370
    60
100
AcDbLine
 10
96.88708823889654
 20
158.0210530634166
 30
0.0
 11
96.96208824873277
 21
157.9835530830891
 31
0.0
  0
LINE
  5
22D
330
1F
100
AcDbEntity
  8
Системный слой (1)
  6
K5LT_BASIC
 62
     5
420
      255
370
    60
100
AcDbLine
 10
95.98708798315407
 20
158.9960528273465
 30
0.0
 11
95.89333805692597
 21
158.714802802756
 31
0.0
  0
LINE
  5
22E
330
1F
100
AcDbEntity
  8
Системный слой (1)
  6
K5LT_BASIC
 62
     5
420
      255
370
    60
100
AcDbLine
 10
94.13083828315986
 20
157.8523023404522
 30
0.0
 11
94.03708829299609
 21
157.8148023158616
 31
0.0
  0
LINE
  5
22F
330
1F
100
AcDbEntity
  8
Системный слой (1)
  6
K5LT_BASIC
 62
     5
420
      255
370
    60
100
AcDbLine
 10
117.4325451699928
 20
247.0820648711466
 30
0.0
 11
118.3651898519634
 21
247.0820651157796
 31
0.0
  0
LINE
  5
230
330
1F
100
AcDbEntity
  8
Системный слой (1)
  6
K5LT_BASIC
 62
     5
420
      255
370
    60
100
AcDbLine
 10
117.4325710196578
 20
148.53206487119
 30
0.0
 11
117.4325719770528
 21
144.8820648711497
 31
0.0
  0
ARC
  5
231
330
1F
100
AcDbEntity
  8
Системный слой (1)
  6
K5LT_BASIC
 62
     5
420
      255
370
    60
100
AcDbCircle
 10
53.9152012095558
 20
203.8820482105452
 30
0.0
 40
1.18999999999998
100
AcDbArc
 50
282.1272919017305
 51
0.0
  0
LINE
  5
232
330
1F
100
AcDbEntity
  8
Системный слой (1)
  6
K5LT_BASIC
 62
     5
420
      255
370
    60
100
AcDbLine
 10
96.79333791921839
 20
159.2398030388259
 30
0.0
 11
96.88708790938212
 21
159.2773030634165
 31
0.0
  0
LINE
  5
233
330
1F
100
AcDbEntity
  8
Системный слой (1)
  6
K5LT_BASIC
 62
     5
420
      255
370
    60
100
AcDbLine
 10
94.37458800774482
 20
158.9023024043878
 30
0.0
 11
94.39333803725356
 21
158.789802409306
 31
0.0
  0
LINE
  5
234
330
1F
100
AcDbEntity
  8
Системный слой (1)
  6
K5LT_BASIC
 62
     5
420
      255
370
    60
100
AcDbLine
 10
100.322714189078
 20
154.3985539645812
 30
0.0
 11
100.3227141379295
 21
154.5935539645812
 31
0.0
  0
LINE
  5
235
330
1F
100
AcDbEntity
  8
Системный слой (1)
  6
K5LT_BASIC
 62
     5
420
      255
370
    60
100
AcDbLine
 10
100.2252140271078
 20
155.0160539390068
 30
0.0
 11
100.127713984484
 21
155.1785539134326
 31
0.0
  0
LINE
  5
236
330
1F
100
AcDbEntity
  8
Системный слой (1)
  6
K5LT_BASIC
 62
     5
420
      255
370
    60
100
AcDbLine
 10
91.97021382251437
 20
155.7960517737204
 30
0.0
 11
91.97021431694986
 21
153.9110517737204
 31
0.0
  0
ARC
  5
237
330
1F
100
AcDbEntity
  8
Системный слой (1)
  6
K5LT_BASIC
 62
     5
420
      255
370
    60
100
AcDbCircle
 10
140.8152106523533
 20
167.8820710043384
 30
0.0
 40
1.19999999999998
100
AcDbArc
 50
180.000015028683
 51
257.975315848078
  0
CIRCLE
  5
238
330
1F
100
AcDbEntity
  8
Системный слой (1)
  6
K5LT_BASIC
 62
     5
420
      255
370
    60
100
AcDbCircle
 10
102.4452150012881
 20
151.3020609399653
 30
0.0
 40
0.4999999999999914
  0
LINE
  5
239
330
1F
100
AcDbEntity
  8
Системный слой (1)
  6
K5LT_BASIC
 62
     5
420
      255
370
    60
100
AcDbLine
 10
74.66521688198449
 20
144.1320536532726
 30
0.0
 11
54.16521688198159
 21
144.1320482761226
 31
0.0
  0
LINE
  5
23A
330
1F
100
AcDbEntity
  8
Системный слой (1)
  6
K5LT_BASIC
 62
     5
420
      255
370
    60
100
AcDbLine
 10
101.0495879093818
 20
159.2773041552403
 30
0.0
 11
101.1808379192181
 21
159.2398041896672
 31
0.0
  0
LINE
  5
23B
330
1F
100
AcDbEntity
  8
Системный слой (1)
  6
K5LT_BASIC
 62
     5
420
      255
370
    60
100
AcDbLine
 10
97.54333812086146
 20
158.471053235551
 30
0.0
 11
97.52458816512456
 21
158.3023032306326
 31
0.0
  0
LINE
  5
23C
330
1F
100
AcDbEntity
  8
Системный слой (1)
  6
K5LT_BASIC
 62
     5
420
      255
370
    60
100
AcDbLine
 10
95.61208809627094
 20
158.564802728984
 30
0.0
 11
95.70583803725347
 21
158.7898027535747
 31
0.0
  0
LINE
  5
23D
330
1F
100
AcDbEntity
  8
Системный слой (1)
  6
K5LT_BASIC
 62
     5
420
      255
370
    60
100
AcDbLine
 10
94.13083814053421
 20
158.3960523404522
 30
0.0
 11
94.0370881552886
 21
158.3398023158616
 31
0.0
  0
LINE
  5
23E
330
1F
100
AcDbEntity
  8
Системный слой (1)
  6
K5LT_BASIC
 62
     5
420
      255
370
    60
100
AcDbLine
 10
102.230838233978
 20
158.0398044650822
 30
0.0
 11
102.2870882438143
 21
158.0023044798366
 31
0.0
  0
LINE
  5
23F
330
1F
100
AcDbEntity
  8
Системный слой (1)
  6
K5LT_BASIC
 62
     5
420
      255
370
    60
100
AcDbLine
 10
55.10520550865269
 20
186.9920485226836
 30
0.0
 11
55.11520550865269
 21
186.9920485253066
 31
0.0
  0
LINE
  5
240
330
1F
100
AcDbEntity
  8
Системный слой (1)
  6
K5LT_BASIC
 62
     5
420
      255
370
    60
100
AcDbLine
 10
76.56521572786609
 20
148.5320541516826
 30
0.0
 11
76.5652144425961
 21
153.4320541516825
 31
0.0
  0
LINE
  5
241
330
1F
100
AcDbEntity
  8
Системный слой (1)
  6
K5LT_BASIC
 62
     5
420
      255
370
    60
100
AcDbLine
 10
97.36521441924648
 20
153.5210531888289
 30
0.0
 11
97.365214231702
 21
154.2360531888289
 31
0.0
  0
LINE
  5
242
330
1F
100
AcDbEntity
  8
Системный слой (1)
  6
K5LT_BASIC
 62
     5
420
      255
370
    60
100
AcDbLine
 10
102.1933382192236
 20
158.096054455246
 30
0.0
 11
102.230838233978
 21
158.0398044650822
 31
0.0
  0
LINE
  5
243
330
1F
100
AcDbEntity
  8
Системный слой (1)
  6
K5LT_BASIC
 62
     5
420
      255
370
    60
100
AcDbLine
 10
118.165200278387
 20
207.4320650633606
 30
0.0
 11
118.1652015636571
 21
202.5320650633608
 31
0.0
  0
LINE
  5
244
330
1F
100
AcDbEntity
  8
Системный слой (1)
  6
K5LT_BASIC
 62
     5
420
      255
370
    60
100
AcDbLine
 10
93.96208824873297
 20
157.9835522961891
 30
0.0
 11
94.03708823889674
 21
158.0210523158616
 31
0.0
  0
LINE
  5
245
330
1F
100
AcDbEntity
  8
Системный слой (1)
  6
K5LT_BASIC
 62
     5
420
      255
370
    60
100
AcDbLine
 10
98.86021395890988
 20
155.2760535809673
 30
0.0
 11
98.76271398448414
 21
155.1785535553931
 31
0.0
  0
LINE
  5
246
330
1F
100
AcDbEntity
  8
Системный слой (1)
  6
K5LT_BASIC
 62
     5
420
      255
370
    60
100
AcDbLine
 10
96.32521449596932
 20
153.2285529160369
 30
0.0
 11
96.13021447039509
 21
153.3260528648884
 31
0.0
  0
LINE
  5
247
330
1F
100
AcDbEntity
  8
Системный слой (1)
  6
K5LT_BASIC
 62
     5
420
      255
370
    60
100
AcDbLine
 10
102.8495882487324
 20
157.9835546273803
 30
0.0
 11
102.8495881405336
 21
158.3960546273803
 31
0.0
  0
LINE
  5
248
330
1F
100
AcDbEntity
  8
Системный слой (1)
  6
K5LT_BASIC
 62
     5
420
      255
370
    60
100
AcDbLine
 10
100.4202143766225
 20
153.6835539901555
 30
0.0
 11
100.2902144192463
 21
153.5210539560564
 31
0.0
  0
LINE
  5
249
330
1F
100
AcDbEntity
  8
Системный слой (1)
  6
K5LT_BASIC
 62
     5
420
      255
370
    60
100
AcDbLine
 10
54.1652003246431
 20
207.2557177355503
 30
0.0
 11
54.16519679601009
 21
220.7083788166112
 31
0.0
  0
LINE
  5
24A
330
1F
100
AcDbEntity
  8
Системный слой (1)
  6
K5LT_BASIC
 62
     5
420
      255
370
    60
100
AcDbLine
 10
77.49784970799129
 20
189.4320543963123
 30
0.0
 11
76.5652049997961
 21
189.4320541516796
 31
0.0
  0
LINE
  5
24B
330
1F
100
AcDbEntity
  8
Системный слой (1)
  6
K5LT_BASIC
 62
     5
420
      255
370
    60
100
AcDbLine
 10
76.5652062850661
 20
184.5320541516797
 30
0.0
 11
76.5652049997961
 21
189.4320541516796
 31
0.0
  0
LINE
  5
24C
330
1F
100
AcDbEntity
  8
Системный слой (1)
  6
K5LT_BASIC
 62
     5
420
      255
370
    60
100
AcDbLine
 10
54.1652015174101
 20
202.7083788166898
 30
0.0
 11
54.16520193088159
 21
199.63204827616
 31
0.0
  0
LINE
  5
24D
330
1F
100
AcDbEntity
  8
Системный слой (1)
  6
K5LT_BASIC
 62
     5
420
      255
370
    60
100
AcDbLine
 10
102.1933379142999
 20
159.2585544552459
 30
0.0
 11
102.3433379044636
 21
159.2960544945909
 31
0.0
  0
LINE
  5
24E
330
1F
100
AcDbEntity
  8
Системный слой (1)
  6
K5LT_BASIC
 62
     5
420
      255
370
    60
100
AcDbLine
 10
98.38708818971516
 20
158.2085534568666
 30
0.0
 11
98.38708822906017
 21
158.0585534568666
 31
0.0
  0
LINE
  5
24F
330
1F
100
AcDbEntity
  8
Системный слой (1)
  6
K5LT_BASIC
 62
     5
420
      255
370
    60
100
AcDbLine
 10
118.165214442587
 20
153.4320650633625
 30
0.0
 11
117.4325697343878
 21
153.4320648711898
 31
0.0
  0
LINE
  5
250
330
1F
100
AcDbEntity
  8
Системный слой (1)
  6
K5LT_BASIC
 62
     5
420
      255
370
    60
100
AcDbLine
 10
140.565206238806
 20
184.7084014794114
 30
0.0
 11
140.565209767439
 21
171.2557403981936
 31
0.0
  0
LINE
  5
251
330
1F
100
AcDbEntity
  8
Системный слой (1)
  6
K5LT_BASIC
 62
     5
420
      255
370
    60
100
AcDbLine
 10
96.68083825856903
 20
157.9460530093172
 30
0.0
 11
96.62458823889655
 21
158.0210529945628
 31
0.0
  0
ARC
  5
252
330
1F
100
AcDbEntity
  8
Системный слой (1)
  6
K5LT_BASIC
 62
     5
420
      255
370
    60
100
AcDbCircle
 10
139.4652030325384
 20
196.9320706503108
 30
0.0
 40
1.19999999999998
100
AcDbArc
 50
90.00001502868268
 51
167.9753158461932
  0
LINE
  5
253
330
1F
100
AcDbEntity
  8
Системный слой (1)
  6
K5LT_BASIC
 62
     5
420
      255
370
    60
100
AcDbLine
 10
140.565210960206
 20
166.708401479333
 30
0.0
 11
140.565214488839
 21
153.2557403982722
 31
0.0
  0
LINE
  5
254
330
1F
100
AcDbEntity
  8
Системный слой (1)
  6
K5LT_BASIC
 62
     5
420
      255
370
    60
100
AcDbLine
 10
93.94333790446423
 20
159.2960522912709
 30
0.0
 11
94.03708790938235
 21
159.2773023158615
 31
0.0
  0
LINE
  5
255
330
1F
100
AcDbEntity
  8
Системный слой (1)
  6
K5LT_BASIC
 62
     5
420
      255
370
    60
100
AcDbLine
 10
100.0302143680978
 20
153.7160538878585
 30
0.0
 11
100.1277143425235
 21
153.8135539134327
 31
0.0
  0
ARC
  5
256
330
1F
100
AcDbEntity
  8
Системный слой (1)
  6
K5LT_BASIC
 62
     5
420
      255
370
    60
100
AcDbCircle
 10
53.91519648815579
 20
221.8820482104665
 30
0.0
 40
1.18999999999998
100
AcDbArc
 50
282.1272919017336
 51
0.0
  0
LINE
  5
257
330
1F
100
AcDbEntity
  8
Системный слой (1)
  6
K5LT_BASIC
 62
     5
420
      255
370
    60
100
AcDbLine
 10
93.54958825856926
 20
157.9460521879903
 30
0.0
 11
93.49333823889677
 21
158.0210521732359
 31
0.0
  0
ARC
  5
258
330
1F
100
AcDbEntity
  8
Системный слой (1)
  6
K5LT_BASIC
 62
     5
420
      255
370
    60
100
AcDbCircle
 10
140.8152059309533
 20
185.8820710044167
 30
0.0
 40
1.19999999999998
100
AcDbArc
 50
180.000015028683
 51
257.9753158480767
  0
LINE
  5
259
330
1F
100
AcDbEntity
  8
Системный слой (1)
  6
K5LT_BASIC
 62
     5
420
      255
370
    60
100
AcDbLine
 10
54.16521555736659
 20
147.7820482761229
 30
0.0
 11
54.1652159245866
 21
146.282048276123
 31
0.0
  0
LINE
  5
25A
330
1F
100
AcDbEntity
  8
Системный слой (1)
  6
K5LT_BASIC
 62
     5
420
      255
370
    60
100
AcDbLine
 10
94.2995882388967
 20
158.0210523847153
 30
0.0
 11
94.24333825856921
 21
157.946052369961
 31
0.0
  0
LINE
  5
25B
330
1F
100
AcDbEntity
  8
Системный слой (1)
  6
K5LT_BASIC
 62
     5
420
      255
370
    60
100
AcDbLine
 10
102.193338076598
 20
158.639804455246
 30
0.0
 11
102.2683380913524
 21
158.5835544749184
 31
0.0
  0
LINE
  5
25C
330
1F
100
AcDbEntity
  8
Системный слой (1)
  6
K5LT_BASIC
 62
     5
420
      255
370
    60
100
AcDbLine
 10
77.49784498659129
 20
207.4320543963133
 30
0.0
 11
76.56520027839609
 21
207.4320541516806
 31
0.0
  0
LINE
  5
25D
330
1F
100
AcDbEntity
  8
Системный слой (1)
  6
K5LT_BASIC
 62
     5
420
      255
370
    60
100
AcDbLine
 10
76.56521572786609
 20
148.5320541516826
 30
0.0
 11
76.5652144425961
 21
153.4320541516825
 31
0.0
  0
LINE
  5
25E
330
1F
100
AcDbEntity
  8
Системный слой (1)
  6
K5LT_BASIC
 62
     5
420
      255
370
    60
100
AcDbLine
 10
98.76271398448414
 20
155.1785535553931
 30
0.0
 11
98.66521402710791
 21
155.0160535298189
 31
0.0
  0
LINE
  5
25F
330
1F
100
AcDbEntity
  8
Системный слой (1)
  6
K5LT_BASIC
 62
     5
420
      255
370
    60
100
AcDbLine
 10
96.51208812086153
 20
158.4710529650542
 30
0.0
 11
96.51208808151654
 21
158.6210529650541
 31
0.0
  0
LINE
  5
260
330
1F
100
AcDbEntity
  8
Системный слой (1)
  6
K5LT_BASIC
 62
     5
420
      255
370
    60
100
AcDbLine
 10
77.4978355437913
 20
243.4320543963106
 30
0.0
 11
77.4978345863963
 21
247.0820543962716
 31
0.0
  0
LINE
  5
261
330
1F
100
AcDbEntity
  8
Системный слой (1)
  6
K5LT_BASIC
 62
     5
420
      255
370
    60
100
AcDbLine
 10
93.64333820938799
 20
158.133552212581
 30
0.0
 11
93.68083822414238
 21
158.0773022224172
 31
0.0
  0
LINE
  5
262
330
1F
100
AcDbEntity
  8
Системный слой (1)
  6
K5LT_BASIC
 62
     5
420
      255
370
    60
100
AcDbLine
 10
139.6252149566964
 20
150.9720706922799
 30
0.0
 11
139.6152149566964
 21
150.9720706896569
 31
0.0
  0
LINE
  5
263
330
1F
100
AcDbEntity
  8
Системный слой (1)
  6
K5LT_BASIC
 62
     5
420
      255
370
    60
100
AcDbLine
 10
96.22771395038528
 20
155.3085528904626
 30
0.0
 11
96.13021398448433
 21
155.1785528648884
 31
0.0
  0
LINE
  5
264
330
1F
100
AcDbEntity
  8
Системный слой (1)
  6
K5LT_BASIC
 62
     5
420
      255
370
    60
100
AcDbLine
 10
94.03708790938235
 20
159.2773023158615
 30
0.0
 11
94.13083791921856
 21
159.2398023404522
 31
0.0
  0
LINE
  5
265
330
1F
100
AcDbEntity
  8
Системный слой (1)
  6
K5LT_BASIC
 62
     5
420
      255
370
    60
100
AcDbLine
 10
76.5652015636661
 20
202.5320541516808
 30
0.0
 11
76.56520027839609
 21
207.4320541516806
 31
0.0
  0
LINE
  5
266
330
1F
100
AcDbEntity
  8
Системный слой (1)
  6
K5LT_BASIC
 62
     5
420
      255
370
    60
100
AcDbLine
 10
54.1651956059254
 20
225.2454914418211
 30
0.0
 11
54.16519679332769
 21
220.7186051102619
 31
0.0
  0
LINE
  5
267
330
1F
100
AcDbEntity
  8
Системный слой (1)
  6
K5LT_BASIC
 62
     5
420
      255
370
    60
100
AcDbLine
 10
97.28083799299023
 20
158.9585531666972
 30
0.0
 11
97.24333797823587
 21
159.0148031568609
 31
0.0
  0
LINE
  5
268
330
1F
100
AcDbEntity
  8
Системный слой (1)
  6
K5LT_BASIC
 62
     5
420
      255
370
    60
100
AcDbLine
 10
76.56521341962609
 20
157.3320541516824
 30
0.0
 11
77.49785812782129
 21
157.3320543963151
 31
0.0
  0
LINE
  5
269
330
1F
100
AcDbEntity
  8
Системный слой (1)
  6
K5LT_BASIC
 62
     5
420
      255
370
    60
100
AcDbLine
 10
139.6251960710964
 20
222.9720706921995
 30
0.0
 11
139.6151960710964
 21
222.9720706895765
 31
0.0
  0
LINE
  5
26A
330
1F
100
AcDbEntity
  8
Системный слой (1)
  6
K5LT_BASIC
 62
     5
420
      255
370
    60
100
AcDbLine
 10
92.36021439367262
 20
153.6185518760174
 30
0.0
 11
92.26271440219733
 21
153.5860518504432
 31
0.0
  0
LINE
  5
26B
330
1F
100
AcDbEntity
  8
Системный слой (1)
  6
K5LT_BASIC
 62
     5
420
      255
370
    60
100
AcDbLine
 10
98.7952138651377
 20
155.6335535639179
 30
0.0
 11
98.92521384808812
 21
155.6985535980169
 31
0.0
  0
LINE
  5
26C
330
1F
100
AcDbEntity
  8
Системный слой (1)
  6
K5LT_BASIC
 62
     5
420
      255
370
    60
100
AcDbLine
 10
76.5652062850661
 20
184.5320541516797
 30
0.0
 11
76.5652049997961
 21
189.4320541516796
 31
0.0
  0
LINE
  5
26D
330
1F
100
AcDbEntity
  8
Системный слой (1)
  6
K5LT_BASIC
 62
     5
420
      255
370
    60
100
AcDbLine
 10
98.92521384808812
 20
155.6985535980169
 30
0.0
 11
99.15271383103864
 21
155.7635536576901
 31
0.0
  0
LINE
  5
26E
330
1F
100
AcDbEntity
  8
Системный слой (1)
  6
K5LT_BASIC
 62
     5
420
      255
370
    60
100
AcDbLine
 10
93.41833805200801
 20
158.7335521535634
 30
0.0
 11
93.418338012663
 21
158.8835521535634
 31
0.0
  0
ARC
  5
26F
330
1F
100
AcDbEntity
  8
Системный слой (1)
  6
K5LT_BASIC
 62
     5
420
      255
370
    60
100
AcDbCircle
 10
118.3652169737834
 20
143.6820651157826
 30
0.0
 40
1.199999999999979
100
AcDbArc
 50
22.02432786572516
 51
90.00001502868372
  0
LINE
  5
270
330
1F
100
AcDbEntity
  8
Системный слой (1)
  6
K5LT_BASIC
 62
     5
420
      255
370
    60
100
AcDbLine
 10
99.1527139248109
 20
155.4060536576901
 30
0.0
 11
98.95771394186042
 21
155.3410536065416
 31
0.0
  0
LINE
  5
271
330
1F
100
AcDbEntity
  8
Системный слой (1)
  6
K5LT_BASIC
 62
     5
420
      255
370
    60
100
AcDbLine
 10
101.2558379290544
 20
159.2023042093397
 30
0.0
 11
101.368337953645
 21
159.1085542388484
 31
0.0
  0
ARC
  5
272
330
1F
100
AcDbEntity
  8
Системный слой (1)
  6
K5LT_BASIC
 62
     5
420
      255
370
    60
100
AcDbCircle
 10
53.91521537375579
 20
149.882048210547
 30
0.0
 40
1.199999999999979
100
AcDbArc
 50
282.0247142092879
 51
0.0
  0
LINE
  5
273
330
1F
100
AcDbEntity
  8
Системный слой (1)
  6
K5LT_BASIC
 62
     5
420
      255
370
    60
100
AcDbLine
 10
101.4433379782356
 20
159.0148042585209
 30
0.0
 11
101.5183380077443
 21
158.9023042781934
 31
0.0
  0
LINE
  5
274
330
1F
100
AcDbEntity
  8
Системный слой (1)
  6
K5LT_BASIC
 62
     5
420
      255
370
    60
100
AcDbLine
 10
101.9308379782356
 20
159.0148043863922
 30
0.0
 11
101.9870879536449
 21
159.1085544011466
 31
0.0
  0
LINE
  5
275
330
1F
100
AcDbEntity
  8
Системный слой (1)
  6
K5LT_BASIC
 62
     5
420
      255
370
    60
100
AcDbLine
 10
94.93708782577416
 20
159.5960525519315
 30
0.0
 11
94.9370878552829
 21
159.4835525519315
 31
0.0
  0
ARC
  5
276
330
1F
100
AcDbEntity
  8
Системный слой (1)
  6
K5LT_BASIC
 62
     5
420
      255
370
    60
100
AcDbCircle
 10
76.3652169737855
 20
143.6820540991826
 30
0.0
 40
1.199999999999979
100
AcDbArc
 50
90.0000150286824
 51
157.975702191639
  0
LINE
  5
277
330
1F
100
AcDbEntity
  8
Системный слой (1)
  6
K5LT_BASIC
 62
     5
420
      255
370
    60
100
AcDbLine
 10
102.3433382979136
 20
157.796054494591
 30
0.0
 11
102.2495882929955
 21
157.8148044700003
 31
0.0
  0
LINE
  5
278
330
1F
100
AcDbEntity
  8
Системный слой (1)
  6
K5LT_BASIC
 62
     5
420
      255
370
    60
100
AcDbLine
 10
98.12458824873269
 20
157.9835533880128
 30
0.0
 11
98.06833826348708
 21
157.9273033732585
 31
0.0
  0
LINE
  5
279
330
1F
100
AcDbEntity
  8
Системный слой (1)
  6
K5LT_BASIC
 62
     5
420
      255
370
    60
100
AcDbLine
 10
99.54271382251382
 20
155.7960537599871
 30
0.0
 11
99.73771383103859
 21
155.7635538111356
 31
0.0
  0
LINE
  5
27A
330
1F
100
AcDbEntity
  8
Системный слой (1)
  6
K5LT_BASIC
 62
     5
420
      255
370
    60
100
AcDbLine
 10
117.4325662982578
 20
166.5320648711876
 30
0.0
 11
117.4325673212278
 21
162.6320648711878
 31
0.0
  0
LINE
  5
27B
330
1F
100
AcDbEntity
  8
Системный слой (1)
  6
K5LT_BASIC
 62
     5
420
      255
370
    60
100
AcDbLine
 10
94.39333803725356
 20
158.789802409306
 30
0.0
 11
94.4120880815167
 21
158.621052414224
 31
0.0
  0
LINE
  5
27C
330
1F
100
AcDbEntity
  8
Системный слой (1)
  6
K5LT_BASIC
 62
     5
420
      255
370
    60
100
AcDbLine
 10
99.34771450449388
 20
153.1960537088387
 30
0.0
 11
99.15271449596912
 21
153.2285536576902
 31
0.0
  0
LINE
  5
27D
330
1F
100
AcDbEntity
  8
Системный слой (1)
  6
K5LT_BASIC
 62
     5
420
      255
370
    60
100
AcDbLine
 10
120.0652168557487
 20
144.1320655616926
 30
0.0
 11
119.4776466288127
 21
144.132065407573
 31
0.0
  0
CIRCLE
  5
27E
330
1F
100
AcDbEntity
  8
Системный слой (1)
  6
K5LT_BASIC
 62
     5
420
      255
370
    60
100
AcDbCircle
 10
92.28521500128885
 20
151.3020582749973
 30
0.0
 40
0.4999999999999914
  0
INSERT
  5
280
330
1F
100
AcDbEntity
  8
Системный слой (1)
100
AcDbBlockReference
  2
U9
 10
0.0
 20
0.0
 30
0.0
  0
LINE
  5
285
330
1F
100
AcDbEntity
  8
Системный слой (1)
  6
K5LT_BASIC
 62
     5
420
      255
370
    60
100
AcDbLine
 10
101.5745880520074
 20
158.7335542929479
 30
0.0
 11
101.5933380864343
 21
158.6023042978659
 31
0.0
  0
LINE
  5
286
330
1F
100
AcDbEntity
  8
Системный слой (1)
  6
K5LT_BASIC
 62
     5
420
      255
370
    60
100
AcDbLine
 10
139.4652038456684
 20
193.8320706503896
 30
0.0
 11
140.5652038456675
 21
193.8320709388409
 31
0.0
  0
LINE
  5
287
330
1F
100
AcDbEntity
  8
Системный слой (1)
  6
K5LT_BASIC
 62
     5
420
      255
370
    60
100
AcDbLine
 10
94.37458819463357
 20
158.1898024043879
 30
0.0
 11
94.33708821922421
 21
158.0960523945517
 31
0.0
  0
LINE
  5
288
330
1F
100
AcDbEntity
  8
Системный слой (1)
  6
K5LT_BASIC
 62
     5
420
      255
370
    60
100
AcDbLine
 10
77.49785201623129
 20
180.6320543963126
 30
0.0
 11
77.4978509932613
 21
184.5320543963124
 31
0.0
  0
LINE
  5
289
330
1F
100
AcDbEntity
  8
Системный слой (1)
  6
K5LT_BASIC
 62
     5
420
      255
370
    60
100
AcDbLine
 10
120.0652029931937
 20
197.0820655617302
 30
0.0
 11
120.0651896814687
 21
247.8320655616896
 31
0.0
  0
LINE
  5
28A
330
1F
100
AcDbEntity
  8
Системный слой (1)
  6
K5LT_BASIC
 62
     5
420
      255
370
    60
100
AcDbLine
 10
96.09771401858332
 20
155.0485528563636
 30
0.0
 11
96.09771405268232
 21
154.9185528563636
 31
0.0
  0
ARC
  5
28B
330
1F
100
AcDbEntity
  8
Системный слой (1)
  6
K5LT_BASIC
 62
     5
420
      255
370
    60
100
AcDbCircle
 10
53.9152106523558
 20
167.8820482104682
 30
0.0
 40
1.18999999999998
100
AcDbArc
 50
282.127291901732
 51
0.0
  0
LINE
  5
28C
330
1F
100
AcDbEntity
  8
Системный слой (1)
  6
K5LT_BASIC
 62
     5
420
      255
370
    60
100
AcDbLine
 10
76.56519684226609
 20
220.5320541516025
 30
0.0
 11
77.49784155046129
 21
220.5320543962352
 31
0.0
  0
LINE
  5
28D
330
1F
100
AcDbEntity
  8
Системный слой (1)
  6
K5LT_BASIC
 62
     5
420
      255
370
    60
100
AcDbLine
 10
94.14958799299045
 20
158.9585523453703
 30
0.0
 11
94.11208797823609
 21
159.0148023355341
 31
0.0
  0
ARC
  5
28E
330
1F
100
AcDbEntity
  8
Системный слой (1)
  6
K5LT_BASIC
 62
     5
420
      255
370
    60
100
AcDbCircle
 10
140.8152006324933
 20
206.082071004415
 30
0.0
 40
1.19999999999998
100
AcDbArc
 50
102.0247142092892
 51
180.000015028683
  0
LINE
  5
28F
330
1F
100
AcDbEntity
  8
Системный слой (1)
  6
K5LT_BASIC
 62
     5
420
      255
370
    60
100
AcDbLine
 10
96.53083816512469
 20
158.3023029699721
 30
0.0
 11
96.51208812086153
 21
158.4710529650542
 31
0.0
  0
ARC
  5
290
330
1F
100
AcDbEntity
  8
Системный слой (1)
  6
K5LT_BASIC
 62
     5
420
      255
370
    60
100
AcDbCircle
 10
53.9151911896958
 20
242.0820482105456
 30
0.0
 40
1.18999999999998
100
AcDbArc
 50
0.0
 51
77.87273815562767
  0
LINE
  5
291
330
1F
100
AcDbEntity
  8
Системный слой (1)
  6
K5LT_BASIC
 62
     5
420
      255
370
    60
100
AcDbLine
 10
93.6058380175811
 20
158.8648022027447
 30
0.0
 11
93.60583804708988
 21
158.7523022027447
 31
0.0
  0
LINE
  5
292
330
1F
100
AcDbEntity
  8
Системный слой (1)
  6
K5LT_BASIC
 62
     5
420
      255
370
    60
100
AcDbLine
 10
102.137087997908
 20
158.9398044404915
 30
0.0
 11
102.1183380175805
 21
158.8648044355734
 31
0.0
  0
LINE
  5
293
330
1F
100
AcDbEntity
  8
Системный слой (1)
  6
K5LT_BASIC
 62
     5
420
      255
370
    60
100
AcDbLine
 10
101.2745879979081
 20
158.9398042142578
 30
0.0
 11
101.2183379831537
 21
158.9960541995034
 31
0.0
  0
LINE
  5
294
330
1F
100
AcDbEntity
  8
Системный слой (1)
  6
K5LT_BASIC
 62
     5
420
      255
370
    60
100
AcDbLine
 10
98.34958822906017
 20
158.0585534470303
 30
0.0
 11
98.25583823397831
 21
158.0398034224397
 31
0.0
  0
LINE
  5
295
330
1F
100
AcDbEntity
  8
Системный слой (1)
  6
K5LT_BASIC
 62
     5
420
      255
370
    60
100
AcDbLine
 10
93.94333811102547
 20
158.5085522912709
 30
0.0
 11
94.03708810118924
 21
158.5460523158616
 31
0.0
  0
LINE
  5
296
330
1F
100
AcDbEntity
  8
Системный слой (1)
  6
K5LT_BASIC
 62
     5
420
      255
370
    60
100
AcDbLine
 10
96.71833804545028
 20
158.6585530191534
 30
0.0
 11
96.71833810446778
 21
158.4335530191534
 31
0.0
  0
LINE
  5
297
330
1F
100
AcDbEntity
  8
Системный слой (1)
  6
K5LT_BASIC
 62
     5
420
      255
370
    60
100
AcDbLine
 10
102.1745881585668
 20
158.2273044503278
 30
0.0
 11
102.1745881782393
 21
158.1523044503278
 31
0.0
  0
LINE
  5
298
330
1F
100
AcDbEntity
  8
Системный слой (1)
  6
K5LT_BASIC
 62
     5
420
      255
370
    60
100
AcDbLine
 10
140.5651920719237
 20
238.7186277730605
 30
0.0
 11
140.5651908845214
 21
243.2455141046196
 31
0.0
  0
LINE
  5
299
330
1F
100
AcDbEntity
  8
Системный слой (1)
  6
K5LT_BASIC
 62
     5
420
      255
370
    60
100
AcDbLine
 10
96.48771450449405
 20
153.1960529586607
 30
0.0
 11
96.32521449596932
 21
153.2285529160369
 31
0.0
  0
LINE
  5
29A
330
1F
100
AcDbEntity
  8
Системный слой (1)
  6
K5LT_BASIC
 62
     5
420
      255
370
    60
100
AcDbLine
 10
101.893338037253
 20
158.7898043765559
 30
0.0
 11
101.8933380126624
 21
158.8835543765559
 31
0.0
  0
LINE
  5
29B
330
1F
100
AcDbEntity
  8
Системный слой (1)
  6
K5LT_BASIC
 62
     5
420
      255
370
    60
100
AcDbLine
 10
99.15271383103864
 20
155.7635536576901
 30
0.0
 11
99.34771382251387
 21
155.7960537088386
 31
0.0
  0
LINE
  5
29C
330
1F
100
AcDbEntity
  8
Системный слой (1)
  6
K5LT_BASIC
 62
     5
420
      255
370
    60
100
AcDbLine
 10
102.8495881405336
 20
158.3960546273803
 30
0.0
 11
102.3620881405337
 21
158.3960544995091
 31
0.0
  0
LINE
  5
29D
330
1F
100
AcDbEntity
  8
Системный слой (1)
  6
K5LT_BASIC
 62
     5
420
      255
370
    60
100
AcDbLine
 10
139.6252055086504
 20
186.9920706922796
 30
0.0
 11
139.6252055138964
 21
186.9720706922796
 31
0.0
  0
LINE
  5
29E
330
1F
100
AcDbEntity
  8
Системный слой (1)
  6
K5LT_BASIC
 62
     5
420
      255
370
    60
100
AcDbLine
 10
98.24271409530593
 20
154.7560534189971
 30
0.0
 11
98.34021401005843
 21
155.0810534445714
 31
0.0
  0
ARC
  5
29F
330
1F
100
AcDbEntity
  8
Системный слой (1)
  6
K5LT_BASIC
 62
     5
420
      255
370
    60
100
AcDbCircle
 10
140.8151917667533
 20
239.8820710044152
 30
0.0
 40
1.19999999999998
100
AcDbArc
 50
180.000015028683
 51
257.975315848077
  0
LINE
  5
2A0
330
1F
100
AcDbEntity
  8
Системный слой (1)
  6
K5LT_BASIC
 62
     5
420
      255
370
    60
100
AcDbLine
 10
94.7120878897098
 20
159.352302492914
 30
0.0
 11
94.73083787495543
 21
159.4085524978322
 31
0.0
  0
LINE
  5
2A1
330
1F
100
AcDbEntity
  8
Системный слой (1)
  6
K5LT_BASIC
 62
     5
420
      255
370
    60
100
AcDbLine
 10
102.1745881847968
 20
158.2273044503278
 30
0.0
 11
102.1745882044693
 21
158.1523044503278
 31
0.0
  0
ARC
  5
2A2
330
1F
100
AcDbEntity
  8
Системный слой (1)
  6
K5LT_BASIC
 62
     5
420
      255
370
    60
100
AcDbCircle
 10
53.91520535389579
 20
188.0820482105466
 30
0.0
 40
1.199999999999979
100
AcDbArc
 50
0.0
 51
77.97531584807842
  0
LINE
  5
2A3
330
1F
100
AcDbEntity
  8
Системный слой (1)
  6
K5LT_BASIC
 62
     5
420
      255
370
    60
100
AcDbLine
 10
54.1652050487254
 20
189.2454914419013
 30
0.0
 11
54.1652048729694
 21
188.5155486917868
 31
0.0
  0
LINE
  5
2A4
330
1F
100
AcDbEntity
  8
Системный слой (1)
  6
K5LT_BASIC
 62
     5
420
      255
370
    60
100
AcDbLine
 10
54.1652005013466
 20
205.0820482761202
 30
0.0
 11
54.16520095604369
 21
203.4485478604538
 31
0.0
  0
LINE
  5
2A5
330
1F
100
AcDbEntity
  8
Системный слой (1)
  6
K5LT_BASIC
 62
     5
420
      255
370
    60
100
AcDbLine
 10
101.0495882388962
 20
158.0210541552403
 30
0.0
 11
101.16208822906
 21
158.0585541847491
 31
0.0
  0
LINE
  5
2A6
330
1F
100
AcDbEntity
  8
Системный слой (1)
  6
K5LT_BASIC
 62
     5
420
      255
370
    60
100
AcDbLine
 10
98.95771438514737
 20
153.6510536065417
 30
0.0
 11
99.15271440219688
 21
153.5860536576902
 31
0.0
  0
LINE
  5
2A7
330
1F
100
AcDbEntity
  8
Системный слой (1)
  6
K5LT_BASIC
 62
     5
420
      255
370
    60
100
AcDbLine
 10
139.6152055086504
 20
186.9920706896566
 30
0.0
 11
139.6252055086504
 21
186.9920706922796
 31
0.0
  0
LINE
  5
2A8
330
1F
100
AcDbEntity
  8
Системный слой (1)
  6
K5LT_BASIC
 62
     5
420
      255
370
    60
100
AcDbLine
 10
77.4978345863963
 20
247.0820543962716
 30
0.0
 11
96.56518985196455
 21
247.0820593976396
 31
0.0
  0
LINE
  5
2A9
330
1F
100
AcDbEntity
  8
Системный слой (1)
  6
K5LT_BASIC
 62
     5
420
      255
370
    60
100
AcDbLine
 10
99.54271441072159
 20
153.5535537599872
 30
0.0
 11
99.73771440219681
 21
153.5860538111357
 31
0.0
  0
LINE
  5
2AA
330
1F
100
AcDbEntity
  8
Системный слой (1)
  6
K5LT_BASIC
 62
     5
420
      255
370
    60
100
AcDbLine
 10
100.5058379290544
 20
159.2023040126147
 30
0.0
 11
100.5808379192182
 21
159.2398040322872
 31
0.0
  0
LINE
  5
2AB
330
1F
100
AcDbEntity
  8
Системный слой (1)
  6
K5LT_BASIC
 62
     5
420
      255
370
    60
100
AcDbLine
 10
96.52021391628631
 20
155.4385529671854
 30
0.0
 11
96.3577139248111
 21
155.4060529245616
 31
0.0
  0
LINE
  5
2AC
330
1F
100
AcDbEntity
  8
Системный слой (1)
  6
K5LT_BASIC
 62
     5
420
      255
370
    60
100
AcDbLine
 10
118.1652025866271
 20
198.6320650633609
 30
0.0
 11
117.4325578784278
 21
198.6320648711882
 31
0.0
  0
LINE
  5
2AD
330
1F
100
AcDbEntity
  8
Системный слой (1)
  6
K5LT_BASIC
 62
     5
420
      255
370
    60
100
AcDbLine
 10
55.10519591109569
 20
224.0820485226034
 30
0.0
 11
55.10519648815569
 21
221.8820485226035
 31
0.0
  0
LINE
  5
2AE
330
1F
100
AcDbEntity
  8
Системный слой (1)
  6
K5LT_BASIC
 62
     5
420
      255
370
    60
100
AcDbLine
 10
94.03708823889674
 20
158.0210523158616
 30
0.0
 11
94.11208822414231
 21
158.0773023355341
 31
0.0
  0
LINE
  5
2AF
330
1F
100
AcDbEntity
  8
Системный слой (1)
  6
K5LT_BASIC
 62
     5
420
      255
370
    60
100
AcDbLine
 10
100.2245881700426
 20
158.2835539388428
 30
0.0
 11
100.4120881602063
 21
158.3210539880241
 31
0.0
  0
LINE
  5
2B0
330
1F
100
AcDbEntity
  8
Системный слой (1)
  6
K5LT_BASIC
 62
     5
420
      255
370
    60
100
AcDbLine
 10
95.83771434252384
 20
153.8135527881657
 30
0.0
 11
95.83771430842485
 21
153.9435527881657
 31
0.0
  0
LINE
  5
2B1
330
1F
100
AcDbEntity
  8
Системный слой (1)
  6
K5LT_BASIC
 62
     5
420
      255
370
    60
100
AcDbLine
 10
100.4870879979081
 20
158.9398040076966
 30
0.0
 11
100.4308380224988
 21
158.8460539929422
 31
0.0
  0
LINE
  5
2B2
330
1F
100
AcDbEntity
  8
Системный слой (1)
  6
K5LT_BASIC
 62
     5
420
      255
370
    60
100
AcDbLine
 10
102.1933381700424
 20
158.283554455246
 30
0.0
 11
102.1745881847968
 21
158.2273044503278
 31
0.0
  0
LINE
  5
2B3
330
1F
100
AcDbEntity
  8
Системный слой (1)
  6
K5LT_BASIC
 62
     5
420
      255
370
    60
100
AcDbLine
 10
54.16520032732539
 20
207.2454914418997
 30
0.0
 11
54.16520151472769
 21
202.7186051103404
 31
0.0
  0
LINE
  5
2B4
330
1F
100
AcDbEntity
  8
Системный слой (1)
  6
K5LT_BASIC
 62
     5
420
      255
370
    60
100
AcDbLine
 10
118.1651978652271
 20
216.6320650632826
 30
0.0
 11
117.4325531570278
 21
216.6320648711099
 31
0.0
  0
LINE
  5
2B5
330
1F
100
AcDbEntity
  8
Системный слой (1)
  6
K5LT_BASIC
 62
     5
420
      255
370
    60
100
AcDbLine
 10
77.49785915079119
 20
153.4320543963152
 30
0.0
 11
77.49785812782129
 21
157.3320543963151
 31
0.0
  0
LINE
  5
2B6
330
1F
100
AcDbEntity
  8
Системный слой (1)
  6
K5LT_BASIC
 62
     5
420
      255
370
    60
100
AcDbLine
 10
54.16520032732539
 20
207.2454914418997
 30
0.0
 11
54.1652005013466
 21
205.0820482761202
 31
0.0
  0
LINE
  5
2B7
330
1F
100
AcDbEntity
  8
Системный слой (1)
  6
K5LT_BASIC
 62
     5
420
      255
370
    60
100
AcDbLine
 10
101.36833815037
 20
158.3585542388484
 30
0.0
 11
101.3870881159431
 21
158.4898042437665
 31
0.0
  0
LINE
  5
2B8
330
1F
100
AcDbEntity
  8
Системный слой (1)
  6
K5LT_BASIC
 62
     5
420
      255
370
    60
100
AcDbLine
 10
139.6152100752934
 20
170.0820706895783
 30
0.0
 11
139.6152106523534
 21
167.8820706895784
 31
0.0
  0
LINE
  5
2B9
330
1F
100
AcDbEntity
  8
Системный слой (1)
  6
K5LT_BASIC
 62
     5
420
      255
370
    60
100
AcDbLine
 10
95.90271416350409
 20
154.4960528052152
 30
0.0
 11
95.7727141123556
 21
154.6910527711161
 31
0.0
  0
LINE
  5
2BA
330
1F
100
AcDbEntity
  8
Системный слой (1)
  6
K5LT_BASIC
 62
     5
420
      255
370
    60
100
AcDbLine
 10
99.34771441072161
 20
153.5535537088387
 30
0.0
 11
99.54271441072159
 21
153.5535537599872
 31
0.0
  0
LINE
  5
2BB
330
1F
100
AcDbEntity
  8
Системный слой (1)
  6
K5LT_BASIC
 62
     5
420
      255
370
    60
100
AcDbLine
 10
97.36521415497924
 20
154.5285531888289
 30
0.0
 11
97.36521391628624
 21
155.4385531888289
 31
0.0
  0
LINE
  5
2BC
330
1F
100
AcDbEntity
  8
Системный слой (1)
  6
K5LT_BASIC
 62
     5
420
      255
370
    60
100
AcDbLine
 10
98.34021401005843
 20
155.0810534445714
 30
0.0
 11
98.43771395890991
 21
155.2760534701456
 31
0.0
  0
CIRCLE
  5
2BD
330
1F
100
AcDbEntity
  8
Системный слой (1)
  6
K5LT_BASIC
 62
     5
420
      255
370
    60
100
AcDbCircle
 10
92.28521566753085
 20
148.7620582749973
 30
0.0
 40
0.4999999999999914
  0
ARC
  5
2BE
330
1F
100
AcDbEntity
  8
Системный слой (1)
  6
K5LT_BASIC
 62
     5
420
      255
370
    60
100
AcDbCircle
 10
53.91520593095579
 20
185.8820482105467
 30
0.0
 40
1.18999999999998
100
AcDbArc
 50
282.1272919017323
 51
0.0
  0
LINE
  5
2BF
330
1F
100
AcDbEntity
  8
Системный слой (1)
  6
K5LT_BASIC
 62
     5
420
      255
370
    60
100
AcDbLine
 10
102.3620881405337
 20
158.3960544995091
 30
0.0
 11
102.2870881454518
 21
158.3773044798366
 31
0.0
  0
LINE
  5
2C0
330
1F
100
AcDbEntity
  8
Системный слой (1)
  6
K5LT_BASIC
 62
     5
420
      255
370
    60
100
AcDbLine
 10
97.37458825856898
 20
157.9460531912878
 30
0.0
 11
97.31833827332336
 21
157.8898031765335
 31
0.0
  0
LINE
  5
2C1
330
1F
100
AcDbEntity
  8
Системный слой (1)
  6
K5LT_BASIC
 62
     5
420
      255
370
    60
100
AcDbLine
 10
99.96521384808804
 20
155.6985538708089
 30
0.0
 11
100.0952138651376
 21
155.6335539049079
 31
0.0
  0
LINE
  5
2C2
330
1F
100
AcDbEntity
  8
Системный слой (1)
  6
K5LT_BASIC
 62
     5
420
      255
370
    60
100
AcDbLine
 10
94.89958786020104
 20
159.4648025420953
 30
0.0
 11
94.8620878749554
 21
159.408552532259
 31
0.0
  0
LINE
  5
2C3
330
1F
100
AcDbEntity
  8
Системный слой (1)
  6
K5LT_BASIC
 62
     5
420
      255
370
    60
100
AcDbLine
 10
118.165207308027
 20
180.6320650633598
 30
0.0
 11
117.4325625998278
 21
180.6320648711871
 31
0.0
  0
LINE
  5
2C4
330
1F
100
AcDbEntity
  8
Системный слой (1)
  6
K5LT_BASIC
 62
     5
420
      255
370
    60
100
AcDbLine
 10
100.8245882979137
 20
157.7960540962228
 30
0.0
 11
100.7120882929956
 21
157.8148040667141
 31
0.0
  0
LINE
  5
2C5
330
1F
100
AcDbEntity
  8
Системный слой (1)
  6
K5LT_BASIC
 62
     5
420
      255
370
    60
100
AcDbLine
 10
96.09771405268232
 20
154.9185528563636
 30
0.0
 11
96.13021408678131
 21
154.7885528648884
 31
0.0
  0
LINE
  5
2C6
330
1F
100
AcDbEntity
  8
Системный слой (1)
  6
K5LT_BASIC
 62
     5
420
      255
370
    60
100
AcDbLine
 10
94.22458811594358
 20
158.4898023650428
 30
0.0
 11
94.13083814053421
 21
158.3960523404522
 31
0.0
  0
LINE
  5
2C7
330
1F
100
AcDbEntity
  8
Системный слой (1)
  6
K5LT_BASIC
 62
     5
420
      255
370
    60
100
AcDbLine
 10
54.16520623881009
 20
184.7083788166914
 30
0.0
 11
54.16520976744309
 21
171.2557177354734
 31
0.0
  0
LINE
  5
2C8
330
1F
100
AcDbEntity
  8
Системный слой (1)
  6
K5LT_BASIC
 62
     5
420
      255
370
    60
100
AcDbLine
 10
96.39021441072181
 20
153.5535529330864
 30
0.0
 11
96.52021441924653
 21
153.5210529671854
 31
0.0
  0
LINE
  5
2C9
330
1F
100
AcDbEntity
  8
Системный слой (1)
  6
K5LT_BASIC
 62
     5
420
      255
370
    60
100
AcDbLine
 10
118.165212029427
 20
162.6320650633605
 30
0.0
 11
117.4325673212278
 21
162.6320648711878
 31
0.0
  0
LINE
  5
2CA
330
1F
100
AcDbEntity
  8
Системный слой (1)
  6
K5LT_BASIC
 62
     5
420
      255
370
    60
100
AcDbLine
 10
98.6002139077614
 20
155.4710535127693
 30
0.0
 11
98.7952138651377
 21
155.6335535639179
 31
0.0
  0
LINE
  5
2CB
330
1F
100
AcDbEntity
  8
Системный слой (1)
  6
K5LT_BASIC
 62
     5
420
      255
370
    60
100
AcDbLine
 10
95.87021390776161
 20
155.4710527966904
 30
0.0
 11
96.03271386513781
 21
155.6335528393141
 31
0.0
  0
LINE
  5
2CC
330
1F
100
AcDbEntity
  8
Системный слой (1)
  6
K5LT_BASIC
 62
     5
420
      255
370
    60
100
AcDbLine
 10
101.9683381847968
 20
158.2273043962285
 30
0.0
 11
101.9870881602062
 21
158.3210544011466
 31
0.0
  0
ARC
  5
2CD
330
1F
100
AcDbEntity
  8
Системный слой (1)
  6
K5LT_BASIC
 62
     5
420
      255
370
    60
100
AcDbCircle
 10
140.8152147966933
 20
152.0820710044168
 30
0.0
 40
1.18999999999998
100
AcDbArc
 50
102.1272919017323
 51
180.000015028683
  0
LINE
  5
2CE
330
1F
100
AcDbEntity
  8
Системный слой (1)
  6
K5LT_BASIC
 62
     5
420
      255
370
    60
100
AcDbLine
 10
94.71208796348168
 20
159.0710524929141
 30
0.0
 11
94.7120878897098
 21
159.352302492914
 31
0.0
  0
LINE
  5
2CF
330
1F
100
AcDbEntity
  8
Системный слой (1)
  6
K5LT_BASIC
 62
     5
420
      255
370
    60
100
AcDbLine
 10
102.0620882585687
 20
157.9460544208191
 30
0.0
 11
101.9870882290599
 21
158.0585544011466
 31
0.0
  0
LINE
  5
2D0
330
1F
100
AcDbEntity
  8
Системный слой (1)
  6
K5LT_BASIC
 62
     5
420
      255
370
    60
100
AcDbLine
 10
77.49784026519129
 20
225.4320543962344
 30
0.0
 11
76.56519555699609
 21
225.4320541516017
 31
0.0
  0
LINE
  5
2D1
330
1F
100
AcDbEntity
  8
Системный слой (1)
  6
K5LT_BASIC
 62
     5
420
      255
370
    60
100
AcDbLine
 10
98.16518987819445
 20
247.0820598173196
 30
0.0
 11
98.16519008803445
 21
246.2820598173186
 31
0.0
  0
LINE
  5
2D2
330
1F
100
AcDbEntity
  8
Системный слой (1)
  6
K5LT_BASIC
 62
     5
420
      255
370
    60
100
AcDbLine
 10
120.0652029931937
 20
197.0820655617302
 30
0.0
 11
120.0651896814687
 21
247.8320655616896
 31
0.0
  0
ARC
  5
2D3
330
1F
100
AcDbEntity
  8
Системный слой (1)
  6
K5LT_BASIC
 62
     5
420
      255
370
    60
100
AcDbCircle
 10
53.91520535389579
 20
188.0820482105466
 30
0.0
 40
1.18999999999998
100
AcDbArc
 50
0.0
 51
77.8727381556344
  0
LINE
  5
2D4
330
1F
100
AcDbEntity
  8
Системный слой (1)
  6
K5LT_BASIC
 62
     5
420
      255
370
    60
100
AcDbLine
 10
95.87021438514759
 20
153.6510527966904
 30
0.0
 11
95.83771434252384
 21
153.8135527881657
 31
0.0
  0
LINE
  5
2D5
330
1F
100
AcDbEntity
  8
Системный слой (1)
  6
K5LT_BASIC
 62
     5
420
      255
370
    60
100
AcDbLine
 10
54.16521555736659
 20
147.7820482761229
 30
0.0
 11
54.16521568161009
 21
148.7083788166917
 31
0.0
  0
LINE
  5
2D6
330
1F
100
AcDbEntity
  8
Системный слой (1)
  6
K5LT_BASIC
 62
     5
420
      255
370
    60
100
AcDbLine
 10
96.96208824873277
 20
157.9835530830891
 30
0.0
 11
97.09333824873275
 21
157.983553117516
 31
0.0
  0
LINE
  5
2D7
330
1F
100
AcDbEntity
  8
Системный слой (1)
  6
K5LT_BASIC
 62
     5
420
      255
370
    60
100
AcDbLine
 10
55.1152007924987
 20
204.972048525305
 30
0.0
 11
55.10520079249869
 21
204.972048522682
 31
0.0
  0
LINE
  5
2D8
330
1F
100
AcDbEntity
  8
Системный слой (1)
  6
K5LT_BASIC
 62
     5
420
      255
370
    60
100
AcDbLine
 10
95.70583816020664
 20
158.3210527535748
 30
0.0
 11
95.46208824873287
 21
157.9835526896391
 31
0.0
  0
LINE
  5
2D9
330
1F
100
AcDbEntity
  8
Системный слой (1)
  6
K5LT_BASIC
 62
     5
420
      255
370
    60
100
AcDbLine
 10
101.9477145044937
 20
153.1960543908187
 30
0.0
 11
101.6877144959689
 21
153.2285543226207
 31
0.0
  0
LINE
  5
2DA
330
1F
100
AcDbEntity
  8
Системный слой (1)
  6
K5LT_BASIC
 62
     5
420
      255
370
    60
100
AcDbLine
 10
100.09521446187
 20
153.3585539049079
 30
0.0
 11
99.9652144789196
 21
153.293553870809
 31
0.0
  0
LINE
  5
2DB
330
1F
100
AcDbEntity
  8
Системный слой (1)
  6
K5LT_BASIC
 62
     5
420
      255
370
    60
100
AcDbLine
 10
91.61833796348188
 20
159.0710516814234
 30
0.0
 11
91.39333796348188
 21
159.0710516224059
 31
0.0
  0
LINE
  5
2DC
330
1F
100
AcDbEntity
  8
Системный слой (1)
  6
K5LT_BASIC
 62
     5
420
      255
370
    60
100
AcDbLine
 10
140.565215681606
 20
148.7084014794117
 30
0.0
 11
140.5652168819775
 21
144.1320709388426
 31
0.0
  0
ARC
  5
2DD
330
1F
100
AcDbEntity
  8
Системный слой (1)
  6
K5LT_BASIC
 62
     5
420
      255
370
    60
100
AcDbCircle
 10
140.8152053538933
 20
188.0820710044166
 30
0.0
 40
1.199999999999979
100
AcDbArc
 50
102.0247142092887
 51
180.0000150286825
  0
ARC
  5
2DE
330
1F
100
AcDbEntity
  8
Системный слой (1)
  6
K5LT_BASIC
 62
     5
420
      255
370
    60
100
AcDbCircle
 10
139.4652035309084
 20
195.0320706503895
 30
0.0
 40
1.199999999999979
100
AcDbArc
 50
192.0247142111681
 51
270.0000150286832
  0
LINE
  5
2DF
330
1F
100
AcDbEntity
  8
Системный слой (1)
  6
K5LT_BASIC
 62
     5
420
      255
370
    60
100
AcDbLine
 10
55.1051960710987
 20
222.9720485226035
 30
0.0
 11
55.11519607109869
 21
222.9720485252265
 31
0.0
  0
LINE
  5
2E0
330
1F
100
AcDbEntity
  8
Системный слой (1)
  6
K5LT_BASIC
 62
     5
420
      255
370
    60
100
AcDbLine
 10
96.71833807168028
 20
158.6585530191535
 30
0.0
 11
96.71833813069779
 21
158.4335530191534
 31
0.0
  0
LINE
  5
2E1
330
1F
100
AcDbEntity
  8
Системный слой (1)
  6
K5LT_BASIC
 62
     5
420
      255
370
    60
100
AcDbLine
 10
77.49785915079119
 20
153.4320543963152
 30
0.0
 11
76.5652144425961
 21
153.4320541516825
 31
0.0
  0
LINE
  5
2E2
330
1F
100
AcDbEntity
  8
Системный слой (1)
  6
K5LT_BASIC
 62
     5
420
      255
370
    60
100
AcDbLine
 10
100.2433380126625
 20
158.883553943761
 30
0.0
 11
100.2995879831538
 21
158.9960539585153
 31
0.0
  0
LINE
  5
2E3
330
1F
100
AcDbEntity
  8
Системный слой (1)
  6
K5LT_BASIC
 62
     5
420
      255
370
    60
100
AcDbLine
 10
95.46208817004288
 20
158.2835526896391
 30
0.0
 11
95.61208809627094
 21
158.564802728984
 31
0.0
  0
LINE
  5
2E4
330
1F
100
AcDbEntity
  8
Системный слой (1)
  6
K5LT_BASIC
 62
     5
420
      255
370
    60
100
AcDbLine
 10
96.52021441924653
 20
153.5210529671854
 30
0.0
 11
97.36521441924648
 21
153.5210531888289
 31
0.0
  0
LINE
  5
2E5
330
1F
100
AcDbEntity
  8
Системный слой (1)
  6
K5LT_BASIC
 62
     5
420
      255
370
    60
100
AcDbLine
 10
92.26271440219733
 20
153.5860518504432
 30
0.0
 11
92.13271441924684
 21
153.5210518163442
 31
0.0
  0
LINE
  5
2E6
330
1F
100
AcDbEntity
  8
Системный слой (1)
  6
K5LT_BASIC
 62
     5
420
      255
370
    60
100
AcDbLine
 10
98.5677144192464
 20
153.5210535042447
 30
0.0
 11
98.40521435104843
 21
153.7810534616209
 31
0.0
  0
LINE
  5
2E7
330
1F
100
AcDbEntity
  8
Системный слой (1)
  6
K5LT_BASIC
 62
     5
420
      255
370
    60
100
AcDbLine
 10
93.75583823889671
 20
158.0210522420897
 30
0.0
 11
93.83083824873297
 21
157.9835522617622
 31
0.0
  0
LINE
  5
2E8
330
1F
100
AcDbEntity
  8
Системный слой (1)
  6
K5LT_BASIC
 62
     5
420
      255
370
    60
100
AcDbLine
 10
100.4683382684051
 20
157.9085540027784
 30
0.0
 11
100.3745882487325
 21
157.9835539781878
 31
0.0
  0
LINE
  5
2E9
330
1F
100
AcDbEntity
  8
Системный слой (1)
  6
K5LT_BASIC
 62
     5
420
      255
370
    60
100
AcDbLine
 10
139.6152059309534
 20
185.8820706896567
 30
0.0
 11
139.6152053538934
 21
188.0820706896566
 31
0.0
  0
LINE
  5
2EA
330
1F
100
AcDbEntity
  8
Системный слой (1)
  6
K5LT_BASIC
 62
     5
420
      255
370
    60
100
AcDbLine
 10
93.94333816020672
 20
158.321052291271
 30
0.0
 11
93.84958816020674
 21
158.3210522666803
 31
0.0
  0
LINE
  5
2EB
330
1F
100
AcDbEntity
  8
Системный слой (1)
  6
K5LT_BASIC
 62
     5
420
      255
370
    60
100
AcDbLine
 10
139.6152153737534
 20
149.882070689657
 30
0.0
 11
139.6152147966934
 21
152.0820706896568
 31
0.0
  0
LINE
  5
2EC
330
1F
100
AcDbEntity
  8
Системный слой (1)
  6
K5LT_BASIC
 62
     5
420
      255
370
    60
100
AcDbLine
 10
96.19521434252381
 20
153.8135528819379
 30
0.0
 11
96.22771436809808
 21
153.7160528904627
 31
0.0
  0
LINE
  5
2ED
330
1F
100
AcDbEntity
  8
Системный слой (1)
  6
K5LT_BASIC
 62
     5
420
      255
370
    60
100
AcDbLine
 10
100.8245882438144
 20
158.0023040962228
 30
0.0
 11
100.9370882438144
 21
158.0023041257316
 31
0.0
  0
LINE
  5
2EE
330
1F
100
AcDbEntity
  8
Системный слой (1)
  6
K5LT_BASIC
 62
     5
420
      255
370
    60
100
AcDbLine
 10
100.5808382831594
 20
157.8523040322872
 30
0.0
 11
100.4683382684051
 21
157.9085540027784
 31
0.0
  0
LINE
  5
2EF
330
1F
100
AcDbEntity
  8
Системный слой (1)
  6
K5LT_BASIC
 62
     5
420
      255
370
    60
100
AcDbLine
 10
96.88708790938212
 20
159.2773030634165
 30
0.0
 11
96.962087904464
 21
159.296053083089
 31
0.0
  0
LINE
  5
2F0
330
1F
100
AcDbEntity
  8
Системный слой (1)
  6
K5LT_BASIC
 62
     5
420
      255
370
    60
100
AcDbLine
 10
77.4978355437913
 20
243.4320543963106
 30
0.0
 11
76.5651908355961
 21
243.4320541516776
 31
0.0
  0
LINE
  5
2F1
330
1F
100
AcDbEntity
  8
Системный слой (1)
  6
K5LT_BASIC
 62
     5
420
      255
370
    60
100
AcDbLine
 10
101.5902143680977
 20
153.7160542970464
 30
0.0
 11
101.687714393672
 21
153.6185543226207
 31
0.0
  0
LINE
  5
2F2
330
1F
100
AcDbEntity
  8
Системный слой (1)
  6
K5LT_BASIC
 62
     5
420
      255
370
    60
100
AcDbLine
 10
117.4325568554578
 20
202.5320648711881
 30
0.0
 11
117.4325578784278
 21
198.6320648711882
 31
0.0
  0
LINE
  5
2F3
330
1F
100
AcDbEntity
  8
Системный слой (1)
  6
K5LT_BASIC
 62
     5
420
      255
370
    60
100
AcDbLine
 10
94.14958807168044
 20
158.6585523453703
 30
0.0
 11
94.18708804708983
 21
158.7523023552066
 31
0.0
  0
LINE
  5
2F4
330
1F
100
AcDbEntity
  8
Системный слой (1)
  6
K5LT_BASIC
 62
     5
420
      255
370
    60
100
AcDbLine
 10
102.2683379634812
 20
159.0710544749184
 30
0.0
 11
102.1933379782355
 21
159.0148044552459
 31
0.0
  0
LINE
  5
2F5
330
1F
100
AcDbEntity
  8
Системный слой (1)
  6
K5LT_BASIC
 62
     5
420
      255
370
    60
100
AcDbLine
 10
55.10520535389569
 20
188.0820485226836
 30
0.0
 11
55.10520593095569
 21
185.8820485226837
 31
0.0
  0
LINE
  5
2F6
330
1F
100
AcDbEntity
  8
Системный слой (1)
  6
K5LT_BASIC
 62
     5
420
      255
370
    60
100
AcDbLine
 10
97.99333829791394
 20
157.796053353586
 30
0.0
 11
97.84333829791396
 21
157.796053314241
 31
0.0
  0
LINE
  5
2F7
330
1F
100
AcDbEntity
  8
Системный слой (1)
  6
K5LT_BASIC
 62
     5
420
      255
370
    60
100
AcDbLine
 10
100.680214189078
 20
154.3985540583534
 30
0.0
 11
100.6477142487513
 21
154.1710540498287
 31
0.0
  0
LINE
  5
2F8
330
1F
100
AcDbEntity
  8
Системный слой (1)
  6
K5LT_BASIC
 62
     5
420
      255
370
    60
100
AcDbLine
 10
90.34333790446448
 20
159.2960513469909
 30
0.0
 11
90.56833790446446
 21
159.2960514060084
 31
0.0
  0
LINE
  5
2F9
330
1F
100
AcDbEntity
  8
Системный слой (1)
  6
K5LT_BASIC
 62
     5
420
      255
370
    60
100
AcDbLine
 10
54.16520623881009
 20
184.7083788166914
 30
0.0
 11
54.16520976744309
 21
171.2557177354734
 31
0.0
  0
LINE
  5
2FA
330
1F
100
AcDbEntity
  8
Системный слой (1)
  6
K5LT_BASIC
 62
     5
420
      255
370
    60
100
AcDbLine
 10
98.7302144533454
 20
153.3910535468684
 30
0.0
 11
98.5677144192464
 21
153.5210535042447
 31
0.0
  0
LINE
  5
2FB
330
1F
100
AcDbEntity
  8
Системный слой (1)
  6
K5LT_BASIC
 62
     5
420
      255
370
    60
100
AcDbLine
 10
76.5651992554261
 20
211.3320541516022
 30
0.0
 11
76.56519786523609
 21
216.6320541516026
 31
0.0
  0
LINE
  5
2FC
330
1F
100
AcDbEntity
  8
Системный слой (1)
  6
K5LT_BASIC
 62
     5
420
      255
370
    60
100
AcDbLine
 10
96.88708829299588
 20
157.8148030634166
 30
0.0
 11
96.79333828315964
 21
157.852303038826
 31
0.0
  0
LINE
  5
2FD
330
1F
100
AcDbEntity
  8
Системный слой (1)
  6
K5LT_BASIC
 62
     5
420
      255
370
    60
100
AcDbLine
 10
97.09333829791399
 20
157.796053117516
 30
0.0
 11
96.96208829791401
 21
157.7960530830891
 31
0.0
  0
LINE
  5
2FE
330
1F
100
AcDbEntity
  8
Системный слой (1)
  6
K5LT_BASIC
 62
     5
420
      255
370
    60
100
AcDbLine
 10
95.237088253651
 20
157.9648026306216
 30
0.0
 11
95.46208817004288
 21
158.2835526896391
 31
0.0
  0
LINE
  5
2FF
330
1F
100
AcDbEntity
  8
Системный слой (1)
  6
K5LT_BASIC
 62
     5
420
      255
370
    60
100
AcDbLine
 10
54.16520193088159
 20
199.63204827616
 30
0.0
 11
54.1652027177816
 21
198.1320482761207
 31
0.0
  0
LINE
  5
300
330
1F
100
AcDbEntity
  8
Системный слой (1)
  6
K5LT_BASIC
 62
     5
420
      255
370
    60
100
AcDbLine
 10
55.10521495145269
 20
150.9920485226839
 30
0.0
 11
55.11521495145269
 21
150.9920485253069
 31
0.0
  0
ARC
  5
301
330
1F
100
AcDbEntity
  8
Системный слой (1)
  6
K5LT_BASIC
 62
     5
420
      255
370
    60
100
AcDbCircle
 10
53.91521537375579
 20
149.882048210547
 30
0.0
 40
1.18999999999998
100
AcDbArc
 50
282.1272919017315
 51
0.0
  0
INSERT
  5
303
330
1F
100
AcDbEntity
  8
Системный слой (1)
100
AcDbBlockReference
  2
U10
 10
0.0
 20
0.0
 30
0.0
  0
LINE
  5
308
330
1F
100
AcDbEntity
  8
Системный слой (1)
  6
K5LT_BASIC
 62
     5
420
      255
370
    60
100
AcDbLine
 10
117.4325615768578
 20
184.532064871187
 30
0.0
 11
117.4325625998278
 21
180.6320648711871
 31
0.0
  0
LINE
  5
309
330
1F
100
AcDbEntity
  8
Системный слой (1)
  6
K5LT_BASIC
 62
     5
420
      255
370
    60
100
AcDbLine
 10
97.33708813069774
 20
158.4335531814516
 30
0.0
 11
97.33708807168024
 21
158.6585531814515
 31
0.0
  0
LINE
  5
30A
330
1F
100
AcDbEntity
  8
Системный слой (1)
  6
K5LT_BASIC
 62
     5
420
      255
370
    60
100
AcDbLine
 10
94.93708796348166
 20
159.0710525519316
 30
0.0
 11
94.71208796348168
 21
159.0710524929141
 31
0.0
  0
LINE
  5
30B
330
1F
100
AcDbEntity
  8
Системный слой (1)
  6
K5LT_BASIC
 62
     5
420
      255
370
    60
100
AcDbLine
 10
90.86833796348193
 20
159.0710514846984
 30
0.0
 11
90.86833790446444
 21
159.2960514846984
 31
0.0
  0
LINE
  5
30C
330
1F
100
AcDbEntity
  8
Системный слой (1)
  6
K5LT_BASIC
 62
     5
420
      255
370
    60
100
AcDbLine
 10
118.1651955569871
 20
225.4320650632817
 30
0.0
 11
117.4325508487878
 21
225.432064871109
 31
0.0
  0
LINE
  5
30D
330
1F
100
AcDbEntity
  8
Системный слой (1)
  6
K5LT_BASIC
 62
     5
420
      255
370
    60
100
AcDbLine
 10
101.1620879733175
 20
159.0335541847491
 30
0.0
 11
101.0495879634812
 21
159.0710541552403
 31
0.0
  0
LINE
  5
30E
330
1F
100
AcDbEntity
  8
Системный слой (1)
  6
K5LT_BASIC
 62
     5
420
      255
370
    60
100
AcDbLine
 10
97.31833792905462
 20
159.2023031765334
 30
0.0
 11
97.37458794380899
 21
159.1460531912878
 31
0.0
  0
LINE
  5
30F
330
1F
100
AcDbEntity
  8
Системный слой (1)
  6
K5LT_BASIC
 62
     5
420
      255
370
    60
100
AcDbLine
 10
55.1152059309557
 20
185.8820485253067
 30
0.0
 11
55.1152052752057
 21
186.8820485253058
 31
0.0
  0
ARC
  5
310
330
1F
100
AcDbEntity
  8
Системный слой (1)
  6
K5LT_BASIC
 62
     5
420
      255
370
    60
100
AcDbCircle
 10
140.8152153737533
 20
149.882071004417
 30
0.0
 40
1.19999999999998
100
AcDbArc
 50
180.0000150286832
 51
257.9753158480774
  0
LINE
  5
311
330
1F
100
AcDbEntity
  8
Системный слой (1)
  6
K5LT_BASIC
 62
     5
420
      255
370
    60
100
AcDbLine
 10
100.7120879634813
 20
159.0710540667141
 30
0.0
 11
100.5995879733175
 21
159.0335540372053
 31
0.0
  0
LINE
  5
312
330
1F
100
AcDbEntity
  8
Системный слой (1)
  6
K5LT_BASIC
 62
     5
420
      255
370
    60
100
AcDbLine
 10
91.39333790446439
 20
159.2960516224059
 30
0.0
 11
91.61833790446438
 21
159.2960516814234
 31
0.0
  0
LINE
  5
313
330
1F
100
AcDbEntity
  8
Системный слой (1)
  6
K5LT_BASIC
 62
     5
420
      255
370
    60
100
AcDbLine
 10
77.49784729483129
 20
198.6320543963136
 30
0.0
 11
76.56520258663609
 21
198.6320541516809
 31
0.0
  0
LINE
  5
314
330
1F
100
AcDbEntity
  8
Системный слой (1)
  6
K5LT_BASIC
 62
     5
420
      255
370
    60
100
AcDbLine
 10
76.5652039768261
 20
193.3320541516794
 30
0.0
 11
77.4978486850213
 21
193.3320543963121
 31
0.0
  0
LINE
  5
315
330
1F
100
AcDbEntity
  8
Системный слой (1)
  6
K5LT_BASIC
 62
     5
420
      255
370
    60
100
AcDbLine
 10
101.2183379831537
 20
158.9960541995034
 30
0.0
 11
101.1620879733175
 21
159.0335541847491
 31
0.0
  0
LINE
  5
316
330
1F
100
AcDbEntity
  8
Системный слой (1)
  6
K5LT_BASIC
 62
     5
420
      255
370
    60
100
AcDbLine
 10
120.0652168557487
 20
144.1320655616926
 30
0.0
 11
120.0652035702537
 21
194.8820655617303
 31
0.0
  0
LINE
  5
317
330
1F
100
AcDbEntity
  8
Системный слой (1)
  6
K5LT_BASIC
 62
     5
420
      255
370
    60
100
AcDbLine
 10
100.0952138651376
 20
155.6335539049079
 30
0.0
 11
100.2902139077613
 21
155.4710539560564
 31
0.0
  0
LINE
  5
318
330
1F
100
AcDbEntity
  8
Системный слой (1)
  6
K5LT_BASIC
 62
     5
420
      255
370
    60
100
AcDbLine
 10
98.82771435957315
 20
153.7485535724427
 30
0.0
 11
98.95771438514737
 21
153.6510536065417
 31
0.0
  0
LINE
  5
319
330
1F
100
AcDbEntity
  8
Системный слой (1)
  6
K5LT_BASIC
 62
     5
420
      255
370
    60
100
AcDbLine
 10
94.88083783069227
 20
159.5773025371772
 30
0.0
 11
94.93708782577416
 21
159.5960525519315
 31
0.0
  0
LINE
  5
31A
330
1F
100
AcDbEntity
  8
Системный слой (1)
  6
K5LT_BASIC
 62
     5
420
      255
370
    60
100
AcDbLine
 10
101.8502144107214
 20
153.5535543652444
 30
0.0
 11
102.0452144192462
 21
153.5210544163929
 31
0.0
  0
LINE
  5
31B
330
1F
100
AcDbEntity
  8
Системный слой (1)
  6
K5LT_BASIC
 62
     5
420
      255
370
    60
100
AcDbLine
 10
97.16833823889651
 20
158.0210531371885
 30
0.0
 11
97.24333822414212
 21
158.077303156861
 31
0.0
  0
LINE
  5
31C
330
1F
100
AcDbEntity
  8
Системный слой (1)
  6
K5LT_BASIC
 62
     5
420
      255
370
    60
100
AcDbLine
 10
76.3651898519655
 20
247.0820540991796
 30
0.0
 11
77.4978345601663
 21
247.0820543962716
 31
0.0
  0
LINE
  5
31D
330
1F
100
AcDbEntity
  8
Системный слой (1)
  6
K5LT_BASIC
 62
     5
420
      255
370
    60
100
AcDbLine
 10
97.72271382251397
 20
155.7960532826011
 30
0.0
 11
97.72271450449396
 21
153.1960532826012
 31
0.0
  0
CIRCLE
  5
31E
330
1F
100
AcDbEntity
  8
Системный слой (1)
  6
K5LT_BASIC
 62
     5
420
      255
370
    60
100
AcDbCircle
 10
102.4452156675302
 20
148.7620609399654
 30
0.0
 40
0.4999999999999914
  0
ARC
  5
31F
330
1F
100
AcDbEntity
  8
Системный слой (1)
  6
K5LT_BASIC
 62
     5
420
      255
370
    60
100
AcDbCircle
 10
53.9152100752958
 20
170.0820482104681
 30
0.0
 40
1.199999999999979
100
AcDbArc
 50
0.0
 51
77.97531584807741
  0
LINE
  5
320
330
1F
100
AcDbEntity
  8
Системный слой (1)
  6
K5LT_BASIC
 62
     5
420
      255
370
    60
100
AcDbLine
 10
55.1152053538957
 20
188.0820485253066
 30
0.0
 11
55.1152059309557
 21
185.8820485253067
 31
0.0
  0
LINE
  5
321
330
1F
100
AcDbEntity
  8
Системный слой (1)
  6
K5LT_BASIC
 62
     5
420
      255
370
    60
100
AcDbLine
 10
93.8495879536455
 20
159.1085522666803
 30
0.0
 11
93.75583796348172
 21
159.0710522420897
 31
0.0
  0
LINE
  5
322
330
1F
100
AcDbEntity
  8
Системный слой (1)
  6
K5LT_BASIC
 62
     5
420
      255
370
    60
100
AcDbLine
 10
96.06521419760307
 20
154.3660528478389
 30
0.0
 11
95.90271416350409
 21
154.4960528052152
 31
0.0
  0
LINE
  5
323
330
1F
100
AcDbEntity
  8
Системный слой (1)
  6
K5LT_BASIC
 62
     5
420
      255
370
    60
100
AcDbLine
 10
96.09771399235332
 20
155.0485528563636
 30
0.0
 11
96.09771402645234
 21
154.9185528563636
 31
0.0
  0
LINE
  5
324
330
1F
100
AcDbEntity
  8
Системный слой (1)
  6
K5LT_BASIC
 62
     5
420
      255
370
    60
100
AcDbLine
 10
77.4978567376313
 20
162.6320543963132
 30
0.0
 11
76.5652120294361
 21
162.6320541516805
 31
0.0
  0
ARC
  5
325
330
1F
100
AcDbEntity
  8
Системный слой (1)
  6
K5LT_BASIC
 62
     5
420
      255
370
    60
100
AcDbCircle
 10
53.9151917667558
 20
239.8820482105452
 30
0.0
 40
1.19999999999998
100
AcDbArc
 50
282.0247142092903
 51
0.0
  0
ARC
  5
326
330
1F
100
AcDbEntity
  8
Системный слой (1)
  6
K5LT_BASIC
 62
     5
420
      255
370
    60
100
AcDbCircle
 10
53.9152006324958
 20
206.082048210545
 30
0.0
 40
1.18999999999998
100
AcDbArc
 50
0.0
 51
77.87273815563462
  0
LINE
  5
327
330
1F
100
AcDbEntity
  8
Системный слой (1)
  6
K5LT_BASIC
 62
     5
420
      255
370
    60
100
AcDbLine
 10
76.5651992554261
 20
211.3320541516022
 30
0.0
 11
76.56519786523609
 21
216.6320541516026
 31
0.0
  0
LINE
  5
328
330
1F
100
AcDbEntity
  8
Системный слой (1)
  6
K5LT_BASIC
 62
     5
420
      255
370
    60
100
AcDbLine
 10
77.4978378520313
 20
234.6320543963111
 30
0.0
 11
76.5651931438361
 21
234.6320541516784
 31
0.0
  0
LINE
  5
329
330
1F
100
AcDbEntity
  8
Системный слой (1)
  6
K5LT_BASIC
 62
     5
420
      255
370
    60
100
AcDbLine
 10
97.37458794380899
 20
159.1460531912878
 30
0.0
 11
97.43083796348151
 21
159.0710532060422
 31
0.0
  0
LINE
  5
32A
330
1F
100
AcDbEntity
  8
Системный слой (1)
  6
K5LT_BASIC
 62
     5
420
      255
370
    60
100
AcDbLine
 10
102.3620882487324
 20
157.9835544995091
 30
0.0
 11
102.8495882487324
 21
157.9835546273803
 31
0.0
  0
LINE
  5
32B
330
1F
100
AcDbEntity
  8
Системный слой (1)
  6
K5LT_BASIC
 62
     5
420
      255
370
    60
100
AcDbLine
 10
101.5933380864343
 20
158.6023042978659
 30
0.0
 11
101.5933381159431
 21
158.489804297866
 31
0.0
  0
LINE
  5
32C
330
1F
100
AcDbEntity
  8
Системный слой (1)
  6
K5LT_BASIC
 62
     5
420
      255
370
    60
100
AcDbLine
 10
139.6252059309534
 20
185.8820706922797
 30
0.0
 11
139.6252053538934
 21
188.0820706922796
 31
0.0
  0
LINE
  5
32D
330
1F
100
AcDbEntity
  8
Системный слой (1)
  6
K5LT_BASIC
 62
     5
420
      255
370
    60
100
AcDbLine
 10
96.77458820938777
 20
158.1335530339078
 30
0.0
 11
96.81208822414214
 21
158.0773030437441
 31
0.0
  0
LINE
  5
32E
330
1F
100
AcDbEntity
  8
Системный слой (1)
  6
K5LT_BASIC
 62
     5
420
      255
370
    60
100
AcDbLine
 10
98.16519008803445
 20
246.2820598173186
 30
0.0
 11
96.56519008803454
 21
246.2820593976386
 31
0.0
  0
LINE
  5
32F
330
1F
100
AcDbEntity
  8
Системный слой (1)
  6
K5LT_BASIC
 62
     5
420
      255
370
    60
100
AcDbLine
 10
118.3652166590234
 20
144.8820651157826
 30
0.0
 11
117.4325719770528
 21
144.8820648711497
 31
0.0
  0
ARC
  5
330
330
1F
100
AcDbEntity
  8
Системный слой (1)
  6
K5LT_BASIC
 62
     5
420
      255
370
    60
100
AcDbCircle
 10
53.9152106523558
 20
167.8820482104682
 30
0.0
 40
1.19999999999998
100
AcDbArc
 50
282.024714209288
 51
0.0
  0
LINE
  5
331
330
1F
100
AcDbEntity
  8
Системный слой (1)
  6
K5LT_BASIC
 62
     5
420
      255
370
    60
100
AcDbLine
 10
76.56521341962609
 20
157.3320541516824
 30
0.0
 11
76.5652120294361
 21
162.6320541516805
 31
0.0
  0
LINE
  5
332
330
1F
100
AcDbEntity
  8
Системный слой (1)
  6
K5LT_BASIC
 62
     5
420
      255
370
    60
100
AcDbLine
 10
101.3683382487325
 20
157.9835542388485
 30
0.0
 11
101.2558382733231
 21
157.8898042093397
 31
0.0
  0
LINE
  5
333
330
1F
100
AcDbEntity
  8
Системный слой (1)
  6
K5LT_BASIC
 62
     5
420
      255
370
    60
100
AcDbLine
 10
139.6252102352964
 20
168.9720706922013
 30
0.0
 11
139.6152102352964
 21
168.9720706895783
 31
0.0
  0
LINE
  5
334
330
1F
100
AcDbEntity
  8
Системный слой (1)
  6
K5LT_BASIC
 62
     5
420
      255
370
    60
100
AcDbLine
 10
140.565192074606
 20
238.7084014794099
 30
0.0
 11
140.565195603239
 21
225.2557403981917
 31
0.0
  0
LINE
  5
335
330
1F
100
AcDbEntity
  8
Системный слой (1)
  6
K5LT_BASIC
 62
     5
420
      255
370
    60
100
AcDbLine
 10
93.43708819463363
 20
158.1898021584816
 30
0.0
 11
93.43708818479739
 21
158.2273021584816
 31
0.0
  0
LINE
  5
336
330
1F
100
AcDbEntity
  8
Системный слой (1)
  6
K5LT_BASIC
 62
     5
420
      255
370
    60
100
AcDbLine
 10
101.3308380224987
 20
158.8460542290122
 30
0.0
 11
101.2745879979081
 21
158.9398042142578
 31
0.0
  0
LINE
  5
337
330
1F
100
AcDbEntity
  8
Системный слой (1)
  6
K5LT_BASIC
 62
     5
420
      255
370
    60
100
AcDbLine
 10
96.54958800774465
 20
158.9023029748903
 30
0.0
 11
96.58708798315403
 21
158.9960529847266
 31
0.0
  0
LINE
  5
338
330
1F
100
AcDbEntity
  8
Системный слой (1)
  6
K5LT_BASIC
 62
     5
420
      255
370
    60
100
AcDbLine
 10
118.165209721187
 20
171.4320650633597
 30
0.0
 11
118.165211006457
 21
166.5320650633603
 31
0.0
  0
LINE
  5
339
330
1F
100
AcDbEntity
  8
Системный слой (1)
  6
K5LT_BASIC
 62
     5
420
      255
370
    60
100
AcDbLine
 10
100.5433379831537
 20
158.9960540224509
 30
0.0
 11
100.4870879979081
 21
158.9398040076966
 31
0.0
  0
LINE
  5
33A
330
1F
100
AcDbEntity
  8
Системный слой (1)
  6
K5LT_BASIC
 62
     5
420
      255
370
    60
100
AcDbLine
 10
54.1651908818431
 20
243.2557177355506
 30
0.0
 11
54.16519027164659
 21
244.1820482761196
 31
0.0
  0
ARC
  5
33B
330
1F
100
AcDbEntity
  8
Системный слой (1)
  6
K5LT_BASIC
 62
     5
420
      255
370
    60
100
AcDbCircle
 10
64.86520328172669
 20
195.9820510827702
 30
0.0
 40
1.199999999999979
100
AcDbArc
 50
66.4435507195775
 51
90.000015028684
  0
LINE
  5
33C
330
1F
100
AcDbEntity
  8
Системный слой (1)
  6
K5LT_BASIC
 62
     5
420
      255
370
    60
100
AcDbLine
 10
99.9652144789196
 20
153.293553870809
 30
0.0
 11
99.73771449596902
 21
153.2285538111357
 31
0.0
  0
LINE
  5
33D
330
1F
100
AcDbEntity
  8
Системный слой (1)
  6
K5LT_BASIC
 62
     5
420
      255
370
    60
100
AcDbLine
 10
139.6252149514504
 20
150.9920706922799
 30
0.0
 11
139.6252149566964
 21
150.9720706922799
 31
0.0
  0
LINE
  5
33E
330
1F
100
AcDbEntity
  8
Системный слой (1)
  6
K5LT_BASIC
 62
     5
420
      255
370
    60
100
AcDbLine
 10
98.40521435104843
 20
153.7810534616209
 30
0.0
 11
98.30771428285043
 21
154.0410534360467
 31
0.0
  0
LINE
  5
33F
330
1F
100
AcDbEntity
  8
Системный слой (1)
  6
K5LT_BASIC
 62
     5
420
      255
370
    60
100
AcDbLine
 10
55.10519134445269
 20
240.9920485226822
 30
0.0
 11
55.1151913444527
 21
240.9920485253052
 31
0.0
  0
LINE
  5
340
330
1F
100
AcDbEntity
  8
Системный слой (1)
  6
K5LT_BASIC
 62
     5
420
      255
370
    60
100
AcDbLine
 10
96.58708798315403
 20
158.9960529847266
 30
0.0
 11
96.62458796348153
 21
159.0710529945628
 31
0.0
  0
LINE
  5
341
330
1F
100
AcDbEntity
  8
Системный слой (1)
  6
K5LT_BASIC
 62
     5
420
      255
370
    60
100
AcDbLine
 10
101.0495879634812
 20
159.0710541552403
 30
0.0
 11
100.9370879585631
 21
159.0898041257316
 31
0.0
  0
LINE
  5
342
330
1F
100
AcDbEntity
  8
Системный слой (1)
  6
K5LT_BASIC
 62
     5
420
      255
370
    60
100
AcDbLine
 10
100.3933380618438
 20
158.6960539831059
 30
0.0
 11
100.1870880618438
 21
158.6960539290066
 31
0.0
  0
LINE
  5
343
330
1F
100
AcDbEntity
  8
Системный слой (1)
  6
K5LT_BASIC
 62
     5
420
      255
370
    60
100
AcDbLine
 10
139.6251964881534
 20
221.8820706921995
 30
0.0
 11
139.6251959110934
 21
224.0820706921994
 31
0.0
  0
LINE
  5
344
330
1F
100
AcDbEntity
  8
Системный слой (1)
  6
K5LT_BASIC
 62
     5
420
      255
370
    60
100
AcDbLine
 10
96.19521428219481
 20
153.9435528819379
 30
0.0
 11
96.19521431629383
 21
153.8135528819379
 31
0.0
  0
LINE
  5
345
330
1F
100
AcDbEntity
  8
Системный слой (1)
  6
K5LT_BASIC
 62
     5
420
      255
370
    60
100
AcDbLine
 10
95.77271395038534
 20
155.3085527711161
 30
0.0
 11
95.87021390776161
 21
155.4710527966904
 31
0.0
  0
LINE
  5
346
330
1F
100
AcDbEntity
  8
Системный слой (1)
  6
K5LT_BASIC
 62
     5
420
      255
370
    60
100
AcDbLine
 10
99.3477139162861
 20
155.4385537088386
 30
0.0
 11
99.1527139248109
 21
155.4060536576901
 31
0.0
  0
LINE
  5
347
330
1F
100
AcDbEntity
  8
Системный слой (1)
  6
K5LT_BASIC
 62
     5
420
      255
370
    60
100
AcDbLine
 10
55.11519606585269
 20
222.9920485252265
 30
0.0
 11
55.1051960658527
 21
222.9920485226035
 31
0.0
  0
LINE
  5
348
330
1F
100
AcDbEntity
  8
Системный слой (1)
  6
K5LT_BASIC
 62
     5
420
      255
370
    60
100
AcDbLine
 10
139.6251917667534
 20
239.8820706922782
 30
0.0
 11
139.6251911896934
 21
242.0820706922786
 31
0.0
  0
LINE
  5
349
330
1F
100
AcDbEntity
  8
Системный слой (1)
  6
K5LT_BASIC
 62
     5
420
      255
370
    60
100
AcDbLine
 10
96.96208795364525
 20
159.1085530830891
 30
0.0
 11
96.88708796348153
 21
159.0710530634166
 31
0.0
  0
LINE
  5
34A
330
1F
100
AcDbEntity
  8
Системный слой (1)
  6
K5LT_BASIC
 62
     5
420
      255
370
    60
100
AcDbLine
 10
76.56520869822609
 20
175.3320541516795
 30
0.0
 11
77.49785340642129
 21
175.3320543963122
 31
0.0
  0
LINE
  5
34B
330
1F
100
AcDbEntity
  8
Системный слой (1)
  6
K5LT_BASIC
 62
     5
420
      255
370
    60
100
AcDbLine
 10
139.6252053014334
 20
186.8820706922788
 30
0.0
 11
139.6252059309534
 21
185.8820706922797
 31
0.0
  0
LINE
  5
34C
330
1F
100
AcDbEntity
  8
Системный слой (1)
  6
K5LT_BASIC
 62
     5
420
      255
370
    60
100
AcDbLine
 10
93.60583799135112
 20
158.8648022027447
 30
0.0
 11
93.60583802085988
 21
158.7523022027447
 31
0.0
  0
LINE
  5
34D
330
1F
100
AcDbEntity
  8
Системный слой (1)
  6
K5LT_BASIC
 62
     5
420
      255
370
    60
100
AcDbLine
 10
98.16518987819445
 20
247.0820598173196
 30
0.0
 11
117.4325451699928
 21
247.0820648711466
 31
0.0
  0
LINE
  5
34E
330
1F
100
AcDbEntity
  8
Системный слой (1)
  6
K5LT_BASIC
 62
     5
420
      255
370
    60
100
AcDbLine
 10
117.4325687114178
 20
157.3320648711897
 30
0.0
 11
117.4325697343878
 21
153.4320648711898
 31
0.0
  0
LINE
  5
34F
330
1F
100
AcDbEntity
  8
Системный слой (1)
  6
K5LT_BASIC
 62
     5
420
      255
370
    60
100
AcDbLine
 10
95.7727141123556
 20
154.6910527711161
 30
0.0
 11
95.70771405268235
 21
154.9185527540666
 31
0.0
  0
LINE
  5
350
330
1F
100
AcDbEntity
  8
Системный слой (1)
  6
K5LT_BASIC
 62
     5
420
      255
370
    60
100
AcDbLine
 10
101.0495882929957
 20
157.8148041552404
 30
0.0
 11
100.9370882979137
 21
157.7960541257316
 31
0.0
  0
LINE
  5
351
330
1F
100
AcDbEntity
  8
Системный слой (1)
  6
K5LT_BASIC
 62
     5
420
      255
370
    60
100
AcDbLine
 10
100.2902140782563
 20
154.8210539560564
 30
0.0
 11
100.2252140271078
 21
155.0160539390068
 31
0.0
  0
LINE
  5
352
330
1F
100
AcDbEntity
  8
Системный слой (1)
  6
K5LT_BASIC
 62
     5
420
      255
370
    60
100
AcDbLine
 10
100.7120882388963
 20
158.0210540667141
 30
0.0
 11
100.8245882438144
 21
158.0023040962228
 31
0.0
  0
LINE
  5
353
330
1F
100
AcDbEntity
  8
Системный слой (1)
  6
K5LT_BASIC
 62
     5
420
      255
370
    60
100
AcDbLine
 10
93.68083797823613
 20
159.0148022224172
 30
0.0
 11
93.64333799299048
 21
158.9585522125809
 31
0.0
  0
ARC
  5
354
330
1F
100
AcDbEntity
  8
Системный слой (1)
  6
K5LT_BASIC
 62
     5
420
      255
370
    60
100
AcDbCircle
 10
53.91519591109579
 20
224.0820482104664
 30
0.0
 40
1.199999999999979
100
AcDbArc
 50
0.0
 51
77.97531584807732
  0
LINE
  5
355
330
1F
100
AcDbEntity
  8
Системный слой (1)
  6
K5LT_BASIC
 62
     5
420
      255
370
    60
100
AcDbLine
 10
117.4325687114178
 20
157.3320648711897
 30
0.0
 11
118.165213419617
 21
157.3320650633624
 31
0.0
  0
LINE
  5
356
330
1F
100
AcDbEntity
  8
Системный слой (1)
  6
K5LT_BASIC
 62
     5
420
      255
370
    60
100
AcDbLine
 10
102.1183379913505
 20
158.8648044355734
 30
0.0
 11
102.118338011023
 21
158.7898044355734
 31
0.0
  0
LINE
  5
357
330
1F
100
AcDbEntity
  8
Системный слой (1)
  6
K5LT_BASIC
 62
     5
420
      255
370
    60
100
AcDbLine
 10
96.22771383956358
 20
155.7310528904626
 30
0.0
 11
96.48771382251405
 21
155.7960529586606
 31
0.0
  0
LINE
  5
358
330
1F
100
AcDbEntity
  8
Системный слой (1)
  6
K5LT_BASIC
 62
     5
420
      255
370
    60
100
AcDbLine
 10
74.6652035702595
 20
194.8820536533103
 30
0.0
 11
65.344786696358
 21
194.8820512085649
 31
0.0
  0
LINE
  5
359
330
1F
100
AcDbEntity
  8
Системный слой (1)
  6
K5LT_BASIC
 62
     5
420
      255
370
    60
100
AcDbLine
 10
54.1652027177816
 20
198.1320482761207
 30
0.0
 11
54.1652015174101
 21
202.7083788166898
 31
0.0
  0
LINE
  5
35A
330
1F
100
AcDbEntity
  8
Системный слой (1)
  6
K5LT_BASIC
 62
     5
420
      255
370
    60
100
AcDbLine
 10
99.73771440219681
 20
153.5860538111357
 30
0.0
 11
99.9327143851473
 21
153.6510538622842
 31
0.0
  0
LINE
  5
35B
330
1F
100
AcDbEntity
  8
Системный слой (1)
  6
K5LT_BASIC
 62
     5
420
      255
370
    60
100
AcDbLine
 10
55.10520063249569
 20
206.082048522682
 30
0.0
 11
55.10520120955569
 21
203.8820485226822
 31
0.0
  0
LINE
  5
35C
330
1F
100
AcDbEntity
  8
Системный слой (1)
  6
K5LT_BASIC
 62
     5
420
      255
370
    60
100
AcDbLine
 10
54.16520977012539
 20
171.2454914418228
 30
0.0
 11
54.16521095752769
 21
166.7186051102635
 31
0.0
  0
LINE
  5
35D
330
1F
100
AcDbEntity
  8
Системный слой (1)
  6
K5LT_BASIC
 62
     5
420
      255
370
    60
100
AcDbLine
 10
101.3870880864343
 20
158.6023042437666
 30
0.0
 11
101.3683380520074
 21
158.7335542388485
 31
0.0
  0
LINE
  5
35E
330
1F
100
AcDbEntity
  8
Системный слой (1)
  6
K5LT_BASIC
 62
     5
420
      255
370
    60
100
AcDbLine
 10
77.49785201623129
 20
180.6320543963126
 30
0.0
 11
76.5652073080361
 21
180.6320541516798
 31
0.0
  0
LINE
  5
35F
330
1F
100
AcDbEntity
  8
Системный слой (1)
  6
K5LT_BASIC
 62
     5
420
      255
370
    60
100
AcDbLine
 10
94.24333825856921
 20
157.946052369961
 30
0.0
 11
94.18708827332354
 21
157.8898023552066
 31
0.0
  0
LINE
  5
360
330
1F
100
AcDbEntity
  8
Системный слой (1)
  6
K5LT_BASIC
 62
     5
420
      255
370
    60
100
AcDbLine
 10
139.6152102300504
 20
168.9920706895783
 30
0.0
 11
139.6252102300504
 21
168.9920706922013
 31
0.0
  0
LINE
  5
361
330
1F
100
AcDbEntity
  8
Системный слой (1)
  6
K5LT_BASIC
 62
     5
420
      255
370
    60
100
AcDbLine
 10
96.8120879782359
 20
159.0148030437441
 30
0.0
 11
96.77458799299028
 21
158.9585530339078
 31
0.0
  0
LINE
  5
362
330
1F
100
AcDbEntity
  8
Системный слой (1)
  6
K5LT_BASIC
 62
     5
420
      255
370
    60
100
AcDbLine
 10
100.1277143425235
 20
153.8135539134327
 30
0.0
 11
100.2252142998998
 21
153.9760539390069
 31
0.0
  0
LINE
  5
363
330
1F
100
AcDbEntity
  8
Системный слой (1)
  6
K5LT_BASIC
 62
     5
420
      255
370
    60
100
AcDbLine
 10
118.165214442587
 20
153.4320650633625
 30
0.0
 11
118.165215727857
 21
148.5320650633627
 31
0.0
  0
LINE
  5
364
330
1F
100
AcDbEntity
  8
Системный слой (1)
  6
K5LT_BASIC
 62
     5
420
      255
370
    60
100
AcDbLine
 10
96.22771436809808
 20
153.7160528904627
 30
0.0
 11
96.2927143936723
 21
153.6185529075122
 31
0.0
  0
LINE
  5
365
330
1F
100
AcDbEntity
  8
Системный слой (1)
  6
K5LT_BASIC
 62
     5
420
      255
370
    60
100
AcDbLine
 10
55.11519079624569
 20
242.0820485253056
 30
0.0
 11
55.11519137330569
 21
239.8820485253052
 31
0.0
  0
LINE
  5
366
330
1F
100
AcDbEntity
  8
Системный слой (1)
  6
K5LT_BASIC
 62
     5
420
      255
370
    60
100
AcDbLine
 10
54.16520095604369
 20
203.4485478604538
 30
0.0
 11
54.16520151472769
 21
202.7186051103404
 31
0.0
  0
LINE
  5
367
330
1F
100
AcDbEntity
  8
Системный слой (1)
  6
K5LT_BASIC
 62
     5
420
      255
370
    60
100
AcDbLine
 10
139.6252106523534
 20
167.8820706922014
 30
0.0
 11
139.6252100752934
 21
170.0820706922013
 31
0.0
  0
LINE
  5
368
330
1F
100
AcDbEntity
  8
Системный слой (1)
  6
K5LT_BASIC
 62
     5
420
      255
370
    60
100
AcDbLine
 10
93.45583798315424
 20
158.9960521633997
 30
0.0
 11
93.49333796348176
 21
159.0710521732359
 31
0.0
  0
LINE
  5
369
330
1F
100
AcDbEntity
  8
Системный слой (1)
  6
K5LT_BASIC
 62
     5
420
      255
370
    60
100
AcDbLine
 10
117.4325662982578
 20
166.5320648711876
 30
0.0
 11
118.165211006457
 21
166.5320650633603
 31
0.0
  0
LINE
  5
36A
330
1F
100
AcDbEntity
  8
Системный слой (1)
  6
K5LT_BASIC
 62
     5
420
      255
370
    60
100
AcDbLine
 10
93.64333807168049
 20
158.658552212581
 30
0.0
 11
93.68083808643486
 21
158.6023022224172
 31
0.0
  0
LINE
  5
36B
330
1F
100
AcDbEntity
  8
Системный слой (1)
  6
K5LT_BASIC
 62
     5
420
      255
370
    60
100
AcDbLine
 10
97.26208791921835
 20
159.239803161779
 30
0.0
 11
97.31833792905462
 21
159.2023031765334
 31
0.0
  0
LINE
  5
36C
330
1F
100
AcDbEntity
  8
Системный слой (1)
  6
K5LT_BASIC
 62
     5
420
      255
370
    60
100
AcDbLine
 10
101.2558382733231
 20
157.8898042093397
 30
0.0
 11
101.1808382831594
 21
157.8523041896672
 31
0.0
  0
LINE
  5
36D
330
1F
100
AcDbEntity
  8
Системный слой (1)
  6
K5LT_BASIC
 62
     5
420
      255
370
    60
100
AcDbLine
 10
54.16520384567159
 20
193.8320482761209
 30
0.0
 11
54.16520384567159
 21
192.3320482761603
 31
0.0
  0
LINE
  5
36E
330
1F
100
AcDbEntity
  8
Системный слой (1)
  6
K5LT_BASIC
 62
     5
420
      255
370
    60
100
AcDbLine
 10
97.50583819463336
 20
158.1898032257147
 30
0.0
 11
97.46833821922401
 21
158.0960532158785
 31
0.0
  0
LINE
  5
36F
330
1F
100
AcDbEntity
  8
Системный слой (1)
  6
K5LT_BASIC
 62
     5
420
      255
370
    60
100
AcDbLine
 10
96.00021443629608
 20
153.4560528307894
 30
0.0
 11
95.87021438514759
 21
153.6510527966904
 31
0.0
  0
ARC
  5
370
330
1F
100
AcDbEntity
  8
Системный слой (1)
  6
K5LT_BASIC
 62
     5
420
      255
370
    60
100
AcDbCircle
 10
64.8652032554967
 20
195.9820510827702
 30
0.0
 40
1.199999999999979
100
AcDbArc
 50
293.5564793377866
 51
66.4435507195765
  0
LINE
  5
371
330
1F
100
AcDbEntity
  8
Системный слой (1)
  6
K5LT_BASIC
 62
     5
420
      255
370
    60
100
AcDbLine
 10
77.49786139345629
 20
144.8820543962751
 30
0.0
 11
77.4978604360613
 21
148.5320543963154
 31
0.0
  0
LINE
  5
372
330
1F
100
AcDbEntity
  8
Системный слой (1)
  6
K5LT_BASIC
 62
     5
420
      255
370
    60
100
AcDbLine
 10
94.18708827332354
 20
157.8898023552066
 30
0.0
 11
94.13083828315986
 21
157.8523023404522
 31
0.0
  0
LINE
  5
373
330
1F
100
AcDbEntity
  8
Системный слой (1)
  6
K5LT_BASIC
 62
     5
420
      255
370
    60
100
AcDbLine
 10
76.56519453402609
 20
229.3320541516803
 30
0.0
 11
76.5651931438361
 21
234.6320541516784
 31
0.0
  0
ARC
  5
374
330
1F
100
AcDbEntity
  8
Системный слой (1)
  6
K5LT_BASIC
 62
     5
420
      255
370
    60
100
AcDbCircle
 10
140.8151964881533
 20
221.8820710043365
 30
0.0
 40
1.19999999999998
100
AcDbArc
 50
180.000015028683
 51
257.9753158480767
  0
LINE
  5
375
330
1F
100
AcDbEntity
  8
Системный слой (1)
  6
K5LT_BASIC
 62
     5
420
      255
370
    60
100
AcDbLine
 10
101.9870882290599
 20
158.0585544011466
 30
0.0
 11
101.9683382044693
 21
158.1523043962285
 31
0.0
  0
LINE
  5
376
330
1F
100
AcDbEntity
  8
Системный слой (1)
  6
K5LT_BASIC
 62
     5
420
      255
370
    60
100
AcDbLine
 10
101.5902142317017
 20
154.2360542970464
 30
0.0
 11
101.5252142743254
 21
154.0735542799969
 31
0.0
  0
LINE
  5
377
330
1F
100
AcDbEntity
  8
Системный слой (1)
  6
K5LT_BASIC
 62
     5
420
      255
370
    60
100
AcDbLine
 10
102.7277141805531
 20
154.4310545954126
 30
0.0
 11
102.0452141805532
 21
154.4310544163929
 31
0.0
  0
LINE
  5
378
330
1F
100
AcDbEntity
  8
Системный слой (1)
  6
K5LT_BASIC
 62
     5
420
      255
370
    60
100
AcDbLine
 10
139.6152012095534
 20
203.8820706896552
 30
0.0
 11
139.6152006324934
 21
206.082070689655
 31
0.0
  0
LINE
  5
379
330
1F
100
AcDbEntity
  8
Системный слой (1)
  6
K5LT_BASIC
 62
     5
420
      255
370
    60
100
AcDbLine
 10
139.6152007872504
 20
204.992070689655
 30
0.0
 11
139.6252007872504
 21
204.992070692278
 31
0.0
  0
LINE
  5
37A
330
1F
100
AcDbEntity
  8
Системный слой (1)
  6
K5LT_BASIC
 62
     5
420
      255
370
    60
100
AcDbLine
 10
54.16519679601009
 20
220.7083788166112
 30
0.0
 11
54.1652003246431
 21
207.2557177355503
 31
0.0
  0
LINE
  5
37B
330
1F
100
AcDbEntity
  8
Системный слой (1)
  6
K5LT_BASIC
 62
     5
420
      255
370
    60
100
AcDbLine
 10
101.8933380126624
 20
158.8835543765559
 30
0.0
 11
101.9308379782356
 21
159.0148043863922
 31
0.0
  0
LINE
  5
37C
330
1F
100
AcDbEntity
  8
Системный слой (1)
  6
K5LT_BASIC
 62
     5
420
      255
370
    60
100
AcDbLine
 10
95.76208797823597
 20
159.0148027683291
 30
0.0
 11
95.79958790446409
 21
159.2960527781653
 31
0.0
  0
LINE
  5
37D
330
1F
100
AcDbEntity
  8
Системный слой (1)
  6
K5LT_BASIC
 62
     5
420
      255
370
    60
100
AcDbLine
 10
98.30771428285043
 20
154.0410534360467
 30
0.0
 11
98.63271426580089
 21
154.1060535212942
 31
0.0
  0
LINE
  5
37E
330
1F
100
AcDbEntity
  8
Системный слой (1)
  6
K5LT_BASIC
 62
     5
420
      255
370
    60
100
AcDbLine
 10
117.4325592686178
 20
193.3320648711867
 30
0.0
 11
118.165203976817
 21
193.3320650633594
 31
0.0
  0
LINE
  5
37F
330
1F
100
AcDbEntity
  8
Системный слой (1)
  6
K5LT_BASIC
 62
     5
420
      255
370
    60
100
AcDbLine
 10
101.5252142480955
 20
154.0735542799969
 30
0.0
 11
101.525214299244
 21
153.8785542799969
 31
0.0
  0
LINE
  5
380
330
1F
100
AcDbEntity
  8
Системный слой (1)
  6
K5LT_BASIC
 62
     5
420
      255
370
    60
100
AcDbLine
 10
55.2652027177807
 20
198.1320485646507
 30
0.0
 11
54.1652027177816
 21
198.1320482761207
 31
0.0
  0
LINE
  5
381
330
1F
100
AcDbEntity
  8
Системный слой (1)
  6
K5LT_BASIC
 62
     5
420
      255
370
    60
100
AcDbLine
 10
77.4978378520313
 20
234.6320543963111
 30
0.0
 11
77.4978368290613
 21
238.532054396311
 31
0.0
  0
LINE
  5
382
330
1F
100
AcDbEntity
  8
Системный слой (1)
  6
K5LT_BASIC
 62
     5
420
      255
370
    60
100
AcDbLine
 10
139.6252007924964
 20
204.972070692278
 30
0.0
 11
139.6152007924964
 21
204.972070689655
 31
0.0
  0
LINE
  5
383
330
1F
100
AcDbEntity
  8
Системный слой (1)
  6
K5LT_BASIC
 62
     5
420
      255
370
    60
100
AcDbLine
 10
76.5652039768261
 20
193.3320541516794
 30
0.0
 11
76.56520258663609
 21
198.6320541516809
 31
0.0
  0
LINE
  5
384
330
1F
100
AcDbEntity
  8
Системный слой (1)
  6
K5LT_BASIC
 62
     5
420
      255
370
    60
100
AcDbLine
 10
139.6252005275734
 20
205.0820706922782
 30
0.0
 11
139.6252006324934
 21
206.082070692278
 31
0.0
  0
LINE
  5
385
330
1F
100
AcDbEntity
  8
Системный слой (1)
  6
K5LT_BASIC
 62
     5
420
      255
370
    60
100
AcDbLine
 10
139.6151959110934
 20
224.0820706895764
 30
0.0
 11
139.6151964881534
 21
221.8820706895765
 31
0.0
  0
LINE
  5
386
330
1F
100
AcDbEntity
  8
Системный слой (1)
  6
K5LT_BASIC
 62
     5
420
      255
370
    60
100
AcDbLine
 10
101.2183382192237
 20
158.0960541995035
 30
0.0
 11
101.2745882044693
 21
158.1523042142578
 31
0.0
  0
LINE
  5
387
330
1F
100
AcDbEntity
  8
Системный слой (1)
  6
K5LT_BASIC
 62
     5
420
      255
370
    60
100
AcDbLine
 10
95.87021426580108
 20
154.1060527966904
 30
0.0
 11
96.00021421465256
 21
154.3010528307894
 31
0.0
  0
LINE
  5
388
330
1F
100
AcDbEntity
  8
Системный слой (1)
  6
K5LT_BASIC
 62
     5
420
      255
370
    60
100
AcDbLine
 10
139.6152149514504
 20
150.9920706896569
 30
0.0
 11
139.6252149514504
 21
150.9920706922799
 31
0.0
  0
LINE
  5
389
330
1F
100
AcDbEntity
  8
Системный слой (1)
  6
K5LT_BASIC
 62
     5
420
      255
370
    60
100
AcDbLine
 10
95.46208824873287
 20
157.9835526896391
 30
0.0
 11
96.21208824873283
 21
157.9835528863641
 31
0.0
  0
LINE
  5
38A
330
1F
100
AcDbEntity
  8
Системный слой (1)
  6
K5LT_BASIC
 62
     5
420
      255
370
    60
100
AcDbLine
 10
96.73708827332341
 20
157.8898030240716
 30
0.0
 11
96.68083825856903
 21
157.9460530093172
 31
0.0
  0
INSERT
  5
38C
330
1F
100
AcDbEntity
  8
Системный слой (1)
100
AcDbBlockReference
  2
U11
 10
0.0
 20
0.0
 30
0.0
  0
LINE
  5
391
330
1F
100
AcDbEntity
  8
Системный слой (1)
  6
K5LT_BASIC
 62
     5
420
      255
370
    60
100
AcDbLine
 10
97.84333790446395
 20
159.2960533142409
 30
0.0
 11
98.03083790446394
 21
159.2960533634222
 31
0.0
  0
LINE
  5
392
330
1F
100
AcDbEntity
  8
Системный слой (1)
  6
K5LT_BASIC
 62
     5
420
      255
370
    60
100
AcDbLine
 10
102.0452141805532
 20
154.4310544163929
 30
0.0
 11
101.8502141890779
 21
154.3985543652444
 31
0.0
  0
LINE
  5
393
330
1F
100
AcDbEntity
  8
Системный слой (1)
  6
K5LT_BASIC
 62
     5
420
      255
370
    60
100
AcDbLine
 10
98.38708822906017
 20
158.0585534568666
 30
0.0
 11
98.34958822906017
 21
158.0585534470303
 31
0.0
  0
LINE
  5
394
330
1F
100
AcDbEntity
  8
Системный слой (1)
  6
K5LT_BASIC
 62
     5
420
      255
370
    60
100
AcDbLine
 10
93.6058382733236
 20
157.8898022027447
 30
0.0
 11
93.54958825856926
 21
157.9460521879903
 31
0.0
  0
LINE
  5
395
330
1F
100
AcDbEntity
  8
Системный слой (1)
  6
K5LT_BASIC
 62
     5
420
      255
370
    60
100
AcDbLine
 10
96.73708818479716
 20
158.2273030240716
 30
0.0
 11
96.77458820938777
 21
158.1335530339078
 31
0.0
  0
LINE
  5
396
330
1F
100
AcDbEntity
  8
Системный слой (1)
  6
K5LT_BASIC
 62
     5
420
      255
370
    60
100
AcDbLine
 10
98.43771395890991
 20
155.2760534701456
 30
0.0
 11
98.6002139077614
 21
155.4710535127693
 31
0.0
  0
LINE
  5
397
330
1F
100
AcDbEntity
  8
Системный слой (1)
  6
K5LT_BASIC
 62
     5
420
      255
370
    60
100
AcDbLine
 10
97.43083796348151
 20
159.0710532060422
 30
0.0
 11
97.46833798315396
 21
158.9960532158785
 31
0.0
  0
LINE
  5
398
330
1F
100
AcDbEntity
  8
Системный слой (1)
  6
K5LT_BASIC
 62
     5
420
      255
370
    60
100
AcDbLine
 10
94.78708785036478
 20
159.5023025125865
 30
0.0
 11
94.82458784052855
 21
159.5398025224228
 31
0.0
  0
LINE
  5
399
330
1F
100
AcDbEntity
  8
Системный слой (1)
  6
K5LT_BASIC
 62
     5
420
      255
370
    60
100
AcDbLine
 10
95.70771405268235
 20
154.9185527540666
 30
0.0
 11
95.70771401005861
 21
155.0810527540666
 31
0.0
  0
LINE
  5
39A
330
1F
100
AcDbEntity
  8
Системный слой (1)
  6
K5LT_BASIC
 62
     5
420
      255
370
    60
100
AcDbLine
 10
55.11519609470569
 20
221.8820485252265
 30
0.0
 11
55.1151959110957
 21
224.0820485252264
 31
0.0
  0
LINE
  5
39B
330
1F
100
AcDbEntity
  8
Системный слой (1)
  6
K5LT_BASIC
 62
     5
420
      255
370
    60
100
AcDbLine
 10
102.3433379044636
 20
159.2960544945909
 30
0.0
 11
103.0558379044636
 21
159.2960546814797
 31
0.0
  0
LINE
  5
39C
330
1F
100
AcDbEntity
  8
Системный слой (1)
  6
K5LT_BASIC
 62
     5
420
      255
370
    60
100
AcDbLine
 10
118.1651978652271
 20
216.6320650632826
 30
0.0
 11
118.1651992554171
 21
211.3320650632822
 31
0.0
  0
LINE
  5
39D
330
1F
100
AcDbEntity
  8
Системный слой (1)
  6
K5LT_BASIC
 62
     5
420
      255
370
    60
100
AcDbLine
 10
92.52271438514781
 20
153.6510519186412
 30
0.0
 11
92.36021439367262
 21
153.6185518760174
 31
0.0
  0
LINE
  5
39E
330
1F
100
AcDbEntity
  8
Системный слой (1)
  6
K5LT_BASIC
 62
     5
420
      255
370
    60
100
AcDbLine
 10
93.60583792905486
 20
159.2023022027447
 30
0.0
 11
93.66208791921859
 21
159.239802217499
 31
0.0
  0
LINE
  5
39F
330
1F
100
AcDbEntity
  8
Системный слой (1)
  6
K5LT_BASIC
 62
     5
420
      255
370
    60
100
AcDbLine
 10
96.81208822414214
 20
158.0773030437441
 30
0.0
 11
96.88708823889654
 21
158.0210530634166
 31
0.0
  0
ARC
  5
3A0
330
1F
100
AcDbEntity
  8
Системный слой (1)
  6
K5LT_BASIC
 62
     5
420
      255
370
    60
100
AcDbCircle
 10
140.8152012095533
 20
203.8820710044152
 30
0.0
 40
1.18999999999998
100
AcDbArc
 50
180.0000150286835
 51
257.8727381556361
  0
LINE
  5
3A1
330
1F
100
AcDbEntity
  8
Системный слой (1)
  6
K5LT_BASIC
 62
     5
420
      255
370
    60
100
AcDbLine
 10
140.5652062361236
 20
184.718627773062
 30
0.0
 11
140.5652050487214
 21
189.2455141046212
 31
0.0
  0
LINE
  5
3A2
330
1F
100
AcDbEntity
  8
Системный слой (1)
  6
K5LT_BASIC
 62
     5
420
      255
370
    60
100
AcDbLine
 10
139.6252102300504
 20
168.9920706922013
 30
0.0
 11
139.6252102352964
 21
168.9720706922013
 31
0.0
  0
LINE
  5
3A3
330
1F
100
AcDbEntity
  8
Системный слой (1)
  6
K5LT_BASIC
 62
     5
420
      255
370
    60
100
AcDbLine
 10
93.54958794380923
 20
159.1460521879903
 30
0.0
 11
93.60583792905486
 21
159.2023022027447
 31
0.0
  0
LINE
  5
3A4
330
1F
100
AcDbEntity
  8
Системный слой (1)
  6
K5LT_BASIC
 62
     5
420
      255
370
    60
100
AcDbLine
 10
118.1651908355871
 20
243.4320650633576
 30
0.0
 11
117.4325461273878
 21
243.4320648711856
 31
0.0
  0
LINE
  5
3A5
330
1F
100
AcDbEntity
  8
Системный слой (1)
  6
K5LT_BASIC
 62
     5
420
      255
370
    60
100
AcDbLine
 10
77.4978567376313
 20
162.6320543963132
 30
0.0
 11
77.4978557146613
 21
166.5320543963131
 31
0.0
  0
LINE
  5
3A6
330
1F
100
AcDbEntity
  8
Системный слой (1)
  6
K5LT_BASIC
 62
     5
420
      255
370
    60
100
AcDbLine
 10
93.75583796348172
 20
159.0710522420897
 30
0.0
 11
93.68083797823613
 21
159.0148022224172
 31
0.0
  0
ARC
  5
3A7
330
1F
100
AcDbEntity
  8
Системный слой (1)
  6
K5LT_BASIC
 62
     5
420
      255
370
    60
100
AcDbCircle
 10
140.8152100752933
 20
170.0820710043383
 30
0.0
 40
1.18999999999998
100
AcDbArc
 50
102.1272919017319
 51
180.0000150286825
  0
LINE
  5
3A8
330
1F
100
AcDbEntity
  8
Системный слой (1)
  6
K5LT_BASIC
 62
     5
420
      255
370
    60
100
AcDbLine
 10
97.365214231702
 20
154.2360531888289
 30
0.0
 11
96.52021423170204
 21
154.2360529671854
 31
0.0
  0
LINE
  5
3A9
330
1F
100
AcDbEntity
  8
Системный слой (1)
  6
K5LT_BASIC
 62
     5
420
      255
370
    60
100
AcDbLine
 10
97.31833827332336
 20
157.8898031765335
 30
0.0
 11
97.26208828315966
 21
157.8523031617791
 31
0.0
  0
LINE
  5
3AA
330
1F
100
AcDbEntity
  8
Системный слой (1)
  6
K5LT_BASIC
 62
     5
420
      255
370
    60
100
AcDbLine
 10
101.525214325474
 20
153.8785542799969
 30
0.0
 11
101.5902143680977
 21
153.7160542970464
 31
0.0
  0
LINE
  5
3AB
330
1F
100
AcDbEntity
  8
Системный слой (1)
  6
K5LT_BASIC
 62
     5
420
      255
370
    60
100
AcDbLine
 10
94.13083791921856
 20
159.2398023404522
 30
0.0
 11
94.18708792905483
 21
159.2023023552065
 31
0.0
  0
LINE
  5
3AC
330
1F
100
AcDbEntity
  8
Системный слой (1)
  6
K5LT_BASIC
 62
     5
420
      255
370
    60
100
AcDbLine
 10
97.72271450449396
 20
153.1960532826012
 30
0.0
 11
96.48771450449405
 21
153.1960529586607
 31
0.0
  0
LINE
  5
3AD
330
1F
100
AcDbEntity
  8
Системный слой (1)
  6
K5LT_BASIC
 62
     5
420
      255
370
    60
100
AcDbLine
 10
94.24333794380918
 20
159.1460523699609
 30
0.0
 11
94.29958796348168
 21
159.0710523847153
 31
0.0
  0
CIRCLE
  5
3AE
330
1F
100
AcDbEntity
  8
Системный слой (1)
  6
K5LT_BASIC
 62
     5
420
      255
370
    60
100
AcDbCircle
 10
99.90521566753033
 20
148.7620602737234
 30
0.0
 40
0.4999999999999914
  0
LINE
  5
3AF
330
1F
100
AcDbEntity
  8
Системный слой (1)
  6
K5LT_BASIC
 62
     5
420
      255
370
    60
100
AcDbLine
 10
90.56833796348195
 20
159.0710514060084
 30
0.0
 11
90.34333796348197
 21
159.0710513469909
 31
0.0
  0
LINE
  5
3B0
330
1F
100
AcDbEntity
  8
Системный слой (1)
  6
K5LT_BASIC
 62
     5
420
      255
370
    60
100
AcDbLine
 10
102.0452144192462
 20
153.5210544163929
 30
0.0
 11
102.7277144192461
 21
153.5210545954127
 31
0.0
  0
LINE
  5
3B1
330
1F
100
AcDbEntity
  8
Системный слой (1)
  6
K5LT_BASIC
 62
     5
420
      255
370
    60
100
AcDbLine
 10
140.5652156789236
 20
148.7186277730623
 30
0.0
 11
140.5652144915214
 21
153.2455141046215
 31
0.0
  0
LINE
  5
3B2
330
1F
100
AcDbEntity
  8
Системный слой (1)
  6
K5LT_BASIC
 62
     5
420
      255
370
    60
100
AcDbLine
 10
101.4927141294047
 20
154.6260542714721
 30
0.0
 11
101.6877141038305
 21
154.7235543226207
 31
0.0
  0
LINE
  5
3B3
330
1F
100
AcDbEntity
  8
Системный слой (1)
  6
K5LT_BASIC
 62
     5
420
      255
370
    60
100
AcDbLine
 10
99.9327143851473
 20
153.6510538622842
 30
0.0
 11
100.0302143680978
 21
153.7160538878585
 31
0.0
  0
LINE
  5
3B4
330
1F
100
AcDbEntity
  8
Системный слой (1)
  6
K5LT_BASIC
 62
     5
420
      255
370
    60
100
AcDbLine
 10
117.4325615768578
 20
184.532064871187
 30
0.0
 11
118.165206285057
 21
184.5320650633597
 31
0.0
  0
LINE
  5
3B5
330
1F
100
AcDbEntity
  8
Системный слой (1)
  6
K5LT_BASIC
 62
     5
420
      255
370
    60
100
AcDbLine
 10
98.92521447891963
 20
153.2935535980169
 30
0.0
 11
98.7302144533454
 21
153.3910535468684
 31
0.0
  0
LINE
  5
3B6
330
1F
100
AcDbEntity
  8
Системный слой (1)
  6
K5LT_BASIC
 62
     5
420
      255
370
    60
100
AcDbLine
 10
100.6477142487513
 20
154.1710540498287
 30
0.0
 11
100.550214325474
 21
153.8785540242544
 31
0.0
  0
LINE
  5
3B7
330
1F
100
AcDbEntity
  8
Системный слой (1)
  6
K5LT_BASIC
 62
     5
420
      255
370
    60
100
AcDbLine
 10
54.16519560324309
 20
225.2557177354717
 30
0.0
 11
54.1651920746101
 21
238.70837881669
 31
0.0
  0
LINE
  5
3B8
330
1F
100
AcDbEntity
  8
Системный слой (1)
  6
K5LT_BASIC
 62
     5
420
      255
370
    60
100
AcDbLine
 10
97.46833821922401
 20
158.0960532158785
 30
0.0
 11
97.4308382388965
 21
158.0210532060422
 31
0.0
  0
CIRCLE
  5
3B9
330
1F
100
AcDbEntity
  8
Системный слой (1)
  6
K5LT_BASIC
 62
     5
420
      255
370
    60
100
AcDbCircle
 10
87.20521566753119
 20
148.7620569425134
 30
0.0
 40
0.4999999999999914
  0
LINE
  5
3BA
330
1F
100
AcDbEntity
  8
Системный слой (1)
  6
K5LT_BASIC
 62
     5
420
      255
370
    60
100
AcDbLine
 10
98.95771394186042
 20
155.3410536065416
 30
0.0
 11
98.86021395890988
 21
155.2760535809673
 31
0.0
  0
LINE
  5
3BB
330
1F
100
AcDbEntity
  8
Системный слой (1)
  6
K5LT_BASIC
 62
     5
420
      255
370
    60
100
AcDbLine
 10
117.4325545472178
 20
211.3320648711095
 30
0.0
 11
117.4325555701878
 21
207.4320648711879
 31
0.0
  0
LINE
  5
3BC
330
1F
100
AcDbEntity
  8
Системный слой (1)
  6
K5LT_BASIC
 62
     5
420
      255
370
    60
100
AcDbLine
 10
101.6877142061274
 20
154.3335543226206
 30
0.0
 11
101.5902142317017
 21
154.2360542970464
 31
0.0
  0
LINE
  5
3BD
330
1F
100
AcDbEntity
  8
Системный слой (1)
  6
K5LT_BASIC
 62
     5
420
      255
370
    60
100
AcDbLine
 10
101.5183380077443
 20
158.9023042781934
 30
0.0
 11
101.5745880520074
 21
158.7335542929479
 31
0.0
  0
CIRCLE
  5
3BE
330
1F
100
AcDbEntity
  8
Системный слой (1)
  6
K5LT_BASIC
 62
     5
420
      255
370
    60
100
AcDbCircle
 10
89.74521566753103
 20
148.7620576087554
 30
0.0
 40
0.4999999999999914
  0
LINE
  5
3BF
330
1F
100
AcDbEntity
  8
Системный слой (1)
  6
K5LT_BASIC
 62
     5
420
      255
370
    60
100
AcDbLine
 10
96.962087904464
 20
159.296053083089
 30
0.0
 11
97.09333790446401
 21
159.2960531175159
 31
0.0
  0
LINE
  5
3C0
330
1F
100
AcDbEntity
  8
Системный слой (1)
  6
K5LT_BASIC
 62
     5
420
      255
370
    60
100
AcDbLine
 10
77.49786136722629
 20
144.8820543962751
 30
0.0
 11
76.36521665902549
 21
144.8820540991826
 31
0.0
  0
LINE
  5
3C1
330
1F
100
AcDbEntity
  8
Системный слой (1)
  6
K5LT_BASIC
 62
     5
420
      255
370
    60
100
AcDbLine
 10
94.84333790446415
 20
159.2960525273409
 30
0.0
 11
94.93708790446415
 21
159.2960525519315
 31
0.0
  0
LINE
  5
3C2
330
1F
100
AcDbEntity
  8
Системный слой (1)
  6
K5LT_BASIC
 62
     5
420
      255
370
    60
100
AcDbLine
 10
55.10520078725269
 20
204.992048522682
 30
0.0
 11
55.1152007872527
 21
204.992048525305
 31
0.0
  0
ARC
  5
3C3
330
1F
100
AcDbEntity
  8
Системный слой (1)
  6
K5LT_BASIC
 62
     5
420
      255
370
    60
100
AcDbCircle
 10
53.9151917667558
 20
239.8820482105452
 30
0.0
 40
1.18999999999998
100
AcDbArc
 50
282.1272919017322
 51
0.0
  0
LINE
  5
3C4
330
1F
100
AcDbEntity
  8
Системный слой (1)
  6
K5LT_BASIC
 62
     5
420
      255
370
    60
100
AcDbLine
 10
90.34333796348197
 20
159.0710513469909
 30
0.0
 11
90.34333790446448
 21
159.2960513469909
 31
0.0
  0
LINE
  5
3C5
330
1F
100
AcDbEntity
  8
Системный слой (1)
  6
K5LT_BASIC
 62
     5
420
      255
370
    60
100
AcDbLine
 10
117.4325521340578
 20
220.5320648711098
 30
0.0
 11
117.4325531570278
 21
216.6320648711099
 31
0.0
  0
ARC
  5
3C6
330
1F
100
AcDbEntity
  8
Системный слой (1)
  6
K5LT_BASIC
 62
     5
420
      255
370
    60
100
AcDbCircle
 10
140.8151959110933
 20
224.0820710043364
 30
0.0
 40
1.18999999999998
100
AcDbArc
 50
102.1272919017321
 51
180.0000150286826
  0
LINE
  5
3C7
330
1F
100
AcDbEntity
  8
Системный слой (1)
  6
K5LT_BASIC
 62
     5
420
      255
370
    60
100
AcDbLine
 10
118.1652025866271
 20
198.6320650633609
 30
0.0
 11
118.165203976817
 21
193.3320650633594
 31
0.0
  0
LINE
  5
3C8
330
1F
100
AcDbEntity
  8
Системный слой (1)
  6
K5LT_BASIC
 62
     5
420
      255
370
    60
100
AcDbLine
 10
97.52458803725332
 20
158.7898032306329
 30
0.0
 11
97.54333808151647
 21
158.621053235551
 31
0.0
  0
ARC
  5
3C9
330
1F
100
AcDbEntity
  8
Системный слой (1)
  6
K5LT_BASIC
 62
     5
420
      255
370
    60
100
AcDbCircle
 10
140.8151964881533
 20
221.8820710043365
 30
0.0
 40
1.18999999999998
100
AcDbArc
 50
180.0000150286832
 51
257.8727381556287
  0
LINE
  5
3CA
330
1F
100
AcDbEntity
  8
Системный слой (1)
  6
K5LT_BASIC
 62
     5
420
      255
370
    60
100
AcDbLine
 10
96.56521665902453
 20
144.8820593976424
 30
0.0
 11
96.56521647541453
 21
145.6820593976432
 31
0.0
  0
LINE
  5
3CB
330
1F
100
AcDbEntity
  8
Системный слой (1)
  6
K5LT_BASIC
 62
     5
420
      255
370
    60
100
AcDbLine
 10
54.16520384567159
 20
192.3320482761603
 30
0.0
 11
54.16520504604309
 21
189.255717735552
 31
0.0
  0
LINE
  5
3CC
330
1F
100
AcDbEntity
  8
Системный слой (1)
  6
K5LT_BASIC
 62
     5
420
      255
370
    60
100
AcDbLine
 10
117.4325639900178
 20
175.3320648711868
 30
0.0
 11
117.4325650129878
 21
171.432064871187
 31
0.0
  0
LINE
  5
3CD
330
1F
100
AcDbEntity
  8
Системный слой (1)
  6
K5LT_BASIC
 62
     5
420
      255
370
    60
100
AcDbLine
 10
76.5652015636661
 20
202.5320541516808
 30
0.0
 11
77.49784627186129
 21
202.5320543963135
 31
0.0
  0
LINE
  5
3CE
330
1F
100
AcDbEntity
  8
Системный слой (1)
  6
K5LT_BASIC
 62
     5
420
      255
370
    60
100
AcDbLine
 10
100.2252142998998
 20
153.9760539390069
 30
0.0
 11
100.2902142487513
 21
154.1710539560564
 31
0.0
  0
LINE
  5
3CF
330
1F
100
AcDbEntity
  8
Системный слой (1)
  6
K5LT_BASIC
 62
     5
420
      255
370
    60
100
AcDbLine
 10
76.56520869822609
 20
175.3320541516795
 30
0.0
 11
76.5652073080361
 21
180.6320541516798
 31
0.0
  0
LINE
  5
3D0
330
1F
100
AcDbEntity
  8
Системный слой (1)
  6
K5LT_BASIC
 62
     5
420
      255
370
    60
100
AcDbLine
 10
55.11520052757569
 20
205.0820485253052
 30
0.0
 11
55.11520063249569
 21
206.082048525305
 31
0.0
  0
LINE
  5
3D1
330
1F
100
AcDbEntity
  8
Системный слой (1)
  6
K5LT_BASIC
 62
     5
420
      255
370
    60
100
AcDbLine
 10
93.84958790446423
 20
159.2960522666803
 30
0.0
 11
93.94333790446423
 21
159.2960522912709
 31
0.0
  0
LINE
  5
3D2
330
1F
100
AcDbEntity
  8
Системный слой (1)
  6
K5LT_BASIC
 62
     5
420
      255
370
    60
100
AcDbLine
 10
118.165209721187
 20
171.4320650633597
 30
0.0
 11
117.4325650129878
 21
171.432064871187
 31
0.0
  0
LINE
  5
3D3
330
1F
100
AcDbEntity
  8
Системный слой (1)
  6
K5LT_BASIC
 62
     5
420
      255
370
    60
100
AcDbLine
 10
140.5652038456675
 20
129.1320482761191
 30
0.0
 11
140.5652034784475
 21
129.032048276119
 31
0.0
  0
LINE
  5
3D4
330
1F
100
AcDbEntity
  8
Системный слой (1)
  6
K5LT_BASIC
 62
     5
420
      255
370
    60
100
AcDbLine
 10
140.5652159245825
 20
129.1320482761223
 30
0.0
 11
140.5651892880175
 21
129.1320482761153
 31
0.0
  0
LINE
  5
3D5
330
1F
100
AcDbEntity
  8
Системный слой (1)
  6
K5LT_BASIC
 62
     5
420
      255
370
    60
100
AcDbLine
 10
140.5652038456675
 20
129.1320482761191
 30
0.0
 11
140.5652038456675
 21
127.632048276119
 31
0.0
  0
LINE
  5
3D6
330
1F
100
AcDbEntity
  8
Системный слой (1)
  6
K5LT_BASIC
 62
     5
420
      255
370
    60
100
AcDbLine
 10
118.1651978652271
 20
127.6320424005975
 30
0.0
 11
118.1651968160271
 21
127.7320424005972
 31
0.0
  0
LINE
  5
3D7
330
1F
100
AcDbEntity
  8
Системный слой (1)
  6
K5LT_BASIC
 62
     5
420
      255
370
    60
100
AcDbLine
 10
140.5652159245825
 20
129.1320482761223
 30
0.0
 11
140.5651892880175
 21
129.1320482761153
 31
0.0
  0
LINE
  5
3D8
330
1F
100
AcDbEntity
  8
Системный слой (1)
  6
K5LT_BASIC
 62
     5
420
      255
370
    60
100
AcDbLine
 10
118.1651968160271
 20
127.7320424005972
 30
0.0
 11
118.1651978652271
 21
127.6320424005975
 31
0.0
  0
LINE
  5
3D9
330
1F
100
AcDbEntity
  8
Системный слой (1)
  6
K5LT_BASIC
 62
     5
420
      255
370
    60
100
AcDbLine
 10
140.5651896814675
 20
127.6320482761153
 30
0.0
 11
140.5652038456675
 21
127.632048276119
 31
0.0
  0
LINE
  5
3DA
330
1F
100
AcDbEntity
  8
Системный слой (1)
  6
K5LT_BASIC
 62
     5
420
      255
370
    60
100
AcDbLine
 10
74.66521688198449
 20
127.6320309905524
 30
0.0
 11
74.6652035702595
 21
127.6320309905489
 31
0.0
  0
LINE
  5
3DB
330
1F
100
AcDbEntity
  8
Системный слой (1)
  6
K5LT_BASIC
 62
     5
420
      255
370
    60
100
AcDbLine
 10
140.5652159245825
 20
129.1320482761223
 30
0.0
 11
140.5652168819775
 21
127.6320482761225
 31
0.0
  0
LINE
  5
3DC
330
1F
100
AcDbEntity
  8
Системный слой (1)
  6
K5LT_BASIC
 62
     5
420
      255
370
    60
100
AcDbLine
 10
74.66518965524449
 20
127.7320309905453
 30
0.0
 11
75.25275988217619
 21
127.732031144665
 31
0.0
  0
LINE
  5
3DD
330
1F
100
AcDbEntity
  8
Системный слой (1)
  6
K5LT_BASIC
 62
     5
420
      255
370
    60
100
AcDbLine
 10
140.5651892880175
 20
129.1320482761153
 30
0.0
 11
140.5651902716425
 21
129.0320482761155
 31
0.0
  0
LINE
  5
3DE
330
1F
100
AcDbEntity
  8
Системный слой (1)
  6
K5LT_BASIC
 62
     5
420
      255
370
    60
100
AcDbLine
 10
120.0651896814687
 20
127.6320428989653
 30
0.0
 11
120.0651896552387
 21
127.7320428989653
 31
0.0
  0
LINE
  5
3DF
330
1F
100
AcDbEntity
  8
Системный слой (1)
  6
K5LT_BASIC
 62
     5
420
      255
370
    60
100
AcDbLine
 10
140.5652038456675
 20
129.1320482761191
 30
0.0
 11
140.5651892880175
 21
129.1320482761153
 31
0.0
  0
LINE
  5
3E0
330
1F
100
AcDbEntity
  8
Системный слой (1)
  6
K5LT_BASIC
 62
     5
420
      255
370
    60
100
AcDbLine
 10
140.5652034784475
 20
129.032048276119
 30
0.0
 11
140.5652159508125
 21
129.0320482761223
 31
0.0
  0
LINE
  5
3E1
330
1F
100
AcDbEntity
  8
Системный слой (1)
  6
K5LT_BASIC
 62
     5
420
      255
370
    60
100
AcDbLine
 10
118.3651894847434
 20
129.1320424530553
 30
0.0
 11
98.16518987819447
 21
129.1320371545954
 31
0.0
  0
LINE
  5
3E2
330
1F
100
AcDbEntity
  8
Системный слой (1)
  6
K5LT_BASIC
 62
     5
420
      255
370
    60
100
AcDbLine
 10
118.1651978652271
 20
127.6320424005975
 30
0.0
 11
118.165208671987
 21
127.7320424006003
 31
0.0
  0
LINE
  5
3E3
330
1F
100
AcDbEntity
  8
Системный слой (1)
  6
K5LT_BASIC
 62
     5
420
      255
370
    60
100
AcDbLine
 10
74.66518968147449
 20
127.6320309905453
 30
0.0
 11
54.1651896814716
 21
127.6320256133953
 31
0.0
  0
LINE
  5
3E4
330
1F
100
AcDbEntity
  8
Системный слой (1)
  6
K5LT_BASIC
 62
     5
420
      255
370
    60
100
AcDbLine
 10
75.2527595149562
 20
129.1320311446649
 30
0.0
 11
76.36518948474549
 21
129.1320314364553
 31
0.0
  0
LINE
  5
3E5
330
1F
100
AcDbEntity
  8
Системный слой (1)
  6
K5LT_BASIC
 62
     5
420
      255
370
    60
100
AcDbLine
 10
118.1651978652271
 20
127.6320424005975
 30
0.0
 11
118.1651968160271
 21
127.7320424005972
 31
0.0
  0
LINE
  5
3E6
330
1F
100
AcDbEntity
  8
Системный слой (1)
  6
K5LT_BASIC
 62
     5
420
      255
370
    60
100
AcDbLine
 10
118.1651978652271
 20
127.6320424005975
 30
0.0
 11
118.1651968160271
 21
127.7320424005972
 31
0.0
  0
LINE
  5
3E7
330
1F
100
AcDbEntity
  8
Системный слой (1)
  6
K5LT_BASIC
 62
     5
420
      255
370
    60
100
AcDbLine
 10
118.1651968160271
 20
127.7320424005972
 30
0.0
 11
118.1651978652271
 21
127.6320424005975
 31
0.0
  0
LINE
  5
3E8
330
1F
100
AcDbEntity
  8
Системный слой (1)
  6
K5LT_BASIC
 62
     5
420
      255
370
    60
100
AcDbLine
 10
140.5652038456675
 20
127.632048276119
 30
0.0
 11
140.5652038456675
 21
129.1320482761191
 31
0.0
  0
LINE
  5
3E9
330
1F
100
AcDbEntity
  8
Системный слой (1)
  6
K5LT_BASIC
 62
     5
420
      255
370
    60
100
AcDbLine
 10
140.5652038456675
 20
127.632048276119
 30
0.0
 11
140.5652034784475
 21
129.032048276119
 31
0.0
  0
LINE
  5
3EA
330
1F
100
AcDbEntity
  8
Системный слой (1)
  6
K5LT_BASIC
 62
     5
420
      255
370
    60
100
AcDbLine
 10
140.5652038456675
 20
129.1320482761191
 30
0.0
 11
140.5652038456675
 21
127.632048276119
 31
0.0
  0
LINE
  5
3EB
330
1F
100
AcDbEntity
  8
Системный слой (1)
  6
K5LT_BASIC
 62
     5
420
      255
370
    60
100
AcDbLine
 10
140.5652038456675
 20
129.1320482761191
 30
0.0
 11
140.5652034784475
 21
129.032048276119
 31
0.0
  0
LINE
  5
3EC
330
1F
100
AcDbEntity
  8
Системный слой (1)
  6
K5LT_BASIC
 62
     5
420
      255
370
    60
100
AcDbLine
 10
74.66518968147449
 20
127.6320309905453
 30
0.0
 11
74.6652035702595
 21
127.6320309905489
 31
0.0
  0
LINE
  5
3ED
330
1F
100
AcDbEntity
  8
Системный слой (1)
  6
K5LT_BASIC
 62
     5
420
      255
370
    60
100
AcDbLine
 10
118.1651968160271
 20
127.7320424005972
 30
0.0
 11
118.1651978652271
 21
127.6320424005975
 31
0.0
  0
LINE
  5
3EE
330
1F
100
AcDbEntity
  8
Системный слой (1)
  6
K5LT_BASIC
 62
     5
420
      255
370
    60
100
AcDbLine
 10
96.56519008803454
 20
127.6320367349154
 30
0.0
 11
96.56518985196455
 21
127.7320367349153
 31
0.0
  0
LINE
  5
3EF
330
1F
100
AcDbEntity
  8
Системный слой (1)
  6
K5LT_BASIC
 62
     5
420
      255
370
    60
100
AcDbLine
 10
140.5652034784475
 20
129.032048276119
 30
0.0
 11
140.5652038456675
 21
129.1320482761191
 31
0.0
  0
LINE
  5
3F0
330
1F
100
AcDbEntity
  8
Системный слой (1)
  6
K5LT_BASIC
 62
     5
420
      255
370
    60
100
AcDbLine
 10
120.0651896814687
 20
127.6320428989653
 30
0.0
 11
140.5651896814675
 21
127.6320482761153
 31
0.0
  0
LINE
  5
3F1
330
1F
100
AcDbEntity
  8
Системный слой (1)
  6
K5LT_BASIC
 62
     5
420
      255
370
    60
100
AcDbLine
 10
118.1651978652271
 20
127.6320424005975
 30
0.0
 11
118.1651968160271
 21
127.7320424005972
 31
0.0
  0
LINE
  5
3F2
330
1F
100
AcDbEntity
  8
Системный слой (1)
  6
K5LT_BASIC
 62
     5
420
      255
370
    60
100
AcDbLine
 10
140.5652034784475
 20
129.032048276119
 30
0.0
 11
140.5652009560397
 21
129.0320482761183
 31
0.0
  0
LINE
  5
3F3
330
1F
100
AcDbEntity
  8
Системный слой (1)
  6
K5LT_BASIC
 62
     5
420
      255
370
    60
100
AcDbLine
 10
74.6652029669695
 20
127.7320309905488
 30
0.0
 11
74.6652035702595
 21
127.6320309905489
 31
0.0
  0
LINE
  5
3F4
330
1F
100
AcDbEntity
  8
Системный слой (1)
  6
K5LT_BASIC
 62
     5
420
      255
370
    60
100
AcDbLine
 10
118.1651968160271
 20
127.7320424005972
 30
0.0
 11
118.1651978652271
 21
127.6320424005975
 31
0.0
  0
LINE
  5
3F5
330
1F
100
AcDbEntity
  8
Системный слой (1)
  6
K5LT_BASIC
 62
     5
420
      255
370
    60
100
AcDbLine
 10
96.56518985196455
 20
127.7320367349153
 30
0.0
 11
98.16518985196446
 21
127.7320371545953
 31
0.0
  0
LINE
  5
3F6
330
1F
100
AcDbEntity
  8
Системный слой (1)
  6
K5LT_BASIC
 62
     5
420
      255
370
    60
100
AcDbLine
 10
119.4776194283028
 20
127.7320427448456
 30
0.0
 11
120.0651896552387
 21
127.7320428989653
 31
0.0
  0
LINE
  5
3F7
330
1F
100
AcDbEntity
  8
Системный слой (1)
  6
K5LT_BASIC
 62
     5
420
      255
370
    60
100
AcDbLine
 10
140.5651896814675
 20
127.6320482761153
 30
0.0
 11
140.5652038456675
 21
127.632048276119
 31
0.0
  0
LINE
  5
3F8
330
1F
100
AcDbEntity
  8
Системный слой (1)
  6
K5LT_BASIC
 62
     5
420
      255
370
    60
100
AcDbLine
 10
140.5652038456675
 20
129.1320482761191
 30
0.0
 11
140.5652038456675
 21
127.632048276119
 31
0.0
  0
LINE
  5
3F9
330
1F
100
AcDbEntity
  8
Системный слой (1)
  6
K5LT_BASIC
 62
     5
420
      255
370
    60
100
AcDbLine
 10
76.5651931438361
 20
127.6320314889162
 30
0.0
 11
76.5651908093661
 21
127.7320314889156
 31
0.0
  0
LINE
  5
3FA
330
1F
100
AcDbEntity
  8
Системный слой (1)
  6
K5LT_BASIC
 62
     5
420
      255
370
    60
100
AcDbLine
 10
140.5652159245825
 20
129.1320482761223
 30
0.0
 11
140.5652168819775
 21
127.6320482761225
 31
0.0
  0
LINE
  5
3FB
330
1F
100
AcDbEntity
  8
Системный слой (1)
  6
K5LT_BASIC
 62
     5
420
      255
370
    60
100
AcDbLine
 10
140.5651892880175
 20
129.1320482761153
 30
0.0
 11
140.5651896814675
 21
127.6320482761153
 31
0.0
  0
LINE
  5
3FC
330
1F
100
AcDbEntity
  8
Системный слой (1)
  6
K5LT_BASIC
 62
     5
420
      255
370
    60
100
AcDbLine
 10
96.56519008803454
 20
127.6320367349154
 30
0.0
 11
96.56518985196455
 21
127.7320367349153
 31
0.0
  0
LINE
  5
3FD
330
1F
100
AcDbEntity
  8
Системный слой (1)
  6
K5LT_BASIC
 62
     5
420
      255
370
    60
100
AcDbLine
 10
140.5652159508125
 20
129.0320482761223
 30
0.0
 11
140.5652159245825
 21
129.1320482761223
 31
0.0
  0
LINE
  5
3FE
330
1F
100
AcDbEntity
  8
Системный слой (1)
  6
K5LT_BASIC
 62
     5
420
      255
370
    60
100
AcDbLine
 10
119.4776194283028
 20
127.7320427448456
 30
0.0
 11
119.4776190610828
 21
129.1320427448456
 31
0.0
  0
LINE
  5
3FF
330
1F
100
AcDbEntity
  8
Системный слой (1)
  6
K5LT_BASIC
 62
     5
420
      255
370
    60
100
AcDbLine
 10
75.25275988217619
 20
127.732031144665
 30
0.0
 11
76.3651898519655
 21
127.7320314364553
 31
0.0
  0
LINE
  5
400
330
1F
100
AcDbEntity
  8
Системный слой (1)
  6
K5LT_BASIC
 62
     5
420
      255
370
    60
100
AcDbLine
 10
117.4325555439578
 20
127.7320422084254
 30
0.0
 11
117.4325531570278
 21
127.6320422084247
 31
0.0
  0
LINE
  5
401
330
1F
100
AcDbEntity
  8
Системный слой (1)
  6
K5LT_BASIC
 62
     5
420
      255
370
    60
100
AcDbLine
 10
98.16518987819447
 20
129.1320371545954
 30
0.0
 11
96.56518987819456
 21
129.1320367349154
 31
0.0
  0
LINE
  5
402
330
1F
100
AcDbEntity
  8
Системный слой (1)
  6
K5LT_BASIC
 62
     5
420
      255
370
    60
100
AcDbLine
 10
118.1651968160271
 20
127.7320424005972
 30
0.0
 11
118.1651978652271
 21
127.6320424005975
 31
0.0
  0
LINE
  5
403
330
1F
100
AcDbEntity
  8
Системный слой (1)
  6
K5LT_BASIC
 62
     5
420
      255
370
    60
100
AcDbLine
 10
140.5651892880175
 20
129.1320482761153
 30
0.0
 11
140.5651896814675
 21
127.6320482761153
 31
0.0
  0
LINE
  5
404
330
1F
100
AcDbEntity
  8
Системный слой (1)
  6
K5LT_BASIC
 62
     5
420
      255
370
    60
100
AcDbLine
 10
118.165208671987
 20
127.7320424006003
 30
0.0
 11
118.165215727857
 21
127.6320424006021
 31
0.0
  0
LINE
  5
405
330
1F
100
AcDbEntity
  8
Системный слой (1)
  6
K5LT_BASIC
 62
     5
420
      255
370
    60
100
AcDbLine
 10
118.165208671987
 20
127.7320424006003
 30
0.0
 11
118.165212029427
 21
127.6320424006012
 31
0.0
  0
LINE
  5
406
330
1F
100
AcDbEntity
  8
Системный слой (1)
  6
K5LT_BASIC
 62
     5
420
      255
370
    60
100
AcDbLine
 10
140.5651896814675
 20
127.6320482761153
 30
0.0
 11
140.5652038456675
 21
127.632048276119
 31
0.0
  0
LINE
  5
407
330
1F
100
AcDbEntity
  8
Системный слой (1)
  6
K5LT_BASIC
 62
     5
420
      255
370
    60
100
AcDbLine
 10
98.16518987819447
 20
129.1320371545954
 30
0.0
 11
98.16518951097446
 21
129.0320371545953
 31
0.0
  0
LINE
  5
408
330
1F
100
AcDbEntity
  8
Системный слой (1)
  6
K5LT_BASIC
 62
     5
420
      255
370
    60
100
AcDbLine
 10
140.5652034784475
 20
129.032048276119
 30
0.0
 11
140.5652038456675
 21
129.1320482761191
 31
0.0
  0
LINE
  5
409
330
1F
100
AcDbEntity
  8
Системный слой (1)
  6
K5LT_BASIC
 62
     5
420
      255
370
    60
100
AcDbLine
 10
74.66521688198449
 20
127.6320309905524
 30
0.0
 11
74.6652168557545
 21
127.7320309905524
 31
0.0
  0
LINE
  5
40A
330
1F
100
AcDbEntity
  8
Системный слой (1)
  6
K5LT_BASIC
 62
     5
420
      255
370
    60
100
AcDbLine
 10
118.165208671987
 20
127.7320424006003
 30
0.0
 11
118.1651978652271
 21
127.6320424005975
 31
0.0
  0
LINE
  5
40B
330
1F
100
AcDbEntity
  8
Системный слой (1)
  6
K5LT_BASIC
 62
     5
420
      255
370
    60
100
AcDbLine
 10
118.165215727857
 20
127.6320424006021
 30
0.0
 11
118.165208671987
 21
127.7320424006003
 31
0.0
  0
LINE
  5
40C
330
1F
100
AcDbEntity
  8
Системный слой (1)
  6
K5LT_BASIC
 62
     5
420
      255
370
    60
100
AcDbLine
 10
96.56518951097455
 20
129.0320367349153
 30
0.0
 11
96.56518987819456
 21
129.1320367349154
 31
0.0
  0
LINE
  5
40D
330
1F
100
AcDbEntity
  8
Системный слой (1)
  6
K5LT_BASIC
 62
     5
420
      255
370
    60
100
AcDbLine
 10
140.5652159245825
 20
129.1320482761223
 30
0.0
 11
140.5651892880175
 21
129.1320482761153
 31
0.0
  0
LINE
  5
40E
330
1F
100
AcDbEntity
  8
Системный слой (1)
  6
K5LT_BASIC
 62
     5
420
      255
370
    60
100
AcDbLine
 10
119.4776194283028
 20
127.7320427448456
 30
0.0
 11
118.3651898519634
 21
127.7320424530554
 31
0.0
  0
LINE
  5
40F
330
1F
100
AcDbEntity
  8
Системный слой (1)
  6
K5LT_BASIC
 62
     5
420
      255
370
    60
100
AcDbLine
 10
140.5652034784475
 20
129.032048276119
 30
0.0
 11
140.5652053014325
 21
129.0320482761195
 31
0.0
  0
LINE
  5
410
330
1F
100
AcDbEntity
  8
Системный слой (1)
  6
K5LT_BASIC
 62
     5
420
      255
370
    60
100
AcDbLine
 10
117.4325451437628
 20
127.7320422084226
 30
0.0
 11
118.3651898519634
 21
127.7320424530554
 31
0.0
  0
LINE
  5
411
330
1F
100
AcDbEntity
  8
Системный слой (1)
  6
K5LT_BASIC
 62
     5
420
      255
370
    60
100
AcDbLine
 10
118.1651968160271
 20
127.7320424005972
 30
0.0
 11
118.1651978652271
 21
127.6320424005975
 31
0.0
  0
LINE
  5
412
330
1F
100
AcDbEntity
  8
Системный слой (1)
  6
K5LT_BASIC
 62
     5
420
      255
370
    60
100
AcDbLine
 10
118.1651978652271
 20
127.6320424005975
 30
0.0
 11
118.1651968160271
 21
127.7320424005972
 31
0.0
  0
LINE
  5
413
330
1F
100
AcDbEntity
  8
Системный слой (1)
  6
K5LT_BASIC
 62
     5
420
      255
370
    60
100
AcDbLine
 10
98.16518985196446
 20
127.7320371545953
 30
0.0
 11
98.16519008803445
 21
127.6320371545954
 31
0.0
  0
LINE
  5
414
330
1F
100
AcDbEntity
  8
Системный слой (1)
  6
K5LT_BASIC
 62
     5
420
      255
370
    60
100
AcDbLine
 10
54.1651896814716
 20
127.6320256133953
 30
0.0
 11
55.11450254180217
 21
129.1320258624001
 31
0.0
  0
LINE
  5
415
330
1F
100
AcDbEntity
  8
Системный слой (1)
  6
K5LT_BASIC
 62
     5
420
      255
370
    60
100
AcDbLine
 10
75.2527595149562
 20
129.1320311446649
 30
0.0
 11
54.16518928802159
 21
129.1320256133952
 31
0.0
  0
LINE
  5
416
330
1F
100
AcDbEntity
  8
Системный слой (1)
  6
K5LT_BASIC
 62
     5
420
      255
370
    60
100
AcDbLine
 10
140.5651896814675
 20
127.6320482761153
 30
0.0
 11
140.5652038456675
 21
127.632048276119
 31
0.0
  0
LINE
  5
417
330
1F
100
AcDbEntity
  8
Системный слой (1)
  6
K5LT_BASIC
 62
     5
420
      255
370
    60
100
AcDbLine
 10
140.5651896814675
 20
127.6320482761153
 30
0.0
 11
140.5652038456675
 21
127.632048276119
 31
0.0
  0
LINE
  5
418
330
1F
100
AcDbEntity
  8
Системный слой (1)
  6
K5LT_BASIC
 62
     5
420
      255
370
    60
100
AcDbLine
 10
140.5652038456675
 20
127.632048276119
 30
0.0
 11
140.5652038456675
 21
129.1320482761191
 31
0.0
  0
LINE
  5
419
330
1F
100
AcDbEntity
  8
Системный слой (1)
  6
K5LT_BASIC
 62
     5
420
      255
370
    60
100
AcDbLine
 10
118.165212029427
 20
127.6320424006012
 30
0.0
 11
118.165208671987
 21
127.7320424006003
 31
0.0
  0
LINE
  5
41A
330
1F
100
AcDbEntity
  8
Системный слой (1)
  6
K5LT_BASIC
 62
     5
420
      255
370
    60
100
AcDbLine
 10
118.165208671987
 20
127.7320424006003
 30
0.0
 11
118.165209721187
 21
127.6320424006006
 31
0.0
  0
LINE
  5
41B
330
1F
100
AcDbEntity
  8
Системный слой (1)
  6
K5LT_BASIC
 62
     5
420
      255
370
    60
100
AcDbLine
 10
140.5652038456675
 20
129.1320482761191
 30
0.0
 11
140.5652038456675
 21
127.632048276119
 31
0.0
  0
LINE
  5
41C
330
1F
100
AcDbEntity
  8
Системный слой (1)
  6
K5LT_BASIC
 62
     5
420
      255
370
    60
100
AcDbLine
 10
140.5652038456675
 20
129.1320482761191
 30
0.0
 11
140.5652034784475
 21
129.032048276119
 31
0.0
  0
LINE
  5
41D
330
1F
100
AcDbEntity
  8
Системный слой (1)
  6
K5LT_BASIC
 62
     5
420
      255
370
    60
100
AcDbLine
 10
118.1651978652271
 20
127.6320424005975
 30
0.0
 11
118.1651968160271
 21
127.7320424005972
 31
0.0
  0
LINE
  5
41E
330
1F
100
AcDbEntity
  8
Системный слой (1)
  6
K5LT_BASIC
 62
     5
420
      255
370
    60
100
AcDbLine
 10
140.5651902716425
 20
129.0320482761155
 30
0.0
 11
140.5651892880175
 21
129.1320482761153
 31
0.0
  0
LINE
  5
41F
330
1F
100
AcDbEntity
  8
Системный слой (1)
  6
K5LT_BASIC
 62
     5
420
      255
370
    60
100
AcDbLine
 10
118.165209721187
 20
127.6320424006006
 30
0.0
 11
118.165208671987
 21
127.7320424006003
 31
0.0
  0
LINE
  5
420
330
1F
100
AcDbEntity
  8
Системный слой (1)
  6
K5LT_BASIC
 62
     5
420
      255
370
    60
100
AcDbLine
 10
140.5651892880175
 20
129.1320482761153
 30
0.0
 11
140.5651896814675
 21
127.6320482761153
 31
0.0
  0
LINE
  5
421
330
1F
100
AcDbEntity
  8
Системный слой (1)
  6
K5LT_BASIC
 62
     5
420
      255
370
    60
100
AcDbLine
 10
119.4776190610828
 20
129.1320427448456
 30
0.0
 11
118.3651894847434
 21
129.1320424530553
 31
0.0
  0
LINE
  5
422
330
1F
100
AcDbEntity
  8
Системный слой (1)
  6
K5LT_BASIC
 62
     5
420
      255
370
    60
100
AcDbLine
 10
74.6652029669695
 20
127.7320309905488
 30
0.0
 11
74.6652035702595
 21
127.6320309905489
 31
0.0
  0
LINE
  5
423
330
1F
100
AcDbEntity
  8
Системный слой (1)
  6
K5LT_BASIC
 62
     5
420
      255
370
    60
100
AcDbLine
 10
140.5652168819775
 20
127.6320482761225
 30
0.0
 11
140.5652159245825
 21
129.1320482761223
 31
0.0
  0
LINE
  5
424
330
1F
100
AcDbEntity
  8
Системный слой (1)
  6
K5LT_BASIC
 62
     5
420
      255
370
    60
100
AcDbLine
 10
96.56518987819456
 20
129.1320367349154
 30
0.0
 11
96.56518951097455
 21
129.0320367349153
 31
0.0
  0
LINE
  5
425
330
1F
100
AcDbEntity
  8
Системный слой (1)
  6
K5LT_BASIC
 62
     5
420
      255
370
    60
100
AcDbLine
 10
140.5652038456675
 20
129.1320482761191
 30
0.0
 11
140.5652038456675
 21
127.632048276119
 31
0.0
  0
LINE
  5
426
330
1F
100
AcDbEntity
  8
Системный слой (1)
  6
K5LT_BASIC
 62
     5
420
      255
370
    60
100
AcDbLine
 10
77.4978345863963
 20
127.6320317335481
 30
0.0
 11
96.56519008803454
 21
127.6320367349154
 31
0.0
  0
LINE
  5
427
330
1F
100
AcDbEntity
  8
Системный слой (1)
  6
K5LT_BASIC
 62
     5
420
      255
370
    60
100
AcDbLine
 10
98.16518951097446
 20
129.0320371545953
 30
0.0
 11
96.56518951097455
 21
129.0320367349153
 31
0.0
  0
LINE
  5
428
330
1F
100
AcDbEntity
  8
Системный слой (1)
  6
K5LT_BASIC
 62
     5
420
      255
370
    60
100
AcDbLine
 10
140.5652038456675
 20
129.1320482761191
 30
0.0
 11
140.5651896814675
 21
127.6320482761153
 31
0.0
  0
LINE
  5
429
330
1F
100
AcDbEntity
  8
Системный слой (1)
  6
K5LT_BASIC
 62
     5
420
      255
370
    60
100
AcDbLine
 10
140.5652168819775
 20
127.6320482761225
 30
0.0
 11
140.5652159245825
 21
129.1320482761223
 31
0.0
  0
LINE
  5
42A
330
1F
100
AcDbEntity
  8
Системный слой (1)
  6
K5LT_BASIC
 62
     5
420
      255
370
    60
100
AcDbLine
 10
140.5651896814675
 20
127.6320482761153
 30
0.0
 11
140.5652168819775
 21
127.6320482761225
 31
0.0
  0
LINE
  5
42B
330
1F
100
AcDbEntity
  8
Системный слой (1)
  6
K5LT_BASIC
 62
     5
420
      255
370
    60
100
AcDbLine
 10
140.5651892880175
 20
129.1320482761153
 30
0.0
 11
140.5651896814675
 21
127.6320482761153
 31
0.0
  0
LINE
  5
42C
330
1F
100
AcDbEntity
  8
Системный слой (1)
  6
K5LT_BASIC
 62
     5
420
      255
370
    60
100
AcDbLine
 10
140.5651896814675
 20
127.6320482761153
 30
0.0
 11
140.5652159245825
 21
129.1320482761223
 31
0.0
  0
LINE
  5
42D
330
1F
100
AcDbEntity
  8
Системный слой (1)
  6
K5LT_BASIC
 62
     5
420
      255
370
    60
100
AcDbLine
 10
77.4978345863963
 20
127.6320317335481
 30
0.0
 11
76.5651931438361
 21
127.6320314889162
 31
0.0
  0
LINE
  5
42E
330
1F
100
AcDbEntity
  8
Системный слой (1)
  6
K5LT_BASIC
 62
     5
420
      255
370
    60
100
AcDbLine
 10
140.5652034784475
 20
129.032048276119
 30
0.0
 11
140.5652038456675
 21
127.632048276119
 31
0.0
  0
LINE
  5
42F
330
1F
100
AcDbEntity
  8
Системный слой (1)
  6
K5LT_BASIC
 62
     5
420
      255
370
    60
100
AcDbLine
 10
140.5652038456675
 20
129.1320482761191
 30
0.0
 11
140.5652038456675
 21
127.632048276119
 31
0.0
  0
LINE
  5
430
330
1F
100
AcDbEntity
  8
Системный слой (1)
  6
K5LT_BASIC
 62
     5
420
      255
370
    60
100
AcDbLine
 10
140.5651892880175
 20
129.1320482761153
 30
0.0
 11
140.5651896814675
 21
127.6320482761153
 31
0.0
  0
LINE
  5
431
330
1F
100
AcDbEntity
  8
Системный слой (1)
  6
K5LT_BASIC
 62
     5
420
      255
370
    60
100
AcDbLine
 10
76.3651898519655
 20
127.7320314364553
 30
0.0
 11
77.4978345601663
 21
127.732031733548
 31
0.0
  0
LINE
  5
432
330
1F
100
AcDbEntity
  8
Системный слой (1)
  6
K5LT_BASIC
 62
     5
420
      255
370
    60
100
AcDbLine
 10
119.4776190610828
 20
129.1320427448456
 30
0.0
 11
140.5651892880175
 21
129.1320482761153
 31
0.0
  0
LINE
  5
433
330
1F
100
AcDbEntity
  8
Системный слой (1)
  6
K5LT_BASIC
 62
     5
420
      255
370
    60
100
AcDbLine
 10
98.16519008803445
 20
127.6320371545954
 30
0.0
 11
96.56519008803454
 21
127.6320367349154
 31
0.0
  0
LINE
  5
434
330
1F
100
AcDbEntity
  8
Системный слой (1)
  6
K5LT_BASIC
 62
     5
420
      255
370
    60
100
AcDbLine
 10
117.4325451437628
 20
127.7320422084226
 30
0.0
 11
117.4325451699928
 21
127.6320422084227
 31
0.0
  0
LINE
  5
435
330
1F
100
AcDbEntity
  8
Системный слой (1)
  6
K5LT_BASIC
 62
     5
420
      255
370
    60
100
AcDbLine
 10
140.5651892880175
 20
129.1320482761153
 30
0.0
 11
140.5651896814675
 21
127.6320482761153
 31
0.0
  0
LINE
  5
436
330
1F
100
AcDbEntity
  8
Системный слой (1)
  6
K5LT_BASIC
 62
     5
420
      255
370
    60
100
AcDbLine
 10
74.66518965524449
 20
127.7320309905453
 30
0.0
 11
74.66518968147449
 21
127.6320309905453
 31
0.0
  0
LINE
  5
437
330
1F
100
AcDbEntity
  8
Системный слой (1)
  6
K5LT_BASIC
 62
     5
420
      255
370
    60
100
AcDbLine
 10
98.16519008803445
 20
127.6320371545954
 30
0.0
 11
117.4325451699928
 21
127.6320422084227
 31
0.0
  0
LINE
  5
438
330
1F
100
AcDbEntity
  8
Системный слой (1)
  6
K5LT_BASIC
 62
     5
420
      255
370
    60
100
AcDbLine
 10
74.6652035702595
 20
127.6320309905489
 30
0.0
 11
74.66518968147449
 21
127.6320309905453
 31
0.0
  0
LINE
  5
439
330
1F
100
AcDbEntity
  8
Системный слой (1)
  6
K5LT_BASIC
 62
     5
420
      255
370
    60
100
AcDbLine
 10
118.1651968160271
 20
127.7320424005972
 30
0.0
 11
118.1651978652271
 21
127.6320424005975
 31
0.0
  0
LINE
  5
43A
330
1F
100
AcDbEntity
  8
Системный слой (1)
  6
K5LT_BASIC
 62
     5
420
      255
370
    60
100
AcDbLine
 10
140.5652034784475
 20
129.032048276119
 30
0.0
 11
140.5652023505575
 21
129.0320482761187
 31
0.0
  0
LINE
  5
43B
330
1F
100
AcDbEntity
  8
Системный слой (1)
  6
K5LT_BASIC
 62
     5
420
      255
370
    60
100
AcDbLine
 10
140.5652168819775
 20
127.6320482761225
 30
0.0
 11
140.5652159245825
 21
129.1320482761223
 31
0.0
  0
LINE
  5
43C
330
1F
100
AcDbEntity
  8
Системный слой (1)
  6
K5LT_BASIC
 62
     5
420
      255
370
    60
100
AcDbLine
 10
118.165215727857
 20
127.6320424006021
 30
0.0
 11
118.165214442587
 21
127.6320424006018
 31
0.0
  0
LINE
  5
43D
330
1F
100
AcDbEntity
  8
Системный слой (1)
  6
K5LT_BASIC
 62
     5
420
      255
370
    60
100
AcDbLine
 10
140.5652159245825
 20
129.1320482761223
 30
0.0
 11
140.5652034784475
 21
129.032048276119
 31
0.0
  0
LINE
  5
43E
330
1F
100
AcDbEntity
  8
Системный слой (1)
  6
K5LT_BASIC
 62
     5
420
      255
370
    60
100
AcDbLine
 10
96.56518948474455
 20
129.1320367349153
 30
0.0
 11
76.36518948474549
 21
129.1320314364553
 31
0.0
  0
LINE
  5
43F
330
1F
100
AcDbEntity
  8
Системный слой (1)
  6
K5LT_BASIC
 62
     5
420
      255
370
    60
100
AcDbLine
 10
118.1651978652271
 20
127.6320424005975
 30
0.0
 11
118.1651968160271
 21
127.7320424005972
 31
0.0
  0
LINE
  5
440
330
1F
100
AcDbEntity
  8
Системный слой (1)
  6
K5LT_BASIC
 62
     5
420
      255
370
    60
100
AcDbLine
 10
140.5651896814675
 20
127.6320482761153
 30
0.0
 11
140.5652159245825
 21
129.1320482761223
 31
0.0
  0
LINE
  5
441
330
1F
100
AcDbEntity
  8
Системный слой (1)
  6
K5LT_BASIC
 62
     5
420
      255
370
    60
100
AcDbLine
 10
140.5651896814675
 20
127.6320482761153
 30
0.0
 11
140.5651892880175
 21
129.1320482761153
 31
0.0
  0
LINE
  5
442
330
1F
100
AcDbEntity
  8
Системный слой (1)
  6
K5LT_BASIC
 62
     5
420
      255
370
    60
100
AcDbLine
 10
75.2527595149562
 20
129.1320311446649
 30
0.0
 11
75.25275988217619
 21
127.732031144665
 31
0.0
  0
INSERT
  5
444
330
1F
100
AcDbEntity
  8
Системный слой (1)
100
AcDbBlockReference
  2
U12
 10
0.0
 20
0.0
 30
0.0
  0
LINE
  5
449
330
1F
100
AcDbEntity
  8
Системный слой (1)
  6
K5LT_BASIC
 62
     5
420
      255
370
    60
100
AcDbLine
 10
140.5651896814675
 20
127.6320482761153
 30
0.0
 11
140.5652038456675
 21
127.632048276119
 31
0.0
  0
LINE
  5
44A
330
1F
100
AcDbEntity
  8
Системный слой (1)
  6
K5LT_BASIC
 62
     5
420
      255
370
    60
100
AcDbLine
 10
118.1651978652271
 20
127.6320424005975
 30
0.0
 11
117.4325531570278
 21
127.6320422084247
 31
0.0
  0
LINE
  5
44B
330
1F
100
AcDbEntity
  8
Системный слой (1)
  6
K5LT_BASIC
 62
     5
420
      255
370
    60
100
AcDbLine
 10
77.4978345863963
 20
127.6320317335481
 30
0.0
 11
77.4978345601663
 21
127.732031733548
 31
0.0
  0
LINE
  5
44C
330
1F
100
AcDbEntity
  8
Системный слой (1)
  6
K5LT_BASIC
 62
     5
420
      255
370
    60
100
AcDbLine
 10
140.5652038456675
 20
129.1320482761191
 30
0.0
 11
140.5652038456675
 21
127.632048276119
 31
0.0
  0
LINE
  5
44D
330
1F
100
AcDbEntity
  8
Системный слой (1)
  6
K5LT_BASIC
 62
     5
420
      255
370
    60
100
AcDbLine
 10
140.5652034784475
 20
129.032048276119
 30
0.0
 11
140.5652038456675
 21
129.1320482761191
 31
0.0
  0
LINE
  5
44E
330
1F
100
AcDbEntity
  8
Системный слой (1)
  6
K5LT_BASIC
 62
     5
420
      255
370
    60
100
AcDbLine
 10
140.5652038456675
 20
127.632048276119
 30
0.0
 11
140.5652038456675
 21
129.1320482761191
 31
0.0
  0
LINE
  5
44F
330
1F
100
AcDbEntity
  8
Системный слой (1)
  6
K5LT_BASIC
 62
     5
420
      255
370
    60
100
AcDbLine
 10
140.5652038456675
 20
127.632048276119
 30
0.0
 11
140.5652038456675
 21
129.1320482761191
 31
0.0
  0
LINE
  5
450
330
1F
100
AcDbEntity
  8
Системный слой (1)
  6
K5LT_BASIC
 62
     5
420
      255
370
    60
100
AcDbLine
 10
155.5652168819783
 20
153.2557403982722
 30
0.0
 11
155.5652168819793
 21
166.708401479333
 31
0.0
  0
LINE
  5
451
330
1F
100
AcDbEntity
  8
Системный слой (1)
  6
K5LT_BASIC
 62
     5
420
      255
370
    60
100
AcDbLine
 10
155.5652171311682
 20
224.0820706895764
 30
0.0
 11
155.5652171311681
 21
221.8820706895765
 31
0.0
  0
LINE
  5
452
330
1F
100
AcDbEntity
  8
Системный слой (1)
  6
K5LT_BASIC
 62
     5
420
      255
370
    60
100
AcDbLine
 10
155.6652393195866
 20
188.5155489169009
 30
0.0
 11
155.5652393195866
 21
188.5155489169009
 31
0.0
  0
LINE
  5
453
330
1F
100
AcDbEntity
  8
Системный слой (1)
  6
K5LT_BASIC
 62
     5
420
      255
370
    60
100
AcDbLine
 10
155.5652395447008
 20
189.2454914419013
 30
0.0
 11
155.5652393195866
 21
188.5155489169009
 31
0.0
  0
LINE
  5
454
330
1F
100
AcDbEntity
  8
Системный слой (1)
  6
K5LT_BASIC
 62
     5
420
      255
370
    60
100
AcDbLine
 10
155.5652171311656
 20
185.8820706896567
 30
0.0
 11
155.5652168819805
 21
184.718627773062
 31
0.0
  0
LINE
  5
455
330
1F
100
AcDbEntity
  8
Системный слой (1)
  6
K5LT_BASIC
 62
     5
420
      255
370
    60
100
AcDbLine
 10
155.6652392168261
 20
193.8414605140956
 30
0.0
 11
155.5652392168262
 21
193.8414605140956
 31
0.0
  0
LINE
  5
456
330
1F
100
AcDbEntity
  8
Системный слой (1)
  6
K5LT_BASIC
 62
     5
420
      255
370
    60
100
AcDbLine
 10
155.5652395447018
 20
202.7186051103404
 30
0.0
 11
155.5652393195877
 21
203.4485480855679
 31
0.0
  0
LINE
  5
457
330
1F
100
AcDbEntity
  8
Системный слой (1)
  6
K5LT_BASIC
 62
     5
420
      255
370
    60
100
AcDbLine
 10
155.5652171311681
 20
221.8820706895765
 30
0.0
 11
155.565216881983
 21
220.7084014793312
 31
0.0
  0
LINE
  5
458
330
1F
100
AcDbEntity
  8
Системный слой (1)
  6
K5LT_BASIC
 62
     5
420
      255
370
    60
100
AcDbLine
 10
155.5652389483179
 20
197.1820488725437
 30
0.0
 11
157.0652389483178
 21
197.1820488725437
 31
0.0
  0
LINE
  5
459
330
1F
100
AcDbEntity
  8
Системный слой (1)
  6
K5LT_BASIC
 62
     5
420
      255
370
    60
100
AcDbLine
 10
157.0652367380912
 20
194.7820510827702
 30
0.0
 11
157.0652389483177
 21
194.7820488725437
 31
0.0
  0
LINE
  5
45A
330
1F
100
AcDbEntity
  8
Системный слой (1)
  6
K5LT_BASIC
 62
     5
420
      255
370
    60
100
AcDbLine
 10
155.56523929814
 20
206.082048522682
 30
0.0
 11
155.5652395447021
 21
207.2454914418997
 31
0.0
  0
LINE
  5
45B
330
1F
100
AcDbEntity
  8
Системный слой (1)
  6
K5LT_BASIC
 62
     5
420
      255
370
    60
100
AcDbLine
 10
155.5652168819793
 20
166.7186277729837
 30
0.0
 11
155.5652168819796
 21
171.245514104543
 31
0.0
  0
LINE
  5
45C
330
1F
100
AcDbEntity
  8
Системный слой (1)
  6
K5LT_BASIC
 62
     5
420
      255
370
    60
100
AcDbLine
 10
155.5652172098565
 20
199.632070611005
 30
0.0
 11
155.5652172098564
 21
198.1226587009443
 31
0.0
  0
LINE
  5
45D
330
1F
100
AcDbEntity
  8
Системный слой (1)
  6
K5LT_BASIC
 62
     5
420
      255
370
    60
100
AcDbLine
 10
157.0652395447045
 20
243.2454914418996
 30
0.0
 11
157.0652395447042
 21
238.7186051103405
 31
0.0
  0
LINE
  5
45E
330
1F
100
AcDbEntity
  8
Системный слой (1)
  6
K5LT_BASIC
 62
     5
420
      255
370
    60
100
AcDbLine
 10
155.5652395446984
 20
153.2454914419016
 30
0.0
 11
155.565239544698
 21
148.7186051103423
 31
0.0
  0
LINE
  5
45F
330
1F
100
AcDbEntity
  8
Системный слой (1)
  6
K5LT_BASIC
 62
     5
420
      255
370
    60
100
AcDbLine
 10
157.0652395447017
 20
202.7083788166898
 30
0.0
 11
157.0652395447017
 21
202.7186051103404
 31
0.0
  0
LINE
  5
460
330
1F
100
AcDbEntity
  8
Системный слой (1)
  6
K5LT_BASIC
 62
     5
420
      255
370
    60
100
AcDbLine
 10
155.5652168819817
 20
202.7186277730604
 30
0.0
 11
155.5652171099107
 21
203.4485702952449
 31
0.0
  0
LINE
  5
461
330
1F
100
AcDbEntity
  8
Системный слой (1)
  6
K5LT_BASIC
 62
     5
420
      255
370
    60
100
AcDbLine
 10
155.6652393195866
 20
188.5155489169009
 30
0.0
 11
155.6652392981388
 21
188.0820485226836
 31
0.0
  0
LINE
  5
462
330
1F
100
AcDbEntity
  8
Системный слой (1)
  6
K5LT_BASIC
 62
     5
420
      255
370
    60
100
AcDbLine
 10
155.5652171311693
 20
239.8820706896552
 30
0.0
 11
155.5652168819842
 21
238.7186277730605
 31
0.0
  0
LINE
  5
463
330
1F
100
AcDbEntity
  8
Системный слой (1)
  6
K5LT_BASIC
 62
     5
420
      255
370
    60
100
AcDbLine
 10
155.6652392955169
 20
205.0820485253052
 30
0.0
 11
155.6652392981398
 21
203.8820485226822
 31
0.0
  0
LINE
  5
464
330
1F
100
AcDbEntity
  8
Системный слой (1)
  6
K5LT_BASIC
 62
     5
420
      255
370
    60
100
AcDbLine
 10
157.0652222591348
 20
247.8320655616896
 30
0.0
 11
156.9652224132545
 21
247.8320654075696
 31
0.0
  0
LINE
  5
465
330
1F
100
AcDbEntity
  8
Системный слой (1)
  6
K5LT_BASIC
 62
     5
420
      255
370
    60
100
AcDbLine
 10
155.565216881983
 20
220.7084014793312
 30
0.0
 11
155.565216881982
 21
207.2557403982703
 31
0.0
  0
LINE
  5
466
330
1F
100
AcDbEntity
  8
Системный слой (1)
  6
K5LT_BASIC
 62
     5
420
      255
370
    60
100
AcDbLine
 10
155.5652168819845
 20
243.2455141046196
 30
0.0
 11
155.5652171311694
 21
242.0820706896556
 31
0.0
  0
LINE
  5
467
330
1F
100
AcDbEntity
  8
Системный слой (1)
  6
K5LT_BASIC
 62
     5
420
      255
370
    60
100
AcDbLine
 10
155.5652395447046
 20
243.2557177355506
 30
0.0
 11
155.5652392955195
 21
242.0820485253056
 31
0.0
  0
LINE
  5
468
330
1F
100
AcDbEntity
  8
Системный слой (1)
  6
K5LT_BASIC
 62
     5
420
      255
370
    60
100
AcDbLine
 10
156.9652341675512
 20
194.8820536533103
 30
0.0
 11
157.0652366122965
 21
194.8820512085649
 31
0.0
  0
LINE
  5
469
330
1F
100
AcDbEntity
  8
Системный слой (1)
  6
K5LT_BASIC
 62
     5
420
      255
370
    60
100
AcDbLine
 10
157.0652395447045
 20
243.2454914418996
 30
0.0
 11
155.6552395447045
 21
243.2454914418996
 31
0.0
  0
LINE
  5
46A
330
1F
100
AcDbEntity
  8
Системный слой (1)
  6
K5LT_BASIC
 62
     5
420
      255
370
    60
100
AcDbLine
 10
155.5652168819808
 20
189.2455141046212
 30
0.0
 11
155.5652171099097
 21
188.5155711265779
 31
0.0
  0
LINE
  5
46B
330
1F
100
AcDbEntity
  8
Системный слой (1)
  6
K5LT_BASIC
 62
     5
420
      255
370
    60
100
AcDbLine
 10
155.6552395447045
 20
243.2454914418996
 30
0.0
 11
155.6552392981425
 21
242.0820485226826
 31
0.0
  0
LINE
  5
46C
330
1F
100
AcDbEntity
  8
Системный слой (1)
  6
K5LT_BASIC
 62
     5
420
      255
370
    60
100
AcDbLine
 10
155.5652367380912
 20
194.7820510827702
 30
0.0
 11
157.0652367380912
 21
194.7820510827702
 31
0.0
  0
LINE
  5
46D
330
1F
100
AcDbEntity
  8
Системный слой (1)
  6
K5LT_BASIC
 62
     5
420
      255
370
    60
100
AcDbLine
 10
155.5652395447033
 20
225.2454914418211
 30
0.0
 11
155.5652392981412
 21
224.0820485226034
 31
0.0
  0
LINE
  5
46E
330
1F
100
AcDbEntity
  8
Системный слой (1)
  6
K5LT_BASIC
 62
     5
420
      255
370
    60
100
AcDbLine
 10
155.5652168819778
 20
146.282070938843
 30
0.0
 11
155.565217209853
 21
147.7820706109679
 31
0.0
  0
LINE
  5
46F
330
1F
100
AcDbEntity
  8
Системный слой (1)
  6
K5LT_BASIC
 62
     5
420
      255
370
    60
100
AcDbLine
 10
155.565216881978
 20
148.7186277730623
 30
0.0
 11
155.5652168819783
 21
153.2455141046215
 31
0.0
  0
LINE
  5
470
330
1F
100
AcDbEntity
  8
Системный слой (1)
  6
K5LT_BASIC
 62
     5
420
      255
370
    60
100
AcDbLine
 10
155.5652171311694
 20
242.0820706896556
 30
0.0
 11
155.5652171311693
 21
239.8820706896552
 31
0.0
  0
LINE
  5
471
330
1F
100
AcDbEntity
  8
Системный слой (1)
  6
K5LT_BASIC
 62
     5
420
      255
370
    60
100
AcDbLine
 10
155.5652392981387
 20
186.8820485226828
 30
0.0
 11
155.5652393195866
 21
188.5155489169009
 31
0.0
  0
LINE
  5
472
330
1F
100
AcDbEntity
  8
Системный слой (1)
  6
K5LT_BASIC
 62
     5
420
      255
370
    60
100
AcDbLine
 10
155.5652227050448
 20
247.0820651157796
 30
0.0
 11
155.5652337216448
 21
247.0820540991796
 31
0.0
  0
LINE
  5
473
330
1F
100
AcDbEntity
  8
Системный слой (1)
  6
K5LT_BASIC
 62
     5
420
      255
370
    60
100
AcDbLine
 10
155.5652392981387
 20
186.8820485226828
 30
0.0
 11
155.6652392981387
 21
186.8820485226828
 31
0.0
  0
LINE
  5
474
330
1F
100
AcDbEntity
  8
Системный слой (1)
  6
K5LT_BASIC
 62
     5
420
      255
370
    60
100
AcDbLine
 10
155.5652171285439
 20
205.0820706922782
 30
0.0
 11
155.5652171099107
 21
203.4485702952449
 31
0.0
  0
LINE
  5
475
330
1F
100
AcDbEntity
  8
Системный слой (1)
  6
K5LT_BASIC
 62
     5
420
      255
370
    60
100
AcDbLine
 10
157.0652395447048
 20
247.8320482761196
 30
0.0
 11
157.0652341675548
 21
247.8320536532696
 31
0.0
  0
LINE
  5
476
330
1F
100
AcDbEntity
  8
Системный слой (1)
  6
K5LT_BASIC
 62
     5
420
      255
370
    60
100
AcDbLine
 10
157.0652366122965
 20
194.8820512085649
 30
0.0
 11
157.0652366122967
 21
197.0820512085647
 31
0.0
  0
LINE
  5
477
330
1F
100
AcDbEntity
  8
Системный слой (1)
  6
K5LT_BASIC
 62
     5
420
      255
370
    60
100
AcDbLine
 10
155.5652340134352
 20
247.8320538073896
 30
0.0
 11
155.5652337216448
 21
247.0820540991796
 31
0.0
  0
LINE
  5
478
330
1F
100
AcDbEntity
  8
Системный слой (1)
  6
K5LT_BASIC
 62
     5
420
      255
370
    60
100
AcDbLine
 10
155.5652392981363
 20
152.0820485226839
 30
0.0
 11
155.5652392981361
 21
149.882048522684
 31
0.0
  0
LINE
  5
479
330
1F
100
AcDbEntity
  8
Системный слой (1)
  6
K5LT_BASIC
 62
     5
420
      255
370
    60
100
AcDbLine
 10
155.5652168819815
 20
199.63207093888
 30
0.0
 11
155.5652168819817
 21
202.7084014794098
 31
0.0
  0
LINE
  5
47A
330
1F
100
AcDbEntity
  8
Системный слой (1)
  6
K5LT_BASIC
 62
     5
420
      255
370
    60
100
AcDbLine
 10
155.6652392168229
 20
146.282048603998
 30
0.0
 11
155.665239544698
 21
147.7820482761229
 31
0.0
  0
LINE
  5
47B
330
1F
100
AcDbEntity
  8
Системный слой (1)
  6
K5LT_BASIC
 62
     5
420
      255
370
    60
100
AcDbLine
 10
155.5652171311694
 20
242.0820706896556
 30
0.0
 11
155.5652171311693
 21
239.8820706896552
 31
0.0
  0
LINE
  5
47C
330
1F
100
AcDbEntity
  8
Системный слой (1)
  6
K5LT_BASIC
 62
     5
420
      255
370
    60
100
AcDbLine
 10
157.0652395447008
 20
189.2454914419013
 30
0.0
 11
155.5652395447008
 21
189.2454914419013
 31
0.0
  0
LINE
  5
47D
330
1F
100
AcDbEntity
  8
Системный слой (1)
  6
K5LT_BASIC
 62
     5
420
      255
370
    60
100
AcDbLine
 10
157.0652395447005
 20
184.718605110342
 30
0.0
 11
155.5652395447005
 21
184.718605110342
 31
0.0
  0
LINE
  5
47E
330
1F
100
AcDbEntity
  8
Системный слой (1)
  6
K5LT_BASIC
 62
     5
420
      255
370
    60
100
AcDbLine
 10
155.5652284231778
 20
144.8820593976424
 30
0.0
 11
155.5652284231779
 21
146.3820593976431
 31
0.0
  0
LINE
  5
47F
330
1F
100
AcDbEntity
  8
Системный слой (1)
  6
K5LT_BASIC
 62
     5
420
      255
370
    60
100
AcDbLine
 10
155.5652395446741
 20
202.7186277730604
 30
0.0
 11
155.5652168819817
 21
202.7186277730604
 31
0.0
  0
LINE
  5
480
330
1F
100
AcDbEntity
  8
Системный слой (1)
  6
K5LT_BASIC
 62
     5
420
      255
370
    60
100
AcDbLine
 10
155.5652392981386
 20
185.8820485226837
 30
0.0
 11
155.5652395447005
 21
184.7083788166914
 31
0.0
  0
LINE
  5
481
330
1F
100
AcDbEntity
  8
Системный слой (1)
  6
K5LT_BASIC
 62
     5
420
      255
370
    60
100
AcDbLine
 10
155.5652395446996
 20
171.2557177354734
 30
0.0
 11
155.5652392981375
 21
170.0820485226051
 31
0.0
  0
LINE
  5
482
330
1F
100
AcDbEntity
  8
Системный слой (1)
  6
K5LT_BASIC
 62
     5
420
      255
370
    60
100
AcDbLine
 10
157.0652395447033
 20
225.2454914418211
 30
0.0
 11
157.065239544703
 21
220.7186051102619
 31
0.0
  0
LINE
  5
483
330
1F
100
AcDbEntity
  8
Системный слой (1)
  6
K5LT_BASIC
 62
     5
420
      255
370
    60
100
AcDbLine
 10
155.6652395447047
 20
245.6820482761196
 30
0.0
 11
155.6652395447046
 21
244.1820482761196
 31
0.0
  0
LINE
  5
484
330
1F
100
AcDbEntity
  8
Системный слой (1)
  6
K5LT_BASIC
 62
     5
420
      255
370
    60
100
AcDbLine
 10
155.5652171099097
 20
188.5155711265779
 30
0.0
 11
155.5652168819808
 21
189.2455141046212
 31
0.0
  0
LINE
  5
485
330
1F
100
AcDbEntity
  8
Системный слой (1)
  6
K5LT_BASIC
 62
     5
420
      255
370
    60
100
AcDbLine
 10
155.5652395446996
 20
171.2454914418228
 30
0.0
 11
155.5652395446993
 21
166.7186051102635
 31
0.0
  0
LINE
  5
486
330
1F
100
AcDbEntity
  8
Системный слой (1)
  6
K5LT_BASIC
 62
     5
420
      255
370
    60
100
AcDbLine
 10
155.565217131167
 20
206.082070689655
 30
0.0
 11
155.565216881982
 21
207.2557403982703
 31
0.0
  0
LINE
  5
487
330
1F
100
AcDbEntity
  8
Системный слой (1)
  6
K5LT_BASIC
 62
     5
420
      255
370
    60
100
AcDbLine
 10
155.5652392981361
 20
149.882048522684
 30
0.0
 11
155.5652392981363
 21
152.0820485226839
 31
0.0
  0
LINE
  5
488
330
1F
100
AcDbEntity
  8
Системный слой (1)
  6
K5LT_BASIC
 62
     5
420
      255
370
    60
100
AcDbLine
 10
155.5652395446996
 20
171.2454914418228
 30
0.0
 11
157.0652395446995
 21
171.2454914418228
 31
0.0
  0
LINE
  5
489
330
1F
100
AcDbEntity
  8
Системный слой (1)
  6
K5LT_BASIC
 62
     5
420
      255
370
    60
100
AcDbLine
 10
155.5652395446979
 20
146.282048276123
 30
0.0
 11
155.6652395446979
 21
146.282048276123
 31
0.0
  0
LINE
  5
48A
330
1F
100
AcDbEntity
  8
Системный слой (1)
  6
K5LT_BASIC
 62
     5
420
      255
370
    60
100
AcDbLine
 10
155.5652171311693
 20
239.8820706896552
 30
0.0
 11
155.5652168819842
 21
238.7084014794099
 31
0.0
  0
LINE
  5
48B
330
1F
100
AcDbEntity
  8
Системный слой (1)
  6
K5LT_BASIC
 62
     5
420
      255
370
    60
100
AcDbLine
 10
155.5652172098561
 20
193.841482521066
 30
0.0
 11
155.565216881981
 21
192.3320709388802
 31
0.0
  0
LINE
  5
48C
330
1F
100
AcDbEntity
  8
Системный слой (1)
  6
K5LT_BASIC
 62
     5
420
      255
370
    60
100
AcDbLine
 10
155.6652392168296
 20
244.1820486039946
 30
0.0
 11
155.6652395447047
 21
245.6820482761196
 31
0.0
  0
LINE
  5
48D
330
1F
100
AcDbEntity
  8
Системный слой (1)
  6
K5LT_BASIC
 62
     5
420
      255
370
    60
100
AcDbLine
 10
155.565216881982
 20
207.2455141046197
 30
0.0
 11
155.5652171285439
 21
205.0820706922782
 31
0.0
  0
LINE
  5
48E
330
1F
100
AcDbEntity
  8
Системный слой (1)
  6
K5LT_BASIC
 62
     5
420
      255
370
    60
100
AcDbLine
 10
155.5652392955193
 20
239.8820485253052
 30
0.0
 11
155.5652395447042
 21
238.70837881669
 31
0.0
  0
LINE
  5
48F
330
1F
100
AcDbEntity
  8
Системный слой (1)
  6
K5LT_BASIC
 62
     5
420
      255
370
    60
100
AcDbLine
 10
155.5652395446977
 20
144.1320482761226
 30
0.0
 11
155.5652395446979
 21
146.282048276123
 31
0.0
  0
LINE
  5
490
330
1F
100
AcDbEntity
  8
Системный слой (1)
  6
K5LT_BASIC
 62
     5
420
      255
370
    60
100
AcDbLine
 10
155.5652171311632
 20
152.0820706896568
 30
0.0
 11
155.5652168819783
 21
153.2455141046215
 31
0.0
  0
LINE
  5
491
330
1F
100
AcDbEntity
  8
Системный слой (1)
  6
K5LT_BASIC
 62
     5
420
      255
370
    60
100
AcDbLine
 10
155.5652392168264
 20
198.1226366939747
 30
0.0
 11
155.6652392168264
 21
198.1226366939747
 31
0.0
  0
LINE
  5
492
330
1F
100
AcDbEntity
  8
Системный слой (1)
  6
K5LT_BASIC
 62
     5
420
      255
370
    60
100
AcDbLine
 10
155.5652392981387
 20
186.8820485226828
 30
0.0
 11
155.5652395447005
 21
184.718605110342
 31
0.0
  0
LINE
  5
493
330
1F
100
AcDbEntity
  8
Системный слой (1)
  6
K5LT_BASIC
 62
     5
420
      255
370
    60
100
AcDbLine
 10
155.5652174783647
 20
194.7820703424967
 30
0.0
 11
155.5652172098561
 21
193.841482521066
 31
0.0
  0
LINE
  5
494
330
1F
100
AcDbEntity
  8
Системный слой (1)
  6
K5LT_BASIC
 62
     5
420
      255
370
    60
100
AcDbLine
 10
155.5652395447033
 20
225.2557177354717
 30
0.0
 11
157.0652395447033
 21
225.2557177354717
 31
0.0
  0
LINE
  5
495
330
1F
100
AcDbEntity
  8
Системный слой (1)
  6
K5LT_BASIC
 62
     5
420
      255
370
    60
100
AcDbLine
 10
155.6552392981423
 20
239.8820485226822
 30
0.0
 11
155.6552392981425
 21
242.0820485226826
 31
0.0
  0
LINE
  5
496
330
1F
100
AcDbEntity
  8
Системный слой (1)
  6
K5LT_BASIC
 62
     5
420
      255
370
    60
100
AcDbLine
 10
155.565216881978
 20
148.7084014794117
 30
0.0
 11
155.565217209853
 21
147.7820706109679
 31
0.0
  0
LINE
  5
497
330
1F
100
AcDbEntity
  8
Системный слой (1)
  6
K5LT_BASIC
 62
     5
420
      255
370
    60
100
AcDbLine
 10
155.6652392981388
 20
188.0820485226836
 30
0.0
 11
155.6652392981387
 21
186.8820485226828
 31
0.0
  0
LINE
  5
498
330
1F
100
AcDbEntity
  8
Системный слой (1)
  6
K5LT_BASIC
 62
     5
420
      255
370
    60
100
AcDbLine
 10
157.0652392561713
 20
198.1320485646508
 30
0.0
 11
157.0652389483178
 21
197.1820488725437
 31
0.0
  0
LINE
  5
499
330
1F
100
AcDbEntity
  8
Системный слой (1)
  6
K5LT_BASIC
 62
     5
420
      255
370
    60
100
AcDbLine
 10
155.5652393195877
 20
203.4485480855679
 30
0.0
 11
155.6652393195876
 21
203.4485480855679
 31
0.0
  0
LINE
  5
49A
330
1F
100
AcDbEntity
  8
Системный слой (1)
  6
K5LT_BASIC
 62
     5
420
      255
370
    60
100
AcDbLine
 10
157.0652395446983
 20
153.2454914419016
 30
0.0
 11
157.065239544698
 21
148.7186051103423
 31
0.0
  0
LINE
  5
49B
330
1F
100
AcDbEntity
  8
Системный слой (1)
  6
K5LT_BASIC
 62
     5
420
      255
370
    60
100
AcDbLine
 10
155.6652392955169
 20
205.0820485253052
 30
0.0
 11
155.5652392981399
 21
205.0820485226822
 31
0.0
  0
LINE
  5
49C
330
1F
100
AcDbEntity
  8
Системный слой (1)
  6
K5LT_BASIC
 62
     5
420
      255
370
    60
100
AcDbLine
 10
155.6652395447014
 20
198.1320482761207
 30
0.0
 11
155.6652395447015
 21
199.63204827616
 31
0.0
  0
LINE
  5
49D
330
1F
100
AcDbEntity
  8
Системный слой (1)
  6
K5LT_BASIC
 62
     5
420
      255
370
    60
100
AcDbLine
 10
157.0652395447045
 20
243.2557177355506
 30
0.0
 11
157.0652395447048
 21
247.8320482761196
 31
0.0
  0
LINE
  5
49E
330
1F
100
AcDbEntity
  8
Системный слой (1)
  6
K5LT_BASIC
 62
     5
420
      255
370
    60
100
AcDbLine
 10
155.6552395447042
 20
238.7186051103405
 30
0.0
 11
155.6552395447045
 21
243.2454914418996
 31
0.0
  0
LINE
  5
49F
330
1F
100
AcDbEntity
  8
Системный слой (1)
  6
K5LT_BASIC
 62
     5
420
      255
370
    60
100
AcDbLine
 10
155.5652392981399
 20
205.0820485226822
 30
0.0
 11
155.56523929814
 21
206.082048522682
 31
0.0
  0
LINE
  5
4A0
330
1F
100
AcDbEntity
  8
Системный слой (1)
  6
K5LT_BASIC
 62
     5
420
      255
370
    60
100
AcDbLine
 10
155.5652389483179
 20
197.1820488725437
 30
0.0
 11
155.5652367380914
 21
197.1820510827702
 31
0.0
  0
LINE
  5
4A1
330
1F
100
AcDbEntity
  8
Системный слой (1)
  6
K5LT_BASIC
 62
     5
420
      255
370
    60
100
AcDbLine
 10
155.5652395447021
 20
207.2454914418997
 30
0.0
 11
157.065239544702
 21
207.2454914418997
 31
0.0
  0
LINE
  5
4A2
330
1F
100
AcDbEntity
  8
Системный слой (1)
  6
K5LT_BASIC
 62
     5
420
      255
370
    60
100
AcDbLine
 10
155.5652392168264
 20
198.1226366939747
 30
0.0
 11
155.5652392168266
 21
199.632048604035
 31
0.0
  0
LINE
  5
4A3
330
1F
100
AcDbEntity
  8
Системный слой (1)
  6
K5LT_BASIC
 62
     5
420
      255
370
    60
100
AcDbLine
 10
157.0652395447008
 20
189.255717735552
 30
0.0
 11
157.0652395447011
 21
193.8320482761209
 31
0.0
  0
LINE
  5
4A4
330
1F
100
AcDbEntity
  8
Системный слой (1)
  6
K5LT_BASIC
 62
     5
420
      255
370
    60
100
AcDbLine
 10
155.5652395446993
 20
166.7083788166128
 30
0.0
 11
157.0652395446992
 21
166.7083788166128
 31
0.0
  0
LINE
  5
4A5
330
1F
100
AcDbEntity
  8
Системный слой (1)
  6
K5LT_BASIC
 62
     5
420
      255
370
    60
100
AcDbLine
 10
155.5652395447008
 20
189.255717735552
 30
0.0
 11
155.5652393195866
 21
188.5155489169009
 31
0.0
  0
LINE
  5
4A6
330
1F
100
AcDbEntity
  8
Системный слой (1)
  6
K5LT_BASIC
 62
     5
420
      255
370
    60
100
AcDbLine
 10
155.6652395447015
 20
199.63204827616
 30
0.0
 11
155.5652392168266
 21
199.632048604035
 31
0.0
  0
LINE
  5
4A7
330
1F
100
AcDbEntity
  8
Системный слой (1)
  6
K5LT_BASIC
 62
     5
420
      255
370
    60
100
AcDbLine
 10
155.5652171311681
 20
221.8820706895765
 30
0.0
 11
155.565216881983
 21
220.7186277729819
 31
0.0
  0
LINE
  5
4A8
330
1F
100
AcDbEntity
  8
Системный слой (1)
  6
K5LT_BASIC
 62
     5
420
      255
370
    60
100
AcDbLine
 10
155.5652392168261
 20
192.3320486040353
 30
0.0
 11
155.665239216826
 21
192.3320486040353
 31
0.0
  0
LINE
  5
4A9
330
1F
100
AcDbEntity
  8
Системный слой (1)
  6
K5LT_BASIC
 62
     5
420
      255
370
    60
100
AcDbLine
 10
157.065239544703
 20
220.7186051102619
 30
0.0
 11
157.065239544703
 21
220.7083788166112
 31
0.0
  0
LINE
  5
4AA
330
1F
100
AcDbEntity
  8
Системный слой (1)
  6
K5LT_BASIC
 62
     5
420
      255
370
    60
100
AcDbLine
 10
155.5652284231847
 20
245.5820593976386
 30
0.0
 11
155.5652337216448
 21
247.0820540991796
 31
0.0
  0
LINE
  5
4AB
330
1F
100
AcDbEntity
  8
Системный слой (1)
  6
K5LT_BASIC
 62
     5
420
      255
370
    60
100
AcDbLine
 10
155.5652392168261
 20
192.3320486040353
 30
0.0
 11
155.5652392168262
 21
193.8414605140956
 31
0.0
  0
LINE
  5
4AC
330
1F
100
AcDbEntity
  8
Системный слой (1)
  6
K5LT_BASIC
 62
     5
420
      255
370
    60
100
AcDbLine
 10
155.5652395446977
 20
144.1320482761226
 30
0.0
 11
155.5652284231778
 21
144.8820593976424
 31
0.0
  0
LINE
  5
4AD
330
1F
100
AcDbEntity
  8
Системный слой (1)
  6
K5LT_BASIC
 62
     5
420
      255
370
    60
100
AcDbLine
 10
155.6652393195866
 20
188.5155489169009
 30
0.0
 11
155.6652392981387
 21
186.8820485226828
 31
0.0
  0
LINE
  5
4AE
330
1F
100
AcDbEntity
  8
Системный слой (1)
  6
K5LT_BASIC
 62
     5
420
      255
370
    60
100
AcDbLine
 10
155.5652392981411
 20
221.8820485226035
 30
0.0
 11
155.5652392981412
 21
224.0820485226034
 31
0.0
  0
LINE
  5
4AF
330
1F
100
AcDbEntity
  8
Системный слой (1)
  6
K5LT_BASIC
 62
     5
420
      255
370
    60
100
AcDbLine
 10
157.0652395446983
 20
153.2454914419016
 30
0.0
 11
157.0652395446983
 21
153.2557177355522
 31
0.0
  0
LINE
  5
4B0
330
1F
100
AcDbEntity
  8
Системный слой (1)
  6
K5LT_BASIC
 62
     5
420
      255
370
    60
100
AcDbLine
 10
155.5652168819833
 20
225.2455141045411
 30
0.0
 11
155.5652171311682
 21
224.0820706895764
 31
0.0
  0
LINE
  5
4B1
330
1F
100
AcDbEntity
  8
Системный слой (1)
  6
K5LT_BASIC
 62
     5
420
      255
370
    60
100
AcDbLine
 10
155.6652392981387
 20
186.8820485226828
 30
0.0
 11
155.6652392981388
 21
188.0820485226836
 31
0.0
  0
LINE
  5
4B2
330
1F
100
AcDbEntity
  8
Системный слой (1)
  6
K5LT_BASIC
 62
     5
420
      255
370
    60
100
AcDbLine
 10
155.5652171311643
 20
167.8820706895784
 30
0.0
 11
155.5652171311645
 21
170.0820706895783
 31
0.0
  0
LINE
  5
4B3
330
1F
100
AcDbEntity
  8
Системный слой (1)
  6
K5LT_BASIC
 62
     5
420
      255
370
    60
100
AcDbLine
 10
155.5652395447047
 20
245.6820482761196
 30
0.0
 11
155.5652392168296
 21
244.1820486039946
 31
0.0
  0
LINE
  5
4B4
330
1F
100
AcDbEntity
  8
Системный слой (1)
  6
K5LT_BASIC
 62
     5
420
      255
370
    60
100
AcDbLine
 10
157.0652395447008
 20
189.2454914419013
 30
0.0
 11
157.0652395447005
 21
184.718605110342
 31
0.0
  0
LINE
  5
4B5
330
1F
100
AcDbEntity
  8
Системный слой (1)
  6
K5LT_BASIC
 62
     5
420
      255
370
    60
100
AcDbLine
 10
155.5652392981375
 20
170.0820485226051
 30
0.0
 11
155.5652392981374
 21
167.8820485226052
 31
0.0
  0
LINE
  5
4B6
330
1F
100
AcDbEntity
  8
Системный слой (1)
  6
K5LT_BASIC
 62
     5
420
      255
370
    60
100
AcDbLine
 10
155.5652284231779
 20
146.282070938843
 30
0.0
 11
155.5652168819778
 21
146.282070938843
 31
0.0
  0
LINE
  5
4B7
330
1F
100
AcDbEntity
  8
Системный слой (1)
  6
K5LT_BASIC
 62
     5
420
      255
370
    60
100
AcDbLine
 10
155.565217131167
 20
206.082070689655
 30
0.0
 11
155.565216881982
 21
207.2455141046197
 31
0.0
  0
LINE
  5
4B8
330
1F
100
AcDbEntity
  8
Системный слой (1)
  6
K5LT_BASIC
 62
     5
420
      255
370
    60
100
AcDbLine
 10
155.5652392168296
 20
244.1820486039946
 30
0.0
 11
155.6652392168296
 21
244.1820486039946
 31
0.0
  0
LINE
  5
4B9
330
1F
100
AcDbEntity
  8
Системный слой (1)
  6
K5LT_BASIC
 62
     5
420
      255
370
    60
100
AcDbLine
 10
157.065239544702
 20
207.2454914418997
 30
0.0
 11
157.065239544702
 21
207.2557177355503
 31
0.0
  0
LINE
  5
4BA
330
1F
100
AcDbEntity
  8
Системный слой (1)
  6
K5LT_BASIC
 62
     5
420
      255
370
    60
100
AcDbLine
 10
155.5652392981387
 20
186.8820485226828
 30
0.0
 11
155.5652392981386
 21
185.8820485226837
 31
0.0
  0
LINE
  5
4BB
330
1F
100
AcDbEntity
  8
Системный слой (1)
  6
K5LT_BASIC
 62
     5
420
      255
370
    60
100
AcDbLine
 10
155.6652392981387
 20
186.8820485226828
 30
0.0
 11
155.5652392981387
 21
186.8820485226828
 31
0.0
  0
LINE
  5
4BC
330
1F
100
AcDbEntity
  8
Системный слой (1)
  6
K5LT_BASIC
 62
     5
420
      255
370
    60
100
AcDbLine
 10
155.5652367380912
 20
194.7820510827702
 30
0.0
 11
157.0652367380912
 21
194.7820510827702
 31
0.0
  0
LINE
  5
4BD
330
1F
100
AcDbEntity
  8
Системный слой (1)
  6
K5LT_BASIC
 62
     5
420
      255
370
    60
100
AcDbLine
 10
157.0652395447008
 20
189.255717735552
 30
0.0
 11
155.5652395447008
 21
189.255717735552
 31
0.0
  0
LINE
  5
4BE
330
1F
100
AcDbEntity
  8
Системный слой (1)
  6
K5LT_BASIC
 62
     5
420
      255
370
    60
100
AcDbLine
 10
155.5652367380912
 20
194.7820510827702
 30
0.0
 11
155.5652392168262
 21
193.8414605140956
 31
0.0
  0
LINE
  5
4BF
330
1F
100
AcDbEntity
  8
Системный слой (1)
  6
K5LT_BASIC
 62
     5
420
      255
370
    60
100
AcDbLine
 10
155.5652395447042
 20
238.70837881669
 30
0.0
 11
155.5652395447033
 21
225.2557177354717
 31
0.0
  0
LINE
  5
4C0
330
1F
100
AcDbEntity
  8
Системный слой (1)
  6
K5LT_BASIC
 62
     5
420
      255
370
    60
100
AcDbLine
 10
155.5652392955195
 20
242.0820485253056
 30
0.0
 11
155.5652392955193
 21
239.8820485253052
 31
0.0
  0
LINE
  5
4C1
330
1F
100
AcDbEntity
  8
Системный слой (1)
  6
K5LT_BASIC
 62
     5
420
      255
370
    60
100
AcDbLine
 10
157.0652395446977
 20
144.1320482761226
 30
0.0
 11
157.065239544698
 21
148.7083788166917
 31
0.0
  0
LINE
  5
4C2
330
1F
100
AcDbEntity
  8
Системный слой (1)
  6
K5LT_BASIC
 62
     5
420
      255
370
    60
100
AcDbLine
 10
155.6652393195876
 20
203.4485480855679
 30
0.0
 11
155.6652392981398
 21
203.8820485226822
 31
0.0
  0
LINE
  5
4C3
330
1F
100
AcDbEntity
  8
Системный слой (1)
  6
K5LT_BASIC
 62
     5
420
      255
370
    60
100
AcDbLine
 10
157.0652395447005
 20
184.718605110342
 30
0.0
 11
157.0652395447005
 21
184.7083788166914
 31
0.0
  0
LINE
  5
4C4
330
1F
100
AcDbEntity
  8
Системный слой (1)
  6
K5LT_BASIC
 62
     5
420
      255
370
    60
100
AcDbLine
 10
155.5652168819806
 20
186.8820709388408
 30
0.0
 11
155.5652171311656
 21
185.8820706896567
 31
0.0
  0
LINE
  5
4C5
330
1F
100
AcDbEntity
  8
Системный слой (1)
  6
K5LT_BASIC
 62
     5
420
      255
370
    60
100
AcDbLine
 10
155.5652393195877
 20
203.4485480855679
 30
0.0
 11
155.5652392981399
 21
205.0820485226822
 31
0.0
  0
LINE
  5
4C6
330
1F
100
AcDbEntity
  8
Системный слой (1)
  6
K5LT_BASIC
 62
     5
420
      255
370
    60
100
AcDbLine
 10
155.5652168819796
 20
171.245514104543
 30
0.0
 11
155.5652171311645
 21
170.0820706895783
 31
0.0
  0
LINE
  5
4C7
330
1F
100
AcDbEntity
  8
Системный слой (1)
  6
K5LT_BASIC
 62
     5
420
      255
370
    60
100
AcDbLine
 10
155.5652367380912
 20
194.7820510827702
 30
0.0
 11
155.5652389483177
 21
194.7820488725437
 31
0.0
  0
LINE
  5
4C8
330
1F
100
AcDbEntity
  8
Системный слой (1)
  6
K5LT_BASIC
 62
     5
420
      255
370
    60
100
AcDbLine
 10
156.9652224132545
 20
247.8320654075696
 30
0.0
 11
155.5652168819848
 21
247.8320709388396
 31
0.0
  0
LINE
  5
4C9
330
1F
100
AcDbEntity
  8
Системный слой (1)
  6
K5LT_BASIC
 62
     5
420
      255
370
    60
100
AcDbLine
 10
155.5652395446984
 20
153.2557177355522
 30
0.0
 11
155.5652395446993
 21
166.7083788166128
 31
0.0
  0
LINE
  5
4CA
330
1F
100
AcDbEntity
  8
Системный слой (1)
  6
K5LT_BASIC
 62
     5
420
      255
370
    60
100
AcDbLine
 10
155.5652171311681
 20
221.8820706895765
 30
0.0
 11
155.5652171311682
 21
224.0820706895764
 31
0.0
  0
LINE
  5
4CB
330
1F
100
AcDbEntity
  8
Системный слой (1)
  6
K5LT_BASIC
 62
     5
420
      255
370
    60
100
AcDbLine
 10
157.0652395447045
 20
243.2557177355506
 30
0.0
 11
157.0652395447045
 21
243.2454914418996
 31
0.0
  0
LINE
  5
4CC
330
1F
100
AcDbEntity
  8
Системный слой (1)
  6
K5LT_BASIC
 62
     5
420
      255
370
    60
100
AcDbLine
 10
155.5652367380914
 20
197.1820510827702
 30
0.0
 11
155.5652367380913
 21
194.7820510827702
 31
0.0
  0
LINE
  5
4CD
330
1F
100
AcDbEntity
  8
Системный слой (1)
  6
K5LT_BASIC
 62
     5
420
      255
370
    60
100
AcDbLine
 10
155.565216881983
 20
220.7186277729819
 30
0.0
 11
155.5652395446754
 21
220.7186277729819
 31
0.0
  0
LINE
  5
4CE
330
1F
100
AcDbEntity
  8
Системный слой (1)
  6
K5LT_BASIC
 62
     5
420
      255
370
    60
100
AcDbLine
 10
155.5652171311645
 20
170.0820706895783
 30
0.0
 11
155.5652171311643
 21
167.8820706895784
 31
0.0
  0
LINE
  5
4CF
330
1F
100
AcDbEntity
  8
Системный слой (1)
  6
K5LT_BASIC
 62
     5
420
      255
370
    60
100
AcDbLine
 10
155.5652392981387
 20
186.8820485226828
 30
0.0
 11
155.6652392981387
 21
186.8820485226828
 31
0.0
  0
LINE
  5
4D0
330
1F
100
AcDbEntity
  8
Системный слой (1)
  6
K5LT_BASIC
 62
     5
420
      255
370
    60
100
AcDbLine
 10
155.6652395447047
 20
245.6820482761196
 30
0.0
 11
155.5652395447047
 21
245.6820482761196
 31
0.0
  0
LINE
  5
4D1
330
1F
100
AcDbEntity
  8
Системный слой (1)
  6
K5LT_BASIC
 62
     5
420
      255
370
    60
100
AcDbLine
 10
155.5652168819817
 20
202.7084014794098
 30
0.0
 11
155.5652171099107
 21
203.4485702952449
 31
0.0
  0
LINE
  5
4D2
330
1F
100
AcDbEntity
  8
Системный слой (1)
  6
K5LT_BASIC
 62
     5
420
      255
370
    60
100
AcDbLine
 10
155.5652168819848
 20
247.8320709388396
 30
0.0
 11
155.5652172098597
 21
245.6820706109646
 31
0.0
  0
LINE
  5
4D3
330
1F
100
AcDbEntity
  8
Системный слой (1)
  6
K5LT_BASIC
 62
     5
420
      255
370
    60
100
AcDbLine
 10
155.5652227050378
 20
144.8820651157826
 30
0.0
 11
155.5652284231778
 21
144.8820593976424
 31
0.0
  0
LINE
  5
4D4
330
1F
100
AcDbEntity
  8
Системный слой (1)
  6
K5LT_BASIC
 62
     5
420
      255
370
    60
100
AcDbLine
 10
157.0652367380912
 20
194.7820510827702
 30
0.0
 11
157.0652395447011
 21
193.8320482761209
 31
0.0
  0
LINE
  5
4D5
330
1F
100
AcDbEntity
  8
Системный слой (1)
  6
K5LT_BASIC
 62
     5
420
      255
370
    60
100
AcDbLine
 10
155.5652224132474
 20
144.132065407573
 30
0.0
 11
155.5652340134268
 21
144.132065407573
 31
0.0
  0
LINE
  5
4D6
330
1F
100
AcDbEntity
  8
Системный слой (1)
  6
K5LT_BASIC
 62
     5
420
      255
370
    60
100
AcDbLine
 10
155.5652171311656
 20
185.8820706896567
 30
0.0
 11
155.5652168819805
 21
184.7084014794114
 31
0.0
  0
LINE
  5
4D7
330
1F
100
AcDbEntity
  8
Системный слой (1)
  6
K5LT_BASIC
 62
     5
420
      255
370
    60
100
AcDbLine
 10
155.5652168819796
 20
171.2557403981936
 30
0.0
 11
155.5652171311645
 21
170.0820706895783
 31
0.0
  0
LINE
  5
4D8
330
1F
100
AcDbEntity
  8
Системный слой (1)
  6
K5LT_BASIC
 62
     5
420
      255
370
    60
100
AcDbLine
 10
155.5652392981363
 20
152.0820485226839
 30
0.0
 11
155.5652395446984
 21
153.2454914419016
 31
0.0
  0
LINE
  5
4D9
330
1F
100
AcDbEntity
  8
Системный слой (1)
  6
K5LT_BASIC
 62
     5
420
      255
370
    60
100
AcDbLine
 10
155.5652168819846
 20
244.1820709388396
 30
0.0
 11
155.5652172098597
 21
245.6820706109646
 31
0.0
  0
LINE
  5
4DA
330
1F
100
AcDbEntity
  8
Системный слой (1)
  6
K5LT_BASIC
 62
     5
420
      255
370
    60
100
AcDbLine
 10
155.5652171311631
 20
149.882070689657
 30
0.0
 11
155.5652171311632
 21
152.0820706896568
 31
0.0
  0
LINE
  5
4DB
330
1F
100
AcDbEntity
  8
Системный слой (1)
  6
K5LT_BASIC
 62
     5
420
      255
370
    60
100
AcDbLine
 10
155.5652168819796
 20
171.2557403981936
 30
0.0
 11
155.5652168819805
 21
184.7084014794114
 31
0.0
  0
LINE
  5
4DC
330
1F
100
AcDbEntity
  8
Системный слой (1)
  6
K5LT_BASIC
 62
     5
420
      255
370
    60
100
AcDbLine
 10
155.5652395447047
 20
245.6820482761196
 30
0.0
 11
155.5652340134352
 21
247.8320538073896
 31
0.0
  0
LINE
  5
4DD
330
1F
100
AcDbEntity
  8
Системный слой (1)
  6
K5LT_BASIC
 62
     5
420
      255
370
    60
100
AcDbLine
 10
157.0652367380912
 20
194.7820510827702
 30
0.0
 11
157.0652366122965
 21
194.8820512085649
 31
0.0
  0
LINE
  5
4DE
330
1F
100
AcDbEntity
  8
Системный слой (1)
  6
K5LT_BASIC
 62
     5
420
      255
370
    60
100
AcDbLine
 10
157.0652395446992
 20
166.7083788166128
 30
0.0
 11
157.0652395446983
 21
153.2557177355522
 31
0.0
  0
LINE
  5
4DF
330
1F
100
AcDbEntity
  8
Системный слой (1)
  6
K5LT_BASIC
 62
     5
420
      255
370
    60
100
AcDbLine
 10
156.9652224132545
 20
247.8320654075696
 30
0.0
 11
156.9652224132557
 21
247.8320538073896
 31
0.0
  0
LINE
  5
4E0
330
1F
100
AcDbEntity
  8
Системный слой (1)
  6
K5LT_BASIC
 62
     5
420
      255
370
    60
100
AcDbLine
 10
155.5652168819808
 20
189.2557403982719
 30
0.0
 11
155.565216881981
 21
192.3320709388802
 31
0.0
  0
LINE
  5
4E1
330
1F
100
AcDbEntity
  8
Системный слой (1)
  6
K5LT_BASIC
 62
     5
420
      255
370
    60
100
AcDbLine
 10
155.6652393195876
 20
203.4485480855679
 30
0.0
 11
155.6652392981398
 21
203.8820485226822
 31
0.0
  0
LINE
  5
4E2
330
1F
100
AcDbEntity
  8
Системный слой (1)
  6
K5LT_BASIC
 62
     5
420
      255
370
    60
100
AcDbLine
 10
155.5652168819808
 20
189.2557403982719
 30
0.0
 11
155.5652171099097
 21
188.5155711265779
 31
0.0
  0
LINE
  5
4E3
330
1F
100
AcDbEntity
  8
Системный слой (1)
  6
K5LT_BASIC
 62
     5
420
      255
370
    60
100
AcDbLine
 10
155.5652393195877
 20
203.4485480855679
 30
0.0
 11
155.6652393195876
 21
203.4485480855679
 31
0.0
  0
LINE
  5
4E4
330
1F
100
AcDbEntity
  8
Системный слой (1)
  6
K5LT_BASIC
 62
     5
420
      255
370
    60
100
AcDbLine
 10
155.5652174783647
 20
194.7820703424967
 30
0.0
 11
155.5652196885914
 21
197.1820681322702
 31
0.0
  0
LINE
  5
4E5
330
1F
100
AcDbEntity
  8
Системный слой (1)
  6
K5LT_BASIC
 62
     5
420
      255
370
    60
100
AcDbLine
 10
157.0652395447048
 20
247.8320482761196
 30
0.0
 11
155.5652340134352
 21
247.8320538073896
 31
0.0
  0
LINE
  5
4E6
330
1F
100
AcDbEntity
  8
Системный слой (1)
  6
K5LT_BASIC
 62
     5
420
      255
370
    60
100
AcDbLine
 10
157.065239544702
 20
207.2557177355503
 30
0.0
 11
157.065239544703
 21
220.7083788166112
 31
0.0
  0
LINE
  5
4E7
330
1F
100
AcDbEntity
  8
Системный слой (1)
  6
K5LT_BASIC
 62
     5
420
      255
370
    60
100
AcDbLine
 10
155.665239216826
 20
192.3320486040353
 30
0.0
 11
155.6652392168261
 21
193.8414605140956
 31
0.0
  0
LINE
  5
4E8
330
1F
100
AcDbEntity
  8
Системный слой (1)
  6
K5LT_BASIC
 62
     5
420
      255
370
    60
100
AcDbLine
 10
155.5652395447018
 20
202.7083788166898
 30
0.0
 11
155.5652392168266
 21
199.632048604035
 31
0.0
  0
LINE
  5
4E9
330
1F
100
AcDbEntity
  8
Системный слой (1)
  6
K5LT_BASIC
 62
     5
420
      255
370
    60
100
AcDbLine
 10
155.5652340134352
 20
247.8320538073896
 30
0.0
 11
155.5652395447049
 21
247.8320482761196
 31
0.0
  0
LINE
  5
4EA
330
1F
100
AcDbEntity
  8
Системный слой (1)
  6
K5LT_BASIC
 62
     5
420
      255
370
    60
100
AcDbLine
 10
155.5652168819778
 20
146.282070938843
 30
0.0
 11
155.5652224132474
 21
144.132065407573
 31
0.0
  0
LINE
  5
4EB
330
1F
100
AcDbEntity
  8
Системный слой (1)
  6
K5LT_BASIC
 62
     5
420
      255
370
    60
100
AcDbLine
 10
155.665239544698
 20
147.7820482761229
 30
0.0
 11
155.6652395446979
 21
146.282048276123
 31
0.0
  0
LINE
  5
4EC
330
1F
100
AcDbEntity
  8
Системный слой (1)
  6
K5LT_BASIC
 62
     5
420
      255
370
    60
100
AcDbLine
 10
155.5652392981374
 20
167.8820485226052
 30
0.0
 11
155.5652395446993
 21
166.7083788166128
 31
0.0
  0
LINE
  5
4ED
330
1F
100
AcDbEntity
  8
Системный слой (1)
  6
K5LT_BASIC
 62
     5
420
      255
370
    60
100
AcDbLine
 10
155.665239544698
 20
147.7820482761229
 30
0.0
 11
155.565239544698
 21
147.7820482761229
 31
0.0
  0
LINE
  5
4EE
330
1F
100
AcDbEntity
  8
Системный слой (1)
  6
K5LT_BASIC
 62
     5
420
      255
370
    60
100
AcDbLine
 10
155.5652395447033
 20
225.2454914418211
 30
0.0
 11
155.565239544703
 21
220.7186051102619
 31
0.0
  0
LINE
  5
4EF
330
1F
100
AcDbEntity
  8
Системный слой (1)
  6
K5LT_BASIC
 62
     5
420
      255
370
    60
100
AcDbLine
 10
155.565216881978
 20
148.7084014794117
 30
0.0
 11
155.5652171311631
 21
149.882070689657
 31
0.0
  0
LINE
  5
4F0
330
1F
100
AcDbEntity
  8
Системный слой (1)
  6
K5LT_BASIC
 62
     5
420
      255
370
    60
100
AcDbLine
 10
157.065239544698
 20
148.7083788166917
 30
0.0
 11
157.065239544698
 21
148.7186051103423
 31
0.0
  0
LINE
  5
4F1
330
1F
100
AcDbEntity
  8
Системный слой (1)
  6
K5LT_BASIC
 62
     5
420
      255
370
    60
100
AcDbLine
 10
155.565239544698
 20
148.7083788166917
 30
0.0
 11
157.065239544698
 21
148.7083788166917
 31
0.0
  0
LINE
  5
4F2
330
1F
100
AcDbEntity
  8
Системный слой (1)
  6
K5LT_BASIC
 62
     5
420
      255
370
    60
100
AcDbLine
 10
155.5652395446996
 20
171.2454914418228
 30
0.0
 11
155.5652392981375
 21
170.0820485226051
 31
0.0
  0
LINE
  5
4F3
330
1F
100
AcDbEntity
  8
Системный слой (1)
  6
K5LT_BASIC
 62
     5
420
      255
370
    60
100
AcDbLine
 10
155.5652395446984
 20
153.2557177355522
 30
0.0
 11
157.0652395446983
 21
153.2557177355522
 31
0.0
  0
LINE
  5
4F4
330
1F
100
AcDbEntity
  8
Системный слой (1)
  6
K5LT_BASIC
 62
     5
420
      255
370
    60
100
AcDbLine
 10
155.5652395447018
 20
202.7186051103404
 30
0.0
 11
157.0652395447017
 21
202.7186051103404
 31
0.0
  0
LINE
  5
4F5
330
1F
100
AcDbEntity
  8
Системный слой (1)
  6
K5LT_BASIC
 62
     5
420
      255
370
    60
100
AcDbLine
 10
155.5652392981375
 20
170.0820485226051
 30
0.0
 11
155.5652392981374
 21
167.8820485226052
 31
0.0
  0
LINE
  5
4F6
330
1F
100
AcDbEntity
  8
Системный слой (1)
  6
K5LT_BASIC
 62
     5
420
      255
370
    60
100
AcDbLine
 10
155.6652392981398
 20
203.8820485226822
 30
0.0
 11
155.6652392955169
 21
205.0820485253052
 31
0.0
  0
LINE
  5
4F7
330
1F
100
AcDbEntity
  8
Системный слой (1)
  6
K5LT_BASIC
 62
     5
420
      255
370
    60
100
AcDbLine
 10
155.5652171099097
 20
188.5155711265779
 30
0.0
 11
155.5652168819806
 21
186.8820709388408
 31
0.0
  0
LINE
  5
4F8
330
1F
100
AcDbEntity
  8
Системный слой (1)
  6
K5LT_BASIC
 62
     5
420
      255
370
    60
100
AcDbLine
 10
157.0652222591348
 20
247.8320536532696
 30
0.0
 11
157.0652222591348
 21
247.8320655616896
 31
0.0
  0
LINE
  5
4F9
330
1F
100
AcDbEntity
  8
Системный слой (1)
  6
K5LT_BASIC
 62
     5
420
      255
370
    60
100
AcDbLine
 10
155.5652168819848
 20
247.8320709388396
 30
0.0
 11
155.5652227050448
 21
247.0820651157796
 31
0.0
  0
LINE
  5
4FA
330
1F
100
AcDbEntity
  8
Системный слой (1)
  6
K5LT_BASIC
 62
     5
420
      255
370
    60
100
AcDbLine
 10
157.0652395447042
 20
238.7186051103405
 30
0.0
 11
155.6552395447042
 21
238.7186051103405
 31
0.0
  0
LINE
  5
4FB
330
1F
100
AcDbEntity
  8
Системный слой (1)
  6
K5LT_BASIC
 62
     5
420
      255
370
    60
100
AcDbLine
 10
155.5652168819842
 20
238.7084014794099
 30
0.0
 11
155.5652168819833
 21
225.2557403981917
 31
0.0
  0
LINE
  5
4FC
330
1F
100
AcDbEntity
  8
Системный слой (1)
  6
K5LT_BASIC
 62
     5
420
      255
370
    60
100
AcDbLine
 10
156.9652341675512
 20
194.8820536533103
 30
0.0
 11
157.0652366122965
 21
194.8820512085649
 31
0.0
  0
LINE
  5
4FD
330
1F
100
AcDbEntity
  8
Системный слой (1)
  6
K5LT_BASIC
 62
     5
420
      255
370
    60
100
AcDbLine
 10
155.5652392981411
 20
221.8820485226035
 30
0.0
 11
155.5652392981412
 21
224.0820485226034
 31
0.0
  0
LINE
  5
4FE
330
1F
100
AcDbEntity
  8
Системный слой (1)
  6
K5LT_BASIC
 62
     5
420
      255
370
    60
100
AcDbLine
 10
155.5652171099107
 20
203.4485702952449
 30
0.0
 11
155.5652168819817
 21
202.7186277730604
 31
0.0
  0
LINE
  5
4FF
330
1F
100
AcDbEntity
  8
Системный слой (1)
  6
K5LT_BASIC
 62
     5
420
      255
370
    60
100
AcDbLine
 10
155.5652395447018
 20
202.7083788166898
 30
0.0
 11
157.0652395447017
 21
202.7083788166898
 31
0.0
  0
LINE
  5
500
330
1F
100
AcDbEntity
  8
Системный слой (1)
  6
K5LT_BASIC
 62
     5
420
      255
370
    60
100
AcDbLine
 10
155.5652196885914
 20
197.1820681322702
 30
0.0
 11
155.5652172098564
 21
198.1226587009443
 31
0.0
  0
LINE
  5
501
330
1F
100
AcDbEntity
  8
Системный слой (1)
  6
K5LT_BASIC
 62
     5
420
      255
370
    60
100
AcDbLine
 10
155.565239544698
 20
148.7186051103423
 30
0.0
 11
157.065239544698
 21
148.7186051103423
 31
0.0
  0
LINE
  5
502
330
1F
100
AcDbEntity
  8
Системный слой (1)
  6
K5LT_BASIC
 62
     5
420
      255
370
    60
100
AcDbLine
 10
155.5652168819805
 20
184.718627773062
 30
0.0
 11
155.5652395446729
 21
184.718627773062
 31
0.0
  0
LINE
  5
503
330
1F
100
AcDbEntity
  8
Системный слой (1)
  6
K5LT_BASIC
 62
     5
420
      255
370
    60
100
AcDbLine
 10
157.0652395447008
 20
189.255717735552
 30
0.0
 11
157.0652395447008
 21
189.2454914419013
 31
0.0
  0
LINE
  5
504
330
1F
100
AcDbEntity
  8
Системный слой (1)
  6
K5LT_BASIC
 62
     5
420
      255
370
    60
100
AcDbLine
 10
155.5652395447008
 20
189.2454914419013
 30
0.0
 11
155.5652393195866
 21
188.5155489169009
 31
0.0
  0
LINE
  5
505
330
1F
100
AcDbEntity
  8
Системный слой (1)
  6
K5LT_BASIC
 62
     5
420
      255
370
    60
100
AcDbLine
 10
155.5652395447011
 20
192.3320482761603
 30
0.0
 11
155.665239544701
 21
192.3320482761603
 31
0.0
  0
LINE
  5
506
330
1F
100
AcDbEntity
  8
Системный слой (1)
  6
K5LT_BASIC
 62
     5
420
      255
370
    60
100
AcDbLine
 10
155.6652392955169
 20
205.0820485253052
 30
0.0
 11
155.6652393195876
 21
203.4485480855679
 31
0.0
  0
LINE
  5
507
330
1F
100
AcDbEntity
  8
Системный слой (1)
  6
K5LT_BASIC
 62
     5
420
      255
370
    60
100
AcDbLine
 10
157.065239544702
 20
207.2454914418997
 30
0.0
 11
157.0652395447017
 21
202.7186051103404
 31
0.0
  0
LINE
  5
508
330
1F
100
AcDbEntity
  8
Системный слой (1)
  6
K5LT_BASIC
 62
     5
420
      255
370
    60
100
AcDbLine
 10
155.5652395446993
 20
166.7186051102635
 30
0.0
 11
157.0652395446992
 21
166.7186051102635
 31
0.0
  0
LINE
  5
509
330
1F
100
AcDbEntity
  8
Системный слой (1)
  6
K5LT_BASIC
 62
     5
420
      255
370
    60
100
AcDbLine
 10
155.5652395447021
 20
207.2454914418997
 30
0.0
 11
155.5652392981399
 21
205.0820485226822
 31
0.0
  0
LINE
  5
50A
330
1F
100
AcDbEntity
  8
Системный слой (1)
  6
K5LT_BASIC
 62
     5
420
      255
370
    60
100
AcDbLine
 10
155.5652392168229
 20
146.282048603998
 30
0.0
 11
155.6652392168229
 21
146.282048603998
 31
0.0
  0
LINE
  5
50B
330
1F
100
AcDbEntity
  8
Системный слой (1)
  6
K5LT_BASIC
 62
     5
420
      255
370
    60
100
AcDbLine
 10
157.0652395447042
 20
238.70837881669
 30
0.0
 11
155.5652395447042
 21
238.70837881669
 31
0.0
  0
LINE
  5
50C
330
1F
100
AcDbEntity
  8
Системный слой (1)
  6
K5LT_BASIC
 62
     5
420
      255
370
    60
100
AcDbLine
 10
155.565239544698
 20
147.7820482761229
 30
0.0
 11
155.5652392168229
 21
146.282048603998
 31
0.0
  0
LINE
  5
50D
330
1F
100
AcDbEntity
  8
Системный слой (1)
  6
K5LT_BASIC
 62
     5
420
      255
370
    60
100
AcDbLine
 10
155.5652168819845
 20
243.2557403982706
 30
0.0
 11
155.5652171311694
 21
242.0820706896556
 31
0.0
  0
LINE
  5
50E
330
1F
100
AcDbEntity
  8
Системный слой (1)
  6
K5LT_BASIC
 62
     5
420
      255
370
    60
100
AcDbLine
 10
157.0652395447005
 20
184.7083788166914
 30
0.0
 11
157.0652395446995
 21
171.2557177354734
 31
0.0
  0
LINE
  5
50F
330
1F
100
AcDbEntity
  8
Системный слой (1)
  6
K5LT_BASIC
 62
     5
420
      255
370
    60
100
AcDbLine
 10
155.565239544698
 20
147.7820482761229
 30
0.0
 11
155.565239544698
 21
148.7083788166917
 31
0.0
  0
LINE
  5
510
330
1F
100
AcDbEntity
  8
Системный слой (1)
  6
K5LT_BASIC
 62
     5
420
      255
370
    60
100
AcDbLine
 10
155.5652392981411
 20
221.8820485226035
 30
0.0
 11
155.565239544703
 21
220.7083788166112
 31
0.0
  0
LINE
  5
511
330
1F
100
AcDbEntity
  8
Системный слой (1)
  6
K5LT_BASIC
 62
     5
420
      255
370
    60
100
AcDbLine
 10
155.5652168819805
 20
184.718627773062
 30
0.0
 11
155.5652168819806
 21
186.8820709388408
 31
0.0
  0
LINE
  5
512
330
1F
100
AcDbEntity
  8
Системный слой (1)
  6
K5LT_BASIC
 62
     5
420
      255
370
    60
100
AcDbLine
 10
155.565231263887
 20
148.7186277730623
 30
0.0
 11
155.565216881978
 21
148.7186277730623
 31
0.0
  0
LINE
  5
513
330
1F
100
AcDbEntity
  8
Системный слой (1)
  6
K5LT_BASIC
 62
     5
420
      255
370
    60
100
AcDbLine
 10
155.5652168819842
 20
238.7186277730605
 30
0.0
 11
155.5652168819845
 21
243.2455141046196
 31
0.0
  0
LINE
  5
514
330
1F
100
AcDbEntity
  8
Системный слой (1)
  6
K5LT_BASIC
 62
     5
420
      255
370
    60
100
AcDbLine
 10
155.565239544703
 20
220.7083788166112
 30
0.0
 11
157.065239544703
 21
220.7083788166112
 31
0.0
  0
LINE
  5
515
330
1F
100
AcDbEntity
  8
Системный слой (1)
  6
K5LT_BASIC
 62
     5
420
      255
370
    60
100
AcDbLine
 10
155.5652392981411
 20
221.8820485226035
 30
0.0
 11
155.565239544703
 21
220.7186051102619
 31
0.0
  0
LINE
  5
516
330
1F
100
AcDbEntity
  8
Системный слой (1)
  6
K5LT_BASIC
 62
     5
420
      255
370
    60
100
AcDbLine
 10
155.5652395447005
 20
184.7083788166914
 30
0.0
 11
155.5652395446996
 21
171.2557177354734
 31
0.0
  0
LINE
  5
517
330
1F
100
AcDbEntity
  8
Системный слой (1)
  6
K5LT_BASIC
 62
     5
420
      255
370
    60
100
AcDbLine
 10
155.5652395446984
 20
153.2454914419016
 30
0.0
 11
157.0652395446983
 21
153.2454914419016
 31
0.0
  0
LINE
  5
518
330
1F
100
AcDbEntity
  8
Системный слой (1)
  6
K5LT_BASIC
 62
     5
420
      255
370
    60
100
AcDbLine
 10
155.56523929814
 20
206.082048522682
 30
0.0
 11
155.5652395447021
 21
207.2557177355503
 31
0.0
  0
LINE
  5
519
330
1F
100
AcDbEntity
  8
Системный слой (1)
  6
K5LT_BASIC
 62
     5
420
      255
370
    60
100
AcDbLine
 10
155.6652395447015
 20
199.63204827616
 30
0.0
 11
155.6652395447014
 21
198.1320482761207
 31
0.0
  0
LINE
  5
51A
330
1F
100
AcDbEntity
  8
Системный слой (1)
  6
K5LT_BASIC
 62
     5
420
      255
370
    60
100
AcDbLine
 10
157.0652395447045
 20
243.2557177355506
 30
0.0
 11
155.5652395447046
 21
243.2557177355506
 31
0.0
  0
LINE
  5
51B
330
1F
100
AcDbEntity
  8
Системный слой (1)
  6
K5LT_BASIC
 62
     5
420
      255
370
    60
100
AcDbLine
 10
155.5652392981363
 20
152.0820485226839
 30
0.0
 11
155.5652395446984
 21
153.2557177355522
 31
0.0
  0
LINE
  5
51C
330
1F
100
AcDbEntity
  8
Системный слой (1)
  6
K5LT_BASIC
 62
     5
420
      255
370
    60
100
AcDbLine
 10
155.5652168819793
 20
166.7186277729837
 30
0.0
 11
155.5652395446717
 21
166.7186277729837
 31
0.0
  0
LINE
  5
51D
330
1F
100
AcDbEntity
  8
Системный слой (1)
  6
K5LT_BASIC
 62
     5
420
      255
370
    60
100
AcDbLine
 10
155.5652392981386
 20
185.8820485226837
 30
0.0
 11
155.5652392981387
 21
186.8820485226828
 31
0.0
  0
LINE
  5
51E
330
1F
100
AcDbEntity
  8
Системный слой (1)
  6
K5LT_BASIC
 62
     5
420
      255
370
    60
100
AcDbLine
 10
155.565217131167
 20
206.082070689655
 30
0.0
 11
155.5652171285439
 21
205.0820706922782
 31
0.0
  0
LINE
  5
51F
330
1F
100
AcDbEntity
  8
Системный слой (1)
  6
K5LT_BASIC
 62
     5
420
      255
370
    60
100
AcDbLine
 10
157.0652395446977
 20
144.1320482761226
 30
0.0
 11
155.5652395446977
 21
144.1320482761226
 31
0.0
  0
LINE
  5
520
330
1F
100
AcDbEntity
  8
Системный слой (1)
  6
K5LT_BASIC
 62
     5
420
      255
370
    60
100
AcDbLine
 10
157.0652395446995
 20
171.2557177354734
 30
0.0
 11
157.0652395446995
 21
171.2454914418228
 31
0.0
  0
LINE
  5
521
330
1F
100
AcDbEntity
  8
Системный слой (1)
  6
K5LT_BASIC
 62
     5
420
      255
370
    60
100
AcDbLine
 10
157.0652395447042
 20
238.7186051103405
 30
0.0
 11
157.0652395447042
 21
238.70837881669
 31
0.0
  0
LINE
  5
522
330
1F
100
AcDbEntity
  8
Системный слой (1)
  6
K5LT_BASIC
 62
     5
420
      255
370
    60
100
AcDbLine
 10
155.565216881978
 20
148.7186277730623
 30
0.0
 11
155.5652171311631
 21
149.882070689657
 31
0.0
  0
LINE
  5
523
330
1F
100
AcDbEntity
  8
Системный слой (1)
  6
K5LT_BASIC
 62
     5
420
      255
370
    60
100
AcDbLine
 10
157.0652395447005
 20
184.7083788166914
 30
0.0
 11
155.5652395447005
 21
184.7083788166914
 31
0.0
  0
LINE
  5
524
330
1F
100
AcDbEntity
  8
Системный слой (1)
  6
K5LT_BASIC
 62
     5
420
      255
370
    60
100
AcDbLine
 10
157.0652395446992
 20
166.7186051102635
 30
0.0
 11
157.0652395446992
 21
166.7083788166128
 31
0.0
  0
LINE
  5
525
330
1F
100
AcDbEntity
  8
Системный слой (1)
  6
K5LT_BASIC
 62
     5
420
      255
370
    60
100
AcDbLine
 10
155.565239544703
 20
220.7186051102619
 30
0.0
 11
157.065239544703
 21
220.7186051102619
 31
0.0
  0
LINE
  5
526
330
1F
100
AcDbEntity
  8
Системный слой (1)
  6
K5LT_BASIC
 62
     5
420
      255
370
    60
100
AcDbLine
 10
155.5652395447046
 20
243.2557177355506
 30
0.0
 11
155.5652395447046
 21
244.1820482761196
 31
0.0
  0
LINE
  5
527
330
1F
100
AcDbEntity
  8
Системный слой (1)
  6
K5LT_BASIC
 62
     5
420
      255
370
    60
100
AcDbLine
 10
155.5652251627893
 20
152.7320626580302
 30
0.0
 11
155.5652312638869
 21
147.3320565569324
 31
0.0
  0
LINE
  5
528
330
1F
100
AcDbEntity
  8
Системный слой (1)
  6
K5LT_BASIC
 62
     5
420
      255
370
    60
100
AcDbLine
 10
157.0652367380912
 20
197.1820510827702
 30
0.0
 11
157.0652366122966
 21
197.0820512085648
 31
0.0
  0
LINE
  5
529
330
1F
100
AcDbEntity
  8
Системный слой (1)
  6
K5LT_BASIC
 62
     5
420
      255
370
    60
100
AcDbLine
 10
156.9652341675548
 20
247.8320536532696
 30
0.0
 11
157.0652395447048
 21
247.8320482761196
 31
0.0
  0
LINE
  5
52A
330
1F
100
AcDbEntity
  8
Системный слой (1)
  6
K5LT_BASIC
 62
     5
420
      255
370
    60
100
AcDbLine
 10
155.5652395446977
 20
144.1320482761226
 30
0.0
 11
155.5652340134281
 21
144.1320538073923
 31
0.0
  0
LINE
  5
52B
330
1F
100
AcDbEntity
  8
Системный слой (1)
  6
K5LT_BASIC
 62
     5
420
      255
370
    60
100
AcDbLine
 10
155.5652168819806
 20
186.8820709388408
 30
0.0
 11
155.5652171311656
 21
185.8820706896567
 31
0.0
  0
LINE
  5
52C
330
1F
100
AcDbEntity
  8
Системный слой (1)
  6
K5LT_BASIC
 62
     5
420
      255
370
    60
100
AcDbLine
 10
156.9652366122967
 20
197.0820512085647
 30
0.0
 11
157.0652366122967
 21
197.0820512085647
 31
0.0
  0
LINE
  5
52D
330
1F
100
AcDbEntity
  8
Системный слой (1)
  6
K5LT_BASIC
 62
     5
420
      255
370
    60
100
AcDbLine
 10
155.5652171311632
 20
152.0820706896568
 30
0.0
 11
155.5652168819783
 21
153.2557403982722
 31
0.0
  0
LINE
  5
52E
330
1F
100
AcDbEntity
  8
Системный слой (1)
  6
K5LT_BASIC
 62
     5
420
      255
370
    60
100
AcDbLine
 10
155.5652168819846
 20
244.1820709388396
 30
0.0
 11
155.5652168819845
 21
243.2557403982706
 31
0.0
  0
LINE
  5
52F
330
1F
100
AcDbEntity
  8
Системный слой (1)
  6
K5LT_BASIC
 62
     5
420
      255
370
    60
100
AcDbLine
 10
155.6652392561714
 20
198.1320485646508
 30
0.0
 11
155.6652392168265
 21
198.1226366939747
 31
0.0
  0
LINE
  5
530
330
1F
100
AcDbEntity
  8
Системный слой (1)
  6
K5LT_BASIC
 62
     5
420
      255
370
    60
100
AcDbLine
 10
157.0652395447033
 20
225.2557177354717
 30
0.0
 11
157.0652395447033
 21
225.2454914418211
 31
0.0
  0
LINE
  5
531
330
1F
100
AcDbEntity
  8
Системный слой (1)
  6
K5LT_BASIC
 62
     5
420
      255
370
    60
100
AcDbLine
 10
155.5652171285439
 20
205.0820706922782
 30
0.0
 11
155.5652392981399
 21
205.0820706922782
 31
0.0
  0
LINE
  5
532
330
1F
100
AcDbEntity
  8
Системный слой (1)
  6
K5LT_BASIC
 62
     5
420
      255
370
    60
100
AcDbLine
 10
155.5652312638869
 20
147.3320565569324
 30
0.0
 11
155.5652312638873
 21
152.7320565569322
 31
0.0
  0
LINE
  5
533
330
1F
100
AcDbEntity
  8
Системный слой (1)
  6
K5LT_BASIC
 62
     5
420
      255
370
    60
100
AcDbLine
 10
157.0652366122965
 20
194.8820512085649
 30
0.0
 11
157.0652341675512
 21
194.8820536533103
 31
0.0
  0
LINE
  5
534
330
1F
100
AcDbEntity
  8
Системный слой (1)
  6
K5LT_BASIC
 62
     5
420
      255
370
    60
100
AcDbLine
 10
157.0652395447014
 20
198.1320482761207
 30
0.0
 11
157.0652395447017
 21
202.7083788166898
 31
0.0
  0
LINE
  5
535
330
1F
100
AcDbEntity
  8
Системный слой (1)
  6
K5LT_BASIC
 62
     5
420
      255
370
    60
100
AcDbLine
 10
157.0652395446995
 20
171.2454914418228
 30
0.0
 11
157.0652395446992
 21
166.7186051102635
 31
0.0
  0
LINE
  5
536
330
1F
100
AcDbEntity
  8
Системный слой (1)
  6
K5LT_BASIC
 62
     5
420
      255
370
    60
100
AcDbLine
 10
155.5652224132474
 20
144.132065407573
 30
0.0
 11
155.5652168819777
 21
144.1320709388426
 31
0.0
  0
LINE
  5
537
330
1F
100
AcDbEntity
  8
Системный слой (1)
  6
K5LT_BASIC
 62
     5
420
      255
370
    60
100
AcDbLine
 10
155.5652393195877
 20
203.4485480855679
 30
0.0
 11
155.5652395447018
 21
202.7186051103404
 31
0.0
  0
LINE
  5
538
330
1F
100
AcDbEntity
  8
Системный слой (1)
  6
K5LT_BASIC
 62
     5
420
      255
370
    60
100
AcDbLine
 10
155.5652389483179
 20
197.1820488725437
 30
0.0
 11
155.5652392168264
 21
198.1226366939747
 31
0.0
  0
LINE
  5
539
330
1F
100
AcDbEntity
  8
Системный слой (1)
  6
K5LT_BASIC
 62
     5
420
      255
370
    60
100
AcDbLine
 10
155.6652392168261
 20
193.8414605140956
 30
0.0
 11
155.6652392561711
 21
193.8320485647296
 31
0.0
  0
LINE
  5
53A
330
1F
100
AcDbEntity
  8
Системный слой (1)
  6
K5LT_BASIC
 62
     5
420
      255
370
    60
100
AcDbLine
 10
155.565239544698
 20
148.7083788166917
 30
0.0
 11
155.5652392981361
 21
149.882048522684
 31
0.0
  0
LINE
  5
53B
330
1F
100
AcDbEntity
  8
Системный слой (1)
  6
K5LT_BASIC
 62
     5
420
      255
370
    60
100
AcDbLine
 10
155.6652395447011
 20
193.8320482761209
 30
0.0
 11
155.665239544701
 21
192.3320482761603
 31
0.0
  0
LINE
  5
53C
330
1F
100
AcDbEntity
  8
Системный слой (1)
  6
K5LT_BASIC
 62
     5
420
      255
370
    60
100
AcDbLine
 10
156.9652341675512
 20
194.8820536533103
 30
0.0
 11
156.9652366122967
 21
197.0820512085647
 31
0.0
  0
LINE
  5
53D
330
1F
100
AcDbEntity
  8
Системный слой (1)
  6
K5LT_BASIC
 62
     5
420
      255
370
    60
100
AcDbLine
 10
155.5652395447033
 20
225.2557177354717
 30
0.0
 11
155.5652392981412
 21
224.0820485226034
 31
0.0
  0
LINE
  5
53E
330
1F
100
AcDbEntity
  8
Системный слой (1)
  6
K5LT_BASIC
 62
     5
420
      255
370
    60
100
AcDbLine
 10
157.0652222591348
 20
247.8320655616896
 30
0.0
 11
155.5652168819848
 21
247.8320709388396
 31
0.0
  0
LINE
  5
53F
330
1F
100
AcDbEntity
  8
Системный слой (1)
  6
K5LT_BASIC
 62
     5
420
      255
370
    60
100
AcDbLine
 10
155.5652168819833
 20
225.2557403981917
 30
0.0
 11
155.5652171311682
 21
224.0820706895764
 31
0.0
  0
LINE
  5
540
330
1F
100
AcDbEntity
  8
Системный слой (1)
  6
K5LT_BASIC
 62
     5
420
      255
370
    60
100
AcDbLine
 10
155.6652393195866
 20
188.5155489169009
 30
0.0
 11
155.6652392981388
 21
188.0820485226836
 31
0.0
  0
LINE
  5
541
330
1F
100
AcDbEntity
  8
Системный слой (1)
  6
K5LT_BASIC
 62
     5
420
      255
370
    60
100
AcDbLine
 10
155.565239544703
 20
220.7083788166112
 30
0.0
 11
155.5652395447021
 21
207.2557177355503
 31
0.0
  0
LINE
  5
542
330
1F
100
AcDbEntity
  8
Системный слой (1)
  6
K5LT_BASIC
 62
     5
420
      255
370
    60
100
AcDbLine
 10
155.5652393195877
 20
203.4485480855679
 30
0.0
 11
155.6652393195876
 21
203.4485480855679
 31
0.0
  0
LINE
  5
543
330
1F
100
AcDbEntity
  8
Системный слой (1)
  6
K5LT_BASIC
 62
     5
420
      255
370
    60
100
AcDbLine
 10
155.6552392981423
 20
239.8820485226822
 30
0.0
 11
155.6552395447042
 21
238.7186051103405
 31
0.0
  0
LINE
  5
544
330
1F
100
AcDbEntity
  8
Системный слой (1)
  6
K5LT_BASIC
 62
     5
420
      255
370
    60
100
AcDbLine
 10
155.5652171285439
 20
205.0820706922782
 30
0.0
 11
155.565217131167
 21
206.082070689655
 31
0.0
  0
LINE
  5
545
330
1F
100
AcDbEntity
  8
Системный слой (1)
  6
K5LT_BASIC
 62
     5
420
      255
370
    60
100
AcDbLine
 10
155.5652395447046
 20
244.1820482761196
 30
0.0
 11
155.6652395447046
 21
244.1820482761196
 31
0.0
  0
LINE
  5
546
330
1F
100
AcDbEntity
  8
Системный слой (1)
  6
K5LT_BASIC
 62
     5
420
      255
370
    60
100
AcDbLine
 10
155.5652171099097
 20
188.5155711265779
 30
0.0
 11
155.565239319589
 21
188.5155711293926
 31
0.0
  0
LINE
  5
547
330
1F
100
AcDbEntity
  8
Системный слой (1)
  6
K5LT_BASIC
 62
     5
420
      255
370
    60
100
AcDbLine
 10
155.5652171311643
 20
167.8820706895784
 30
0.0
 11
155.5652168819793
 21
166.7186277729837
 31
0.0
  0
LINE
  5
548
330
1F
100
AcDbEntity
  8
Системный слой (1)
  6
K5LT_BASIC
 62
     5
420
      255
370
    60
100
AcDbLine
 10
155.5652337216448
 20
247.0820540991796
 30
0.0
 11
155.5652284231847
 21
245.5820593976386
 31
0.0
  0
LINE
  5
549
330
1F
100
AcDbEntity
  8
Системный слой (1)
  6
K5LT_BASIC
 62
     5
420
      255
370
    60
100
AcDbLine
 10
155.5652340134352
 20
247.8320538073896
 30
0.0
 11
156.9652340134351
 21
247.8320538073896
 31
0.0
  0
LINE
  5
54A
330
1F
100
AcDbEntity
  8
Системный слой (1)
  6
K5LT_BASIC
 62
     5
420
      255
370
    60
100
AcDbLine
 10
155.565216881983
 20
220.7186277729819
 30
0.0
 11
155.5652168819833
 21
225.2455141045411
 31
0.0
  0
LINE
  5
54B
330
1F
100
AcDbEntity
  8
Системный слой (1)
  6
K5LT_BASIC
 62
     5
420
      255
370
    60
100
AcDbLine
 10
155.5652395447021
 20
207.2557177355503
 30
0.0
 11
157.065239544702
 21
207.2557177355503
 31
0.0
  0
LINE
  5
54C
330
1F
100
AcDbEntity
  8
Системный слой (1)
  6
K5LT_BASIC
 62
     5
420
      255
370
    60
100
AcDbLine
 10
155.5652227050377
 20
144.8820651157826
 30
0.0
 11
155.5652224132474
 21
144.1320654075729
 31
0.0
  0
LINE
  5
54D
330
1F
100
AcDbEntity
  8
Системный слой (1)
  6
K5LT_BASIC
 62
     5
420
      255
370
    60
100
AcDbLine
 10
155.565239544698
 20
148.7186051103423
 30
0.0
 11
155.5652392981361
 21
149.882048522684
 31
0.0
  0
LINE
  5
54E
330
1F
100
AcDbEntity
  8
Системный слой (1)
  6
K5LT_BASIC
 62
     5
420
      255
370
    60
100
AcDbLine
 10
155.5652395447033
 20
225.2454914418211
 30
0.0
 11
157.0652395447033
 21
225.2454914418211
 31
0.0
  0
LINE
  5
54F
330
1F
100
AcDbEntity
  8
Системный слой (1)
  6
K5LT_BASIC
 62
     5
420
      255
370
    60
100
AcDbLine
 10
155.5652171311632
 20
152.0820706896568
 30
0.0
 11
155.5652171311631
 21
149.882070689657
 31
0.0
  0
LINE
  5
550
330
1F
100
AcDbEntity
  8
Системный слой (1)
  6
K5LT_BASIC
 62
     5
420
      255
370
    60
100
AcDbLine
 10
155.5652392981374
 20
167.8820485226052
 30
0.0
 11
155.5652395446993
 21
166.7186051102635
 31
0.0
  0
LINE
  5
551
330
1F
100
AcDbEntity
  8
Системный слой (1)
  6
K5LT_BASIC
 62
     5
420
      255
370
    60
100
AcDbLine
 10
157.0652395447014
 20
198.1320482761207
 30
0.0
 11
155.6652395447014
 21
198.1320482761207
 31
0.0
  0
LINE
  5
552
330
1F
100
AcDbEntity
  8
Системный слой (1)
  6
K5LT_BASIC
 62
     5
420
      255
370
    60
100
AcDbLine
 10
157.0652395447033
 20
225.2557177354717
 30
0.0
 11
157.0652395447042
 21
238.70837881669
 31
0.0
  0
LINE
  5
553
330
1F
100
AcDbEntity
  8
Системный слой (1)
  6
K5LT_BASIC
 62
     5
420
      255
370
    60
100
AcDbLine
 10
155.5652395446996
 20
171.2557177354734
 30
0.0
 11
157.0652395446995
 21
171.2557177354734
 31
0.0
  0
LINE
  5
554
330
1F
100
AcDbEntity
  8
Системный слой (1)
  6
K5LT_BASIC
 62
     5
420
      255
370
    60
100
AcDbLine
 10
155.5652171311643
 20
167.8820706895784
 30
0.0
 11
155.5652168819793
 21
166.708401479333
 31
0.0
  0
LINE
  5
555
330
1F
100
AcDbEntity
  8
Системный слой (1)
  6
K5LT_BASIC
 62
     5
420
      255
370
    60
100
AcDbLine
 10
155.5652395447018
 20
202.7083788166898
 30
0.0
 11
155.5652393195877
 21
203.4485480855679
 31
0.0
  0
LINE
  5
556
330
1F
100
AcDbEntity
  8
Системный слой (1)
  6
K5LT_BASIC
 62
     5
420
      255
370
    60
100
AcDbLine
 10
155.5652395447011
 20
192.3320482761603
 30
0.0
 11
155.5652395447008
 21
189.255717735552
 31
0.0
  0
LINE
  5
557
330
1F
100
AcDbEntity
  8
Системный слой (1)
  6
K5LT_BASIC
 62
     5
420
      255
370
    60
100
AcDbLine
 10
155.5652284231779
 20
146.3820593976431
 30
0.0
 11
155.5652284231778
 21
144.8820593976424
 31
0.0
  0
LINE
  5
558
330
1F
100
AcDbEntity
  8
Системный слой (1)
  6
K5LT_BASIC
 62
     5
420
      255
370
    60
100
AcDbLine
 10
155.5652392981399
 20
205.0820485226822
 30
0.0
 11
155.56523929814
 21
206.082048522682
 31
0.0
  0
LINE
  5
559
330
1F
100
AcDbEntity
  8
Системный слой (1)
  6
K5LT_BASIC
 62
     5
420
      255
370
    60
100
AcDbLine
 10
155.5652392981386
 20
185.8820485226837
 30
0.0
 11
155.5652395447005
 21
184.718605110342
 31
0.0
  0
LINE
  5
55A
330
1F
100
AcDbEntity
  8
Системный слой (1)
  6
K5LT_BASIC
 62
     5
420
      255
370
    60
100
AcDbLine
 10
155.6652395447011
 20
193.8320482761209
 30
0.0
 11
157.0652395447011
 21
193.8320482761209
 31
0.0
  0
INSERT
  5
55C
330
1F
100
AcDbEntity
  8
0
100
AcDbBlockReference
  2
U13
 10
0.0
 20
0.0
 30
0.0
  0
ENDSEC
  0
SECTION
  2
OBJECTS
  0
DICTIONARY
  5
C
330
0
100
AcDbDictionary
281
     1
  3
ACAD_DETAILVIEWSTYLE
350
5BC
  3
ACAD_GROUP
350
D
  3
ACAD_LAYOUT
350
1A
  3
ACAD_MATERIAL
350
43
  3
ACAD_MLEADERSTYLE
350
6B
  3
ACAD_MLINESTYLE
350
17
  3
ACAD_PLOTSETTINGS
350
19
  3
ACAD_PLOTSTYLENAME
350
E
  3
ACAD_SCALELIST
350
47
  3
ACAD_SECTIONVIEWSTYLE
350
5BD
  3
ACAD_TABLESTYLE
350
69
  3
ACAD_VISUALSTYLE
350
2A
  3
ACDB_RECOMPOSE_DATA
350
5B9
  3
AcDbVariableDictionary
350
5B5
  0
SUN
  5
6D
330
29
100
AcDbSun
 90
        1
290
     0
 63
     7
421
 16777215
 40
1.0
291
     1
 91
  2455826
 92
 54000000
292
     0
 70
     2
 71
   256
280
     1
  0
DICTIONARY
  5
5BC
102
{ACAD_REACTORS
330
C
102
}
330
C
100
AcDbDictionary
281
     1
  0
DICTIONARY
  5
D
102
{ACAD_REACTORS
330
C
102
}
330
C
100
AcDbDictionary
281
     1
  0
DICTIONARY
  5
1A
102
{ACAD_REACTORS
330
C
102
}
330
C
100
AcDbDictionary
281
     1
  3
Layout1
350
1E
  3
Layout2
350
26
  3
Model
350
22
  0
DICTIONARY
  5
43
102
{ACAD_REACTORS
330
C
102
}
330
C
100
AcDbDictionary
281
     1
  3
ByBlock
350
45
  3
ByLayer
350
44
  3
Global
350
46
  0
DICTIONARY
  5
6B
102
{ACAD_REACTORS
330
C
102
}
330
C
100
AcDbDictionary
281
     1
  3
Standard
350
6C
  0
DICTIONARY
  5
17
102
{ACAD_REACTORS
330
C
102
}
330
C
100
AcDbDictionary
281
     1
  3
Standard
350
18
  0
DICTIONARY
  5
19
102
{ACAD_REACTORS
330
C
102
}
330
C
100
AcDbDictionary
281
     1
  0
ACDBDICTIONARYWDFLT
  5
E
102
{ACAD_REACTORS
330
C
102
}
330
C
100
AcDbDictionary
281
     1
  3
Normal
350
F
100
AcDbDictionaryWithDefault
340
F
  0
DICTIONARY
  5
47
102
{ACAD_REACTORS
330
C
102
}
330
C
100
AcDbDictionary
281
     1
  3
A0
350
48
  3
A1
350
49
  3
A2
350
4A
  3
A3
350
4B
  3
A4
350
4C
  3
A5
350
4D
  3
A6
350
4E
  3
A7
350
4F
  3
A8
350
50
  3
A9
350
51
  3
B0
350
52
  3
B1
350
53
  3
B2
350
54
  3
B3
350
55
  3
B4
350
56
  3
B5
350
57
  3
B6
350
58
  3
B7
350
59
  3
B8
350
5A
  3
B9
350
5B
  3
C0
350
5C
  3
C1
350
5D
  3
C2
350
5E
  3
C3
350
5F
  3
C4
350
60
  3
C5
350
61
  3
C6
350
62
  3
C7
350
63
  3
C8
350
64
  3
C9
350
65
  3
D0
350
66
  3
D1
350
67
  3
D2
350
68
  0
DICTIONARY
  5
5BD
102
{ACAD_REACTORS
330
C
102
}
330
C
100
AcDbDictionary
281
     1
  0
DICTIONARY
  5
69
102
{ACAD_REACTORS
330
C
102
}
330
C
100
AcDbDictionary
281
     1
  3
Standard
350
6A
  0
DICTIONARY
  5
2A
102
{ACAD_REACTORS
330
C
102
}
330
C
100
AcDbDictionary
281
     1
  3
2dWireframe
350
2F
  3
Basic
350
32
  3
Brighten
350
36
  3
ColorChange
350
3A
  3
Conceptual
350
34
  3
Dim
350
35
  3
EdgeColorOff
350
3D
  3
Facepattern
350
39
  3
Flat
350
2B
  3
FlatWithEdges
350
2C
  3
Gouraud
350
2D
  3
GouraudWithEdges
350
2E
  3
Hidden
350
31
  3
JitterOff
350
3B
  3
Linepattern
350
38
  3
OverhangOff
350
3C
  3
Realistic
350
33
  3
Shaded
350
42
  3
Shaded with edges
350
41
  3
Shades of Gray
350
3E
  3
Sketchy
350
3F
  3
Thicken
350
37
  3
Wireframe
350
30
  3
X-Ray
350
40
  0
XRECORD
  5
5B9
102
{ACAD_REACTORS
330
C
102
}
330
C
100
AcDbXrecord
280
     1
 90
        1
330
6A
  0
DICTIONARY
  5
5B5
102
{ACAD_REACTORS
330
C
102
}
330
C
100
AcDbDictionary
281
     1
  3
CANNOSCALE
350
5B6
  3
CENTEREXE
350
5BF
  3
CENTERLTYPEFILE
350
5C0
  3
CMLEADERSTYLE
350
5BB
  3
CTABLESTYLE
350
5BA
  3
WIPEOUTFRAME
350
5BE
  0
LAYOUT
  5
1E
102
{ACAD_REACTORS
330
1A
102
}
330
1A
100
AcDbPlotSettings
  1

  2
none_device
  4

  6

 40
0.0
 41
0.0
 42
0.0
 43
0.0
 44
0.0
 45
0.0
 46
0.0
 47
0.0
 48
0.0
 49
0.0
140
0.0
141
0.0
142
1.0
143
1.0
 70
   688
 72
     1
 73
     0
 74
     5
  7

 75
    16
 76
     0
 77
     2
 78
   300
147
1.0
148
0.0
149
0.0
100
AcDbLayout
  1
Layout1
 70
     1
 71
     1
 10
0.0
 20
0.0
 11
420.0
 21
297.0
 12
0.0
 22
0.0
 32
0.0
 14
1.000000000000000E+20
 24
1.000000000000000E+20
 34
1.000000000000000E+20
 15
-1.000000000000000E+20
 25
-1.000000000000000E+20
 35
-1.000000000000000E+20
146
0.0
 13
0.0
 23
0.0
 33
0.0
 16
1.0
 26
0.0
 36
0.0
 17
0.0
 27
1.0
 37
0.0
 76
     0
330
1B
  0
LAYOUT
  5
26
102
{ACAD_REACTORS
330
1A
102
}
330
1A
100
AcDbPlotSettings
  1

  2
none_device
  4

  6

 40
0.0
 41
0.0
 42
0.0
 43
0.0
 44
0.0
 45
0.0
 46
0.0
 47
0.0
 48
0.0
 49
0.0
140
0.0
141
0.0
142
1.0
143
1.0
 70
   688
 72
     1
 73
     0
 74
     5
  7

 75
    16
 76
     0
 77
     2
 78
   300
147
1.0
148
0.0
149
0.0
100
AcDbLayout
  1
Layout2
 70
     1
 71
     2
 10
0.0
 20
0.0
 11
0.0
 21
0.0
 12
0.0
 22
0.0
 32
0.0
 14
0.0
 24
0.0
 34
0.0
 15
0.0
 25
0.0
 35
0.0
146
0.0
 13
0.0
 23
0.0
 33
0.0
 16
1.0
 26
0.0
 36
0.0
 17
0.0
 27
1.0
 37
0.0
 76
     0
330
23
  0
LAYOUT
  5
22
102
{ACAD_REACTORS
330
1A
102
}
330
1A
100
AcDbPlotSettings
  1

  2
none_device
  4
Letter_(8.50_x_11.00_Inches)
  6

 40
6.35
 41
6.35
 42
6.35000508
 43
6.35000508
 44
215.9
 45
279.4
 46
0.0
 47
0.0
 48
0.0
 49
0.0
140
0.0
141
0.0
142
1.0
143
1.0
 70
  1712
 72
     1
 73
     0
 74
     0
  7

 75
     0
 76
     0
 77
     2
 78
   300
147
1.0
148
0.0
149
0.0
100
AcDbLayout
  1
Model
 70
     1
 71
     0
 10
0.0
 20
0.0
 11
420.0
 21
297.0
 12
0.0
 22
0.0
 32
0.0
 14
-11.04626794918306
 24
-0.0710053863525388
 34
0.0
 15
242.348700149297
 25
297.0
 35
0.0
146
0.0
 13
0.0
 23
0.0
 33
0.0
 16
1.0
 26
0.0
 36
0.0
 17
0.0
 27
1.0
 37
0.0
 76
     0
330
1F
331
29
  0
MATERIAL
  5
45
102
{ACAD_REACTORS
330
43
102
}
330
43
100
AcDbMaterial
  1
ByBlock
 72
     1
 94
      127
  0
MATERIAL
  5
44
102
{ACAD_REACTORS
330
43
102
}
330
43
100
AcDbMaterial
  1
ByLayer
 72
     1
 94
      127
  0
MATERIAL
  5
46
102
{ACAD_REACTORS
330
43
102
}
330
43
100
AcDbMaterial
  1
Global
 72
     1
 94
      127
  0
MLEADERSTYLE
  5
6C
102
{ACAD_REACTORS
330
6B
102
}
330
6B
100
AcDbMLeaderStyle
179
     2
170
     2
171
     1
172
     0
 90
        2
 40
0.0
 41
0.0
173
     1
 91
-1056964608
340
14
 92
       -2
290
     1
 42
2.0
291
     1
 43
8.0
  3
Standard
341
0
 44
4.0
300

342
11
174
     1
178
     6
175
     1
176
     0
 93
-1056964608
 45
4.0
292
     0
297
     0
 46
4.0
343
0
 94
-1056964608
 47
1.0
 49
1.0
140
1.0
293
     1
141
0.0
294
     1
177
     0
142
1.0
295
     0
296
     0
143
3.75
271
     0
272
     9
273
     9
298
     0
  0
MLINESTYLE
  5
18
102
{ACAD_REACTORS
330
17
102
}
330
17
100
AcDbMlineStyle
  2
Standard
 70
     0
  3

 62
   256
 51
90.0
 52
90.0
 71
     2
 49
0.5
 62
   256
  6
BYLAYER
 49
-0.5
 62
   256
  6
BYLAYER
  0
ACDBPLACEHOLDER
  5
F
102
{ACAD_REACTORS
330
E
102
}
330
E
  0
SCALE
  5
48
102
{ACAD_REACTORS
330
47
102
}
330
47
100
AcDbScale
 70
     0
300
1:1
140
1.0
141
1.0
290
     1
  0
SCALE
  5
49
102
{ACAD_REACTORS
330
47
102
}
330
47
100
AcDbScale
 70
     0
300
1:2
140
1.0
141
2.0
290
     0
  0
SCALE
  5
4A
102
{ACAD_REACTORS
330
47
102
}
330
47
100
AcDbScale
 70
     0
300
1:4
140
1.0
141
4.0
290
     0
  0
SCALE
  5
4B
102
{ACAD_REACTORS
330
47
102
}
330
47
100
AcDbScale
 70
     0
300
1:5
140
1.0
141
5.0
290
     0
  0
SCALE
  5
4C
102
{ACAD_REACTORS
330
47
102
}
330
47
100
AcDbScale
 70
     0
300
1:8
140
1.0
141
8.0
290
     0
  0
SCALE
  5
4D
102
{ACAD_REACTORS
330
47
102
}
330
47
100
AcDbScale
 70
     0
300
1:10
140
1.0
141
10.0
290
     0
  0
SCALE
  5
4E
102
{ACAD_REACTORS
330
47
102
}
330
47
100
AcDbScale
 70
     0
300
1:16
140
1.0
141
16.0
290
     0
  0
SCALE
  5
4F
102
{ACAD_REACTORS
330
47
102
}
330
47
100
AcDbScale
 70
     0
300
1:20
140
1.0
141
20.0
290
     0
  0
SCALE
  5
50
102
{ACAD_REACTORS
330
47
102
}
330
47
100
AcDbScale
 70
     0
300
1:30
140
1.0
141
30.0
290
     0
  0
SCALE
  5
51
102
{ACAD_REACTORS
330
47
102
}
330
47
100
AcDbScale
 70
     0
300
1:40
140
1.0
141
40.0
290
     0
  0
SCALE
  5
52
102
{ACAD_REACTORS
330
47
102
}
330
47
100
AcDbScale
 70
     0
300
1:50
140
1.0
141
50.0
290
     0
  0
SCALE
  5
53
102
{ACAD_REACTORS
330
47
102
}
330
47
100
AcDbScale
 70
     0
300
1:100
140
1.0
141
100.0
290
     0
  0
SCALE
  5
54
102
{ACAD_REACTORS
330
47
102
}
330
47
100
AcDbScale
 70
     0
300
2:1
140
2.0
141
1.0
290
     0
  0
SCALE
  5
55
102
{ACAD_REACTORS
330
47
102
}
330
47
100
AcDbScale
 70
     0
300
4:1
140
4.0
141
1.0
290
     0
  0
SCALE
  5
56
102
{ACAD_REACTORS
330
47
102
}
330
47
100
AcDbScale
 70
     0
300
8:1
140
8.0
141
1.0
290
     0
  0
SCALE
  5
57
102
{ACAD_REACTORS
330
47
102
}
330
47
100
AcDbScale
 70
     0
300
10:1
140
10.0
141
1.0
290
     0
  0
SCALE
  5
58
102
{ACAD_REACTORS
330
47
102
}
330
47
100
AcDbScale
 70
     0
300
100:1
140
100.0
141
1.0
290
     0
  0
SCALE
  5
59
102
{ACAD_REACTORS
330
47
102
}
330
47
100
AcDbScale
 70
     0
300
1/128" = 1'-0"
140
0.0078125
141
12.0
290
     0
  0
SCALE
  5
5A
102
{ACAD_REACTORS
330
47
102
}
330
47
100
AcDbScale
 70
     0
300
1/64" = 1'-0"
140
0.015625
141
12.0
290
     0
  0
SCALE
  5
5B
102
{ACAD_REACTORS
330
47
102
}
330
47
100
AcDbScale
 70
     0
300
1/32" = 1'-0"
140
0.03125
141
12.0
290
     0
  0
SCALE
  5
5C
102
{ACAD_REACTORS
330
47
102
}
330
47
100
AcDbScale
 70
     0
300
1/16" = 1'-0"
140
0.0625
141
12.0
290
     0
  0
SCALE
  5
5D
102
{ACAD_REACTORS
330
47
102
}
330
47
100
AcDbScale
 70
     0
300
3/32" = 1'-0"
140
0.09375
141
12.0
290
     0
  0
SCALE
  5
5E
102
{ACAD_REACTORS
330
47
102
}
330
47
100
AcDbScale
 70
     0
300
1/8" = 1'-0"
140
0.125
141
12.0
290
     0
  0
SCALE
  5
5F
102
{ACAD_REACTORS
330
47
102
}
330
47
100
AcDbScale
 70
     0
300
3/16" = 1'-0"
140
0.1875
141
12.0
290
     0
  0
SCALE
  5
60
102
{ACAD_REACTORS
330
47
102
}
330
47
100
AcDbScale
 70
     0
300
1/4" = 1'-0"
140
0.25
141
12.0
290
     0
  0
SCALE
  5
61
102
{ACAD_REACTORS
330
47
102
}
330
47
100
AcDbScale
 70
     0
300
3/8" = 1'-0"
140
0.375
141
12.0
290
     0
  0
SCALE
  5
62
102
{ACAD_REACTORS
330
47
102
}
330
47
100
AcDbScale
 70
     0
300
1/2" = 1'-0"
140
0.5
141
12.0
290
     0
  0
SCALE
  5
63
102
{ACAD_REACTORS
330
47
102
}
330
47
100
AcDbScale
 70
     0
300
3/4" = 1'-0"
140
0.75
141
12.0
290
     0
  0
SCALE
  5
64
102
{ACAD_REACTORS
330
47
102
}
330
47
100
AcDbScale
 70
     0
300
1" = 1'-0"
140
1.0
141
12.0
290
     0
  0
SCALE
  5
65
102
{ACAD_REACTORS
330
47
102
}
330
47
100
AcDbScale
 70
     0
300
1-1/2" = 1'-0"
140
1.5
141
12.0
290
     0
  0
SCALE
  5
66
102
{ACAD_REACTORS
330
47
102
}
330
47
100
AcDbScale
 70
     0
300
3" = 1'-0"
140
3.0
141
12.0
290
     0
  0
SCALE
  5
67
102
{ACAD_REACTORS
330
47
102
}
330
47
100
AcDbScale
 70
     0
300
6" = 1'-0"
140
6.0
141
12.0
290
     0
  0
SCALE
  5
68
102
{ACAD_REACTORS
330
47
102
}
330
47
100
AcDbScale
 70
     0
300
1'-0" = 1'-0"
140
12.0
141
12.0
290
     0
  0
TABLESTYLE
  5
6A
102
{ACAD_REACTORS
330
69
102
}
102
{ACAD_XDICTIONARY
360
5B7
102
}
330
69
100
AcDbTableStyle
  3
Standard
 70
     0
 71
     0
 40
0.06
 41
0.06
280
     0
281
     0
  7
Standard
140
4.5
170
     2
 62
     0
 63
   257
283
     0
 90
        4
 91
        0
  1

274
    -2
284
     1
 64
     0
275
    -2
285
     1
 65
     0
276
    -2
286
     1
 66
     0
277
    -2
287
     1
 67
     0
278
    -2
288
     1
 68
     0
279
    -2
289
     1
 69
     0
  7
Standard
140
6.0
170
     5
 62
     0
 63
   257
283
     0
 90
        4
 91
        0
  1

274
    -2
284
     1
 64
     0
275
    -2
285
     1
 65
     0
276
    -2
286
     1
 66
     0
277
    -2
287
     1
 67
     0
278
    -2
288
     1
 68
     0
279
    -2
289
     1
 69
     0
  7
Standard
140
4.5
170
     5
 62
     0
 63
   257
283
     0
 90
        4
 91
        0
  1

274
    -2
284
     1
 64
     0
275
    -2
285
     1
 65
     0
276
    -2
286
     1
 66
     0
277
    -2
287
     1
 67
     0
278
    -2
288
     1
 68
     0
279
    -2
289
     1
 69
     0
  0
VISUALSTYLE
  5
2F
102
{ACAD_REACTORS
330
2A
102
}
330
2A
100
AcDbVisualStyle
  2
2dWireframe
 70
     4
177
     3
291
     0
 70
    58
 90
        0
176
     1
 90
        2
176
     1
 90
        0
176
     1
 90
        0
176
     1
 40
0.6
176
     1
 40
30.0
176
     1
 62
     7
420
 16777215
176
     1
 90
        1
176
     1
 90
        4
176
     1
 62
     7
176
     1
 62
   257
176
     1
 90
        1
176
     1
 90
        1
176
     1
 40
1.0
176
     1
 90
        0
176
     1
 62
   257
176
     1
 40
1.0
176
     1
 90
        1
176
     1
 90
        6
176
     1
 90
        2
176
     1
 62
     7
176
     1
 90
        5
176
     1
 90
        0
176
     1
 90
        0
176
     1
290
     0
176
     1
 90
        1
176
     1
 40
0.0
176
     1
 90
        0
176
     1
290
     1
176
     1
290
     1
176
     1
290
     0
176
     1
290
     0
176
     1
290
     0
176
     1
290
     0
176
     1
290
     0
176
     1
290
     0
176
     1
290
     0
176
     1
 90
       50
176
     1
 40
0.0
176
     1
 40
1.0
176
     1
 90
        0
176
     1
 62
    18
420
        0
176
     1
 90
       50
176
     1
 90
        3
176
     1
 62
     5
420
      255
176
     1
290
     0
176
     1
 90
       50
176
     1
 90
       50
176
     1
 90
       50
176
     1
290
     0
176
     1
 90
       50
176
     1
 62
   256
176
     0
 40
1.0
176
     0
 90
        2
176
     1
  1
strokes_ogs.tif
176
     1
290
     0
176
     1
 40
1.0
176
     1
 40
1.0
176
     1
  0
VISUALSTYLE
  5
32
102
{ACAD_REACTORS
330
2A
102
}
330
2A
100
AcDbVisualStyle
  2
Basic
 70
     7
177
     3
291
     1
 70
    58
 90
        1
176
     1
 90
        0
176
     1
 90
        1
176
     1
 90
        0
176
     1
 40
0.6
176
     1
 40
30.0
176
     1
 62
     7
420
 16777215
176
     1
 90
        0
176
     1
 90
        4
176
     1
 62
     7
176
     1
 62
   257
176
     1
 90
        1
176
     1
 90
        1
176
     1
 40
1.0
176
     1
 90
        8
176
     1
 62
     7
176
     1
 40
1.0
176
     1
 90
        1
176
     1
 90
        6
176
     1
 90
        2
176
     1
 62
     7
176
     1
 90
        5
176
     1
 90
        0
176
     1
 90
        0
176
     1
290
     0
176
     1
 90
        1
176
     1
 40
0.0
176
     1
 90
        0
176
     1
290
     0
176
     1
290
     1
176
     1
290
     1
176
     1
290
     0
176
     1
290
     0
176
     1
290
     0
176
     1
290
     0
176
     1
290
     0
176
     1
290
     0
176
     1
 90
       50
176
     1
 40
0.0
176
     1
 40
1.0
176
     1
 90
        0
176
     1
 62
    18
420
        0
176
     1
 90
       50
176
     1
 90
        3
176
     1
 62
     5
420
      255
176
     1
290
     0
176
     1
 90
       50
176
     1
 90
       50
176
     1
 90
       50
176
     1
290
     0
176
     1
 90
       50
176
     1
 62
   256
176
     0
 40
1.0
176
     0
 90
        2
176
     1
  1
strokes_ogs.tif
176
     1
290
     0
176
     1
 40
1.0
176
     1
 40
1.0
176
     1
  0
VISUALSTYLE
  5
36
102
{ACAD_REACTORS
330
2A
102
}
330
2A
100
AcDbVisualStyle
  2
Brighten
 70
    12
177
     3
291
     1
 70
    58
 90
        2
176
     1
 90
        2
176
     1
 90
        0
176
     1
 90
        0
176
     1
 40
0.6
176
     1
 40
30.0
176
     1
 62
     7
420
 16777215
176
     1
 90
        1
176
     1
 90
        4
176
     1
 62
     7
176
     1
 62
   257
176
     1
 90
        1
176
     1
 90
        1
176
     1
 40
1.0
176
     1
 90
        8
176
     1
 62
     7
176
     1
 40
1.0
176
     1
 90
        1
176
     1
 90
        6
176
     1
 90
        2
176
     1
 62
     7
176
     1
 90
        5
176
     1
 90
        0
176
     1
 90
        0
176
     1
290
     0
176
     1
 90
        1
176
     1
 40
50.0
176
     1
 90
        0
176
     1
290
     0
176
     1
290
     1
176
     1
290
     1
176
     1
290
     0
176
     1
290
     0
176
     1
290
     0
176
     1
290
     0
176
     1
290
     0
176
     1
290
     0
176
     1
 90
       50
176
     1
 40
0.0
176
     1
 40
1.0
176
     1
 90
        0
176
     1
 62
    18
420
        0
176
     1
 90
       50
176
     1
 90
        3
176
     1
 62
     5
420
      255
176
     1
290
     0
176
     1
 90
       50
176
     1
 90
       50
176
     1
 90
       50
176
     1
290
     0
176
     1
 90
       50
176
     1
 62
   256
176
     0
 40
1.0
176
     0
 90
        2
176
     1
  1
strokes_ogs.tif
176
     1
290
     0
176
     1
 40
1.0
176
     1
 40
1.0
176
     1
  0
VISUALSTYLE
  5
3A
102
{ACAD_REACTORS
330
2A
102
}
330
2A
100
AcDbVisualStyle
  2
ColorChange
 70
    16
177
     3
291
     1
 70
    58
 90
        2
176
     1
 90
        2
176
     1
 90
        3
176
     1
 90
        0
176
     1
 40
0.6
176
     1
 40
30.0
176
     1
 62
     8
420
  8421504
176
     1
 90
        1
176
     1
 90
        4
176
     1
 62
     7
176
     1
 62
   257
176
     1
 90
        1
176
     1
 90
        1
176
     1
 40
1.0
176
     1
 90
        8
176
     1
 62
     8
420
  8421504
176
     1
 40
1.0
176
     1
 90
        1
176
     1
 90
        6
176
     1
 90
        2
176
     1
 62
     7
176
     1
 90
        5
176
     1
 90
        0
176
     1
 90
        0
176
     1
290
     0
176
     1
 90
        1
176
     1
 40
0.0
176
     1
 90
        0
176
     1
290
     0
176
     1
290
     1
176
     1
290
     1
176
     1
290
     0
176
     1
290
     0
176
     1
290
     0
176
     1
290
     0
176
     1
290
     0
176
     1
290
     0
176
     1
 90
       50
176
     1
 40
0.0
176
     1
 40
1.0
176
     1
 90
        0
176
     1
 62
    18
420
        0
176
     1
 90
       50
176
     1
 90
        3
176
     1
 62
     5
420
      255
176
     1
290
     0
176
     1
 90
       50
176
     1
 90
       50
176
     1
 90
       50
176
     1
290
     0
176
     1
 90
       50
176
     1
 62
   256
176
     0
 40
1.0
176
     0
 90
        2
176
     1
  1
strokes_ogs.tif
176
     1
290
     0
176
     1
 40
1.0
176
     1
 40
1.0
176
     1
  0
VISUALSTYLE
  5
34
102
{ACAD_REACTORS
330
2A
102
}
330
2A
100
AcDbVisualStyle
  2
Conceptual
 70
     9
177
     3
291
     0
 70
    58
 90
        3
176
     1
 90
        2
176
     1
 90
        0
176
     1
 90
        0
176
     1
 40
0.6
176
     1
 40
30.0
176
     1
 62
     7
420
 16777215
176
     1
 90
        2
176
     1
 90
        2
176
     1
 62
     7
176
     1
 62
   257
176
     1
 90
        1
176
     1
 90
        1
176
     1
 40
179.0
176
     1
 90
        8
176
     1
 62
     7
176
     1
 40
1.0
176
     1
 90
        1
176
     1
 90
        6
176
     1
 90
        2
176
     1
 62
     7
176
     1
 90
        3
176
     1
 90
        0
176
     1
 90
        0
176
     1
290
     0
176
     1
 90
        1
176
     1
 40
0.0
176
     1
 90
        0
176
     1
290
     0
176
     1
290
     1
176
     1
290
     1
176
     1
290
     0
176
     1
290
     0
176
     1
290
     0
176
     1
290
     0
176
     1
290
     0
176
     1
290
     0
176
     1
 90
       50
176
     1
 40
0.0
176
     1
 40
1.0
176
     1
 90
        0
176
     1
 62
    18
420
        0
176
     1
 90
       50
176
     1
 90
        3
176
     1
 62
     5
420
      255
176
     1
290
     0
176
     1
 90
       50
176
     1
 90
       50
176
     1
 90
       50
176
     1
290
     0
176
     1
 90
       50
176
     1
 62
   256
176
     0
 40
1.0
176
     0
 90
        2
176
     1
  1
strokes_ogs.tif
176
     1
290
     0
176
     1
 40
1.0
176
     1
 40
1.0
176
     1
  0
VISUALSTYLE
  5
35
102
{ACAD_REACTORS
330
2A
102
}
330
2A
100
AcDbVisualStyle
  2
Dim
 70
    11
177
     3
291
     1
 70
    58
 90
        2
176
     1
 90
        2
176
     1
 90
        0
176
     1
 90
        0
176
     1
 40
0.6
176
     1
 40
30.0
176
     1
 62
     7
420
 16777215
176
     1
 90
        1
176
     1
 90
        4
176
     1
 62
     7
176
     1
 62
   257
176
     1
 90
        1
176
     1
 90
        1
176
     1
 40
1.0
176
     1
 90
        8
176
     1
 62
     7
176
     1
 40
1.0
176
     1
 90
        1
176
     1
 90
        6
176
     1
 90
        2
176
     1
 62
     7
176
     1
 90
        5
176
     1
 90
        0
176
     1
 90
        0
176
     1
290
     0
176
     1
 90
        1
176
     1
 40
-50.0
176
     1
 90
        0
176
     1
290
     0
176
     1
290
     1
176
     1
290
     1
176
     1
290
     0
176
     1
290
     0
176
     1
290
     0
176
     1
290
     0
176
     1
290
     0
176
     1
290
     0
176
     1
 90
       50
176
     1
 40
0.0
176
     1
 40
1.0
176
     1
 90
        0
176
     1
 62
    18
420
        0
176
     1
 90
       50
176
     1
 90
        3
176
     1
 62
     5
420
      255
176
     1
290
     0
176
     1
 90
       50
176
     1
 90
       50
176
     1
 90
       50
176
     1
290
     0
176
     1
 90
       50
176
     1
 62
   256
176
     0
 40
1.0
176
     0
 90
        2
176
     1
  1
strokes_ogs.tif
176
     1
290
     0
176
     1
 40
1.0
176
     1
 40
1.0
176
     1
  0
VISUALSTYLE
  5
3D
102
{ACAD_REACTORS
330
2A
102
}
330
2A
100
AcDbVisualStyle
  2
EdgeColorOff
 70
    22
177
     3
291
     1
 70
    58
 90
        2
176
     0
 90
        2
176
     0
 90
        0
176
     0
 90
        0
176
     0
 40
0.6
176
     0
 40
30.0
176
     0
 62
     7
420
 16777215
176
     0
 90
        1
176
     0
 90
        4
176
     0
 62
     7
176
     0
 62
   257
176
     0
 90
        1
176
     0
 90
        1
176
     0
 40
1.0
176
     0
 90
        8
176
     2
 62
     7
176
     0
 40
1.0
176
     0
 90
        1
176
     0
 90
        6
176
     0
 90
        2
176
     0
 62
     7
176
     0
 90
        5
176
     0
 90
        0
176
     0
 90
        0
176
     0
290
     0
176
     0
 90
        1
176
     0
 40
0.0
176
     0
 90
        0
176
     0
290
     0
176
     0
290
     1
176
     0
290
     1
176
     0
290
     0
176
     0
290
     0
176
     0
290
     0
176
     0
290
     0
176
     0
290
     0
176
     0
290
     0
176
     0
 90
       50
176
     0
 40
0.0
176
     0
 40
1.0
176
     0
 90
        0
176
     0
 62
    18
420
        0
176
     0
 90
       50
176
     0
 90
        3
176
     0
 62
     5
420
      255
176
     0
290
     0
176
     0
 90
       50
176
     0
 90
       50
176
     0
 90
       50
176
     0
290
     0
176
     0
 90
       50
176
     0
 62
   256
176
     0
 40
1.0
176
     0
 90
        2
176
     0
  1
strokes_ogs.tif
176
     0
290
     0
176
     0
 40
1.0
176
     0
 40
1.0
176
     0
  0
VISUALSTYLE
  5
39
102
{ACAD_REACTORS
330
2A
102
}
330
2A
100
AcDbVisualStyle
  2
Facepattern
 70
    15
177
     3
291
     1
 70
    58
 90
        2
176
     1
 90
        2
176
     1
 90
        0
176
     1
 90
        0
176
     1
 40
0.6
176
     1
 40
30.0
176
     1
 62
     7
420
 16777215
176
     1
 90
        1
176
     1
 90
        4
176
     1
 62
     7
176
     1
 62
   257
176
     1
 90
        1
176
     1
 90
        1
176
     1
 40
1.0
176
     1
 90
        8
176
     1
 62
     7
176
     1
 40
1.0
176
     1
 90
        1
176
     1
 90
        6
176
     1
 90
        2
176
     1
 62
     7
176
     1
 90
        5
176
     1
 90
        0
176
     1
 90
        0
176
     1
290
     0
176
     1
 90
        1
176
     1
 40
0.0
176
     1
 90
        0
176
     1
290
     0
176
     1
290
     1
176
     1
290
     1
176
     1
290
     0
176
     1
290
     0
176
     1
290
     0
176
     1
290
     0
176
     1
290
     0
176
     1
290
     0
176
     1
 90
       50
176
     1
 40
0.0
176
     1
 40
1.0
176
     1
 90
        0
176
     1
 62
    18
420
        0
176
     1
 90
       50
176
     1
 90
        3
176
     1
 62
     5
420
      255
176
     1
290
     0
176
     1
 90
       50
176
     1
 90
       50
176
     1
 90
       50
176
     1
290
     0
176
     1
 90
       50
176
     1
 62
   256
176
     0
 40
1.0
176
     0
 90
        2
176
     1
  1
strokes_ogs.tif
176
     1
290
     0
176
     1
 40
1.0
176
     1
 40
1.0
176
     1
  0
VISUALSTYLE
  5
2B
102
{ACAD_REACTORS
330
2A
102
}
330
2A
100
AcDbVisualStyle
  2
Flat
 70
     0
177
     3
291
     1
 70
    58
 90
        2
176
     1
 90
        1
176
     1
 90
        1
176
     1
 90
        2
176
     1
 40
0.6
176
     1
 40
30.0
176
     1
 62
     7
420
 16777215
176
     1
 90
        0
176
     1
 90
        0
176
     1
 62
     7
176
     1
 62
   257
176
     1
 90
        1
176
     1
 90
        1
176
     1
 40
1.0
176
     1
 90
        8
176
     1
 62
     7
176
     1
 40
1.0
176
     1
 90
        1
176
     1
 90
        6
176
     1
 90
        2
176
     1
 62
     7
176
     1
 90
        5
176
     1
 90
        0
176
     1
 90
        0
176
     1
290
     0
176
     1
 90
       13
176
     1
 40
0.0
176
     1
 90
        0
176
     1
290
     0
176
     1
290
     1
176
     1
290
     1
176
     1
290
     0
176
     1
290
     0
176
     1
290
     0
176
     1
290
     0
176
     1
290
     0
176
     1
290
     0
176
     1
 90
       50
176
     1
 40
0.0
176
     1
 40
1.0
176
     1
 90
        0
176
     1
 62
    18
420
        0
176
     1
 90
       50
176
     1
 90
        3
176
     1
 62
     5
420
      255
176
     1
290
     0
176
     1
 90
       50
176
     1
 90
       50
176
     1
 90
       50
176
     1
290
     0
176
     1
 90
       50
176
     1
 62
   256
176
     0
 40
1.0
176
     0
 90
        2
176
     1
  1
strokes_ogs.tif
176
     1
290
     0
176
     1
 40
1.0
176
     1
 40
1.0
176
     1
  0
VISUALSTYLE
  5
2C
102
{ACAD_REACTORS
330
2A
102
}
330
2A
100
AcDbVisualStyle
  2
FlatWithEdges
 70
     1
177
     3
291
     1
 70
    58
 90
        2
176
     1
 90
        1
176
     1
 90
        1
176
     1
 90
        2
176
     1
 40
0.6
176
     1
 40
30.0
176
     1
 62
     7
420
 16777215
176
     1
 90
        1
176
     1
 90
        0
176
     1
 62
     7
176
     1
 62
   257
176
     1
 90
        1
176
     1
 90
        1
176
     1
 40
1.0
176
     1
 90
        0
176
     1
 62
   257
176
     1
 40
1.0
176
     1
 90
        1
176
     1
 90
        6
176
     1
 90
        2
176
     1
 62
     7
176
     1
 90
        5
176
     1
 90
        0
176
     1
 90
        0
176
     1
290
     0
176
     1
 90
       13
176
     1
 40
0.0
176
     1
 90
        0
176
     1
290
     0
176
     1
290
     1
176
     1
290
     1
176
     1
290
     0
176
     1
290
     0
176
     1
290
     0
176
     1
290
     0
176
     1
290
     0
176
     1
290
     0
176
     1
 90
       50
176
     1
 40
0.0
176
     1
 40
1.0
176
     1
 90
        0
176
     1
 62
    18
420
        0
176
     1
 90
       50
176
     1
 90
        3
176
     1
 62
     5
420
      255
176
     1
290
     0
176
     1
 90
       50
176
     1
 90
       50
176
     1
 90
       50
176
     1
290
     0
176
     1
 90
       50
176
     1
 62
   256
176
     0
 40
1.0
176
     0
 90
        2
176
     1
  1
strokes_ogs.tif
176
     1
290
     0
176
     1
 40
1.0
176
     1
 40
1.0
176
     1
  0
VISUALSTYLE
  5
2D
102
{ACAD_REACTORS
330
2A
102
}
330
2A
100
AcDbVisualStyle
  2
Gouraud
 70
     2
177
     3
291
     1
 70
    58
 90
        2
176
     1
 90
        2
176
     1
 90
        1
176
     1
 90
        2
176
     1
 40
0.6
176
     1
 40
30.0
176
     1
 62
     7
420
 16777215
176
     1
 90
        0
176
     1
 90
        0
176
     1
 62
     7
176
     1
 62
   257
176
     1
 90
        1
176
     1
 90
        1
176
     1
 40
1.0
176
     1
 90
        0
176
     1
 62
     7
176
     1
 40
1.0
176
     1
 90
        1
176
     1
 90
        6
176
     1
 90
        2
176
     1
 62
     7
176
     1
 90
        5
176
     1
 90
        0
176
     1
 90
        0
176
     1
290
     0
176
     1
 90
       13
176
     1
 40
0.0
176
     1
 90
        0
176
     1
290
     0
176
     1
290
     1
176
     1
290
     1
176
     1
290
     0
176
     1
290
     0
176
     1
290
     0
176
     1
290
     0
176
     1
290
     0
176
     1
290
     0
176
     1
 90
       50
176
     1
 40
0.0
176
     1
 40
1.0
176
     1
 90
        0
176
     1
 62
    18
420
        0
176
     1
 90
       50
176
     1
 90
        3
176
     1
 62
     5
420
      255
176
     1
290
     0
176
     1
 90
       50
176
     1
 90
       50
176
     1
 90
       50
176
     1
290
     0
176
     1
 90
       50
176
     1
 62
   256
176
     0
 40
1.0
176
     0
 90
        2
176
     1
  1
strokes_ogs.tif
176
     1
290
     0
176
     1
 40
1.0
176
     1
 40
1.0
176
     1
  0
VISUALSTYLE
  5
2E
102
{ACAD_REACTORS
330
2A
102
}
330
2A
100
AcDbVisualStyle
  2
GouraudWithEdges
 70
     3
177
     3
291
     1
 70
    58
 90
        2
176
     1
 90
        2
176
     1
 90
        1
176
     1
 90
        2
176
     1
 40
0.6
176
     1
 40
30.0
176
     1
 62
     7
420
 16777215
176
     1
 90
        1
176
     1
 90
        0
176
     1
 62
     7
176
     1
 62
   257
176
     1
 90
        1
176
     1
 90
        1
176
     1
 40
1.0
176
     1
 90
        0
176
     1
 62
   257
176
     1
 40
1.0
176
     1
 90
        1
176
     1
 90
        6
176
     1
 90
        2
176
     1
 62
     7
176
     1
 90
        5
176
     1
 90
        0
176
     1
 90
        0
176
     1
290
     0
176
     1
 90
       13
176
     1
 40
0.0
176
     1
 90
        0
176
     1
290
     0
176
     1
290
     1
176
     1
290
     1
176
     1
290
     0
176
     1
290
     0
176
     1
290
     0
176
     1
290
     0
176
     1
290
     0
176
     1
290
     0
176
     1
 90
       50
176
     1
 40
0.0
176
     1
 40
1.0
176
     1
 90
        0
176
     1
 62
    18
420
        0
176
     1
 90
       50
176
     1
 90
        3
176
     1
 62
     5
420
      255
176
     1
290
     0
176
     1
 90
       50
176
     1
 90
       50
176
     1
 90
       50
176
     1
290
     0
176
     1
 90
       50
176
     1
 62
   256
176
     0
 40
1.0
176
     0
 90
        2
176
     1
  1
strokes_ogs.tif
176
     1
290
     0
176
     1
 40
1.0
176
     1
 40
1.0
176
     1
  0
VISUALSTYLE
  5
31
102
{ACAD_REACTORS
330
2A
102
}
330
2A
100
AcDbVisualStyle
  2
Hidden
 70
     6
177
     3
291
     0
 70
    58
 90
        1
176
     1
 90
        2
176
     1
 90
        2
176
     1
 90
        0
176
     1
 40
0.6
176
     1
 40
30.0
176
     1
 62
     7
420
 16777215
176
     1
 90
        2
176
     1
 90
        2
176
     1
 62
     7
176
     1
 62
   257
176
     1
 90
        2
176
     1
 90
        1
176
     1
 40
40.0
176
     1
 90
        0
176
     1
 62
   257
176
     1
 40
1.0
176
     1
 90
        1
176
     1
 90
        6
176
     1
 90
        2
176
     1
 62
     7
176
     1
 90
        3
176
     1
 90
        0
176
     1
 90
        0
176
     1
290
     0
176
     1
 90
        1
176
     1
 40
0.0
176
     1
 90
        0
176
     1
290
     0
176
     1
290
     1
176
     1
290
     1
176
     1
290
     0
176
     1
290
     0
176
     1
290
     0
176
     1
290
     0
176
     1
290
     0
176
     1
290
     0
176
     1
 90
       50
176
     1
 40
0.0
176
     1
 40
1.0
176
     1
 90
        0
176
     1
 62
    18
420
        0
176
     1
 90
       50
176
     1
 90
        3
176
     1
 62
     5
420
      255
176
     1
290
     0
176
     1
 90
       50
176
     1
 90
       50
176
     1
 90
       50
176
     1
290
     0
176
     1
 90
       50
176
     1
 62
   256
176
     0
 40
1.0
176
     0
 90
        2
176
     1
  1
strokes_ogs.tif
176
     1
290
     0
176
     1
 40
1.0
176
     1
 40
1.0
176
     1
  0
VISUALSTYLE
  5
3B
102
{ACAD_REACTORS
330
2A
102
}
330
2A
100
AcDbVisualStyle
  2
JitterOff
 70
    20
177
     3
291
     1
 70
    58
 90
        2
176
     0
 90
        2
176
     0
 90
        0
176
     0
 90
        0
176
     0
 40
0.6
176
     0
 40
30.0
176
     0
 62
     7
420
 16777215
176
     0
 90
        1
176
     0
 90
        4
176
     0
 62
     7
176
     0
 62
   257
176
     0
 90
        1
176
     0
 90
        1
176
     0
 40
1.0
176
     0
 90
       10
176
     2
 62
     7
176
     0
 40
1.0
176
     0
 90
        1
176
     0
 90
        6
176
     0
 90
        2
176
     0
 62
     7
176
     0
 90
        5
176
     0
 90
        0
176
     0
 90
        0
176
     0
290
     0
176
     0
 90
        1
176
     0
 40
0.0
176
     0
 90
        0
176
     0
290
     0
176
     0
290
     1
176
     0
290
     1
176
     0
290
     0
176
     0
290
     0
176
     0
290
     0
176
     0
290
     0
176
     0
290
     0
176
     0
290
     0
176
     0
 90
       50
176
     0
 40
0.0
176
     0
 40
1.0
176
     0
 90
        0
176
     0
 62
    18
420
        0
176
     0
 90
       50
176
     0
 90
        3
176
     0
 62
     5
420
      255
176
     0
290
     0
176
     0
 90
       50
176
     0
 90
       50
176
     0
 90
       50
176
     0
290
     0
176
     0
 90
       50
176
     0
 62
   256
176
     0
 40
1.0
176
     0
 90
        2
176
     0
  1
strokes_ogs.tif
176
     0
290
     0
176
     0
 40
1.0
176
     0
 40
1.0
176
     0
  0
VISUALSTYLE
  5
38
102
{ACAD_REACTORS
330
2A
102
}
330
2A
100
AcDbVisualStyle
  2
Linepattern
 70
    14
177
     3
291
     1
 70
    58
 90
        2
176
     1
 90
        2
176
     1
 90
        0
176
     1
 90
        0
176
     1
 40
0.6
176
     1
 40
30.0
176
     1
 62
     7
420
 16777215
176
     1
 90
        1
176
     1
 90
        4
176
     1
 62
     7
176
     1
 62
   257
176
     1
 90
        7
176
     1
 90
        7
176
     1
 40
1.0
176
     1
 90
        8
176
     1
 62
     7
176
     1
 40
1.0
176
     1
 90
        1
176
     1
 90
        6
176
     1
 90
        2
176
     1
 62
     7
176
     1
 90
        5
176
     1
 90
        0
176
     1
 90
        0
176
     1
290
     0
176
     1
 90
        1
176
     1
 40
0.0
176
     1
 90
        0
176
     1
290
     0
176
     1
290
     1
176
     1
290
     1
176
     1
290
     0
176
     1
290
     0
176
     1
290
     0
176
     1
290
     0
176
     1
290
     0
176
     1
290
     0
176
     1
 90
       50
176
     1
 40
0.0
176
     1
 40
1.0
176
     1
 90
        0
176
     1
 62
    18
420
        0
176
     1
 90
       50
176
     1
 90
        3
176
     1
 62
     5
420
      255
176
     1
290
     0
176
     1
 90
       50
176
     1
 90
       50
176
     1
 90
       50
176
     1
290
     0
176
     1
 90
       50
176
     1
 62
   256
176
     0
 40
1.0
176
     0
 90
        2
176
     1
  1
strokes_ogs.tif
176
     1
290
     0
176
     1
 40
1.0
176
     1
 40
1.0
176
     1
  0
VISUALSTYLE
  5
3C
102
{ACAD_REACTORS
330
2A
102
}
330
2A
100
AcDbVisualStyle
  2
OverhangOff
 70
    21
177
     3
291
     1
 70
    58
 90
        2
176
     0
 90
        2
176
     0
 90
        0
176
     0
 90
        0
176
     0
 40
0.6
176
     0
 40
30.0
176
     0
 62
     7
420
 16777215
176
     0
 90
        1
176
     0
 90
        4
176
     0
 62
     7
176
     0
 62
   257
176
     0
 90
        1
176
     0
 90
        1
176
     0
 40
1.0
176
     0
 90
        9
176
     2
 62
     7
176
     0
 40
1.0
176
     0
 90
        1
176
     0
 90
        6
176
     0
 90
        2
176
     0
 62
     7
176
     0
 90
        5
176
     0
 90
        0
176
     0
 90
        0
176
     0
290
     0
176
     0
 90
        1
176
     0
 40
0.0
176
     0
 90
        0
176
     0
290
     0
176
     0
290
     1
176
     0
290
     1
176
     0
290
     0
176
     0
290
     0
176
     0
290
     0
176
     0
290
     0
176
     0
290
     0
176
     0
290
     0
176
     0
 90
       50
176
     0
 40
0.0
176
     0
 40
1.0
176
     0
 90
        0
176
     0
 62
    18
420
        0
176
     0
 90
       50
176
     0
 90
        3
176
     0
 62
     5
420
      255
176
     0
290
     0
176
     0
 90
       50
176
     0
 90
       50
176
     0
 90
       50
176
     0
290
     0
176
     0
 90
       50
176
     0
 62
   256
176
     0
 40
1.0
176
     0
 90
        2
176
     0
  1
strokes_ogs.tif
176
     0
290
     0
176
     0
 40
1.0
176
     0
 40
1.0
176
     0
  0
VISUALSTYLE
  5
33
102
{ACAD_REACTORS
330
2A
102
}
330
2A
100
AcDbVisualStyle
  2
Realistic
 70
     8
177
     3
291
     0
 70
    58
 90
        2
176
     1
 90
        3
176
     1
 90
        0
176
     1
 90
        2
176
     1
 40
0.6
176
     1
 40
30.0
176
     1
 62
     7
420
 16777215
176
     1
 90
        0
176
     1
 90
        0
176
     1
 62
     7
176
     1
 62
   257
176
     1
 90
        1
176
     1
 90
        1
176
     1
 40
1.0
176
     1
 90
        8
176
     1
 62
   257
176
     1
 40
1.0
176
     1
 90
        1
176
     1
 90
        6
176
     1
 90
        2
176
     1
 62
     7
176
     1
 90
        3
176
     1
 90
        0
176
     1
 90
        0
176
     1
290
     0
176
     1
 90
       13
176
     1
 40
0.0
176
     1
 90
        0
176
     1
290
     0
176
     1
290
     1
176
     1
290
     1
176
     1
290
     0
176
     1
290
     0
176
     1
290
     0
176
     1
290
     0
176
     1
290
     0
176
     1
290
     0
176
     1
 90
       50
176
     1
 40
0.0
176
     1
 40
1.0
176
     1
 90
        0
176
     1
 62
    18
420
        0
176
     1
 90
       50
176
     1
 90
        3
176
     1
 62
     5
420
      255
176
     1
290
     0
176
     1
 90
       50
176
     1
 90
       50
176
     1
 90
       50
176
     1
290
     0
176
     1
 90
       50
176
     1
 62
   256
176
     0
 40
1.0
176
     0
 90
        2
176
     1
  1
strokes_ogs.tif
176
     1
290
     0
176
     1
 40
1.0
176
     1
 40
1.0
176
     1
  0
VISUALSTYLE
  5
42
102
{ACAD_REACTORS
330
2A
102
}
330
2A
100
AcDbVisualStyle
  2
Shaded
 70
    27
177
     3
291
     0
 70
    58
 90
        2
176
     1
 90
        2
176
     1
 90
        1
176
     1
 90
        2
176
     1
 40
0.6
176
     1
 40
30.0
176
     1
 62
     7
420
 16777215
176
     1
 90
        0
176
     1
 90
        4
176
     1
 62
     7
176
     1
 62
   257
176
     1
 90
        1
176
     1
 90
        1
176
     1
 40
1.0
176
     1
 90
        8
176
     1
 62
   257
176
     1
 40
1.0
176
     1
 90
        1
176
     1
 90
        6
176
     1
 90
        2
176
     1
 62
     8
420
  7895160
176
     1
 90
        3
176
     1
 90
        0
176
     1
 90
        0
176
     1
290
     0
176
     1
 90
        5
176
     1
 40
0.0
176
     1
 90
        0
176
     1
290
     0
176
     1
290
     1
176
     1
290
     1
176
     1
290
     0
176
     1
290
     0
176
     1
290
     0
176
     1
290
     0
176
     1
290
     0
176
     1
290
     0
176
     1
 90
       50
176
     1
 40
0.0
176
     1
 40
1.0
176
     1
 90
        0
176
     1
 62
    18
420
        0
176
     1
 90
       50
176
     1
 90
        3
176
     1
 62
     5
420
      255
176
     1
290
     0
176
     1
 90
       50
176
     1
 90
       50
176
     1
 90
       50
176
     1
290
     0
176
     1
 90
       50
176
     1
 62
   256
176
     0
 40
1.0
176
     0
 90
        2
176
     1
  1
strokes_ogs.tif
176
     1
290
     0
176
     1
 40
1.0
176
     1
 40
1.0
176
     1
  0
VISUALSTYLE
  5
41
102
{ACAD_REACTORS
330
2A
102
}
330
2A
100
AcDbVisualStyle
  2
Shaded with edges
 70
    26
177
     3
291
     0
 70
    58
 90
        2
176
     1
 90
        2
176
     1
 90
        1
176
     1
 90
        2
176
     1
 40
0.6
176
     1
 40
30.0
176
     1
 62
     7
420
 16777215
176
     1
 90
        1
176
     1
 90
       10
176
     1
 62
     7
176
     1
 62
   257
176
     1
 90
        2
176
     1
 90
        1
176
     1
 40
1.0
176
     1
 90
        8
176
     1
 62
   257
176
     1
 40
1.0
176
     1
 90
        1
176
     1
 90
        6
176
     1
 90
        2
176
     1
 62
     7
176
     1
 90
        3
176
     1
 90
        0
176
     1
 90
        0
176
     1
290
     0
176
     1
 90
        5
176
     1
 40
0.0
176
     1
 90
        0
176
     1
290
     0
176
     1
290
     1
176
     1
290
     1
176
     1
290
     0
176
     1
290
     0
176
     1
290
     0
176
     1
290
     0
176
     1
290
     0
176
     1
290
     0
176
     1
 90
       50
176
     1
 40
0.0
176
     1
 40
1.0
176
     1
 90
        0
176
     1
 62
    18
420
        0
176
     1
 90
       50
176
     1
 90
        3
176
     1
 62
     5
420
      255
176
     1
290
     0
176
     1
 90
       50
176
     1
 90
       50
176
     1
 90
       50
176
     1
290
     0
176
     1
 90
       50
176
     1
 62
   256
176
     0
 40
1.0
176
     0
 90
        2
176
     1
  1
strokes_ogs.tif
176
     1
290
     0
176
     1
 40
1.0
176
     1
 40
1.0
176
     1
  0
VISUALSTYLE
  5
3E
102
{ACAD_REACTORS
330
2A
102
}
330
2A
100
AcDbVisualStyle
  2
Shades of Gray
 70
    23
177
     3
291
     0
 70
    58
 90
        2
176
     1
 90
        2
176
     1
 90
        3
176
     1
 90
        0
176
     1
 40
0.6
176
     1
 40
30.0
176
     1
 62
     7
420
 16777215
176
     1
 90
        2
176
     1
 90
        2
176
     1
 62
     7
176
     1
 62
     7
176
     1
 90
        1
176
     1
 90
        1
176
     1
 40
40.0
176
     1
 90
        8
176
     1
 62
     7
176
     1
 40
1.0
176
     1
 90
        1
176
     1
 90
        6
176
     1
 90
        2
176
     1
 62
     7
176
     1
 90
        3
176
     1
 90
        0
176
     1
 90
        0
176
     1
290
     0
176
     1
 90
        1
176
     1
 40
0.0
176
     1
 90
        0
176
     1
290
     0
176
     1
290
     1
176
     1
290
     1
176
     1
290
     0
176
     1
290
     0
176
     1
290
     0
176
     1
290
     0
176
     1
290
     0
176
     1
290
     0
176
     1
 90
       50
176
     1
 40
0.0
176
     1
 40
1.0
176
     1
 90
        0
176
     1
 62
    18
420
        0
176
     1
 90
       50
176
     1
 90
        3
176
     1
 62
     5
420
      255
176
     1
290
     0
176
     1
 90
       50
176
     1
 90
       50
176
     1
 90
       50
176
     1
290
     0
176
     1
 90
       50
176
     1
 62
   256
176
     0
 40
1.0
176
     0
 90
        2
176
     1
  1
strokes_ogs.tif
176
     1
290
     0
176
     1
 40
1.0
176
     1
 40
1.0
176
     1
  0
VISUALSTYLE
  5
3F
102
{ACAD_REACTORS
330
2A
102
}
330
2A
100
AcDbVisualStyle
  2
Sketchy
 70
    24
177
     3
291
     0
 70
    58
 90
        1
176
     1
 90
        2
176
     1
 90
        2
176
     1
 90
        0
176
     1
 40
0.6
176
     1
 40
30.0
176
     1
 62
     7
420
 16777215
176
     1
 90
        2
176
     1
 90
        2
176
     1
 62
     7
176
     1
 62
     7
176
     1
 90
        1
176
     1
 90
        1
176
     1
 40
40.0
176
     1
 90
       11
176
     1
 62
     7
176
     1
 40
1.0
176
     1
 90
        1
176
     1
 90
        6
176
     1
 90
        2
176
     1
 62
     7
176
     1
 90
        6
176
     1
 90
        0
176
     1
 90
        0
176
     1
290
     0
176
     1
 90
        1
176
     1
 40
0.0
176
     1
 90
        0
176
     1
290
     0
176
     1
290
     1
176
     1
290
     1
176
     1
290
     0
176
     1
290
     0
176
     1
290
     0
176
     1
290
     0
176
     1
290
     0
176
     1
290
     0
176
     1
 90
       50
176
     1
 40
0.0
176
     1
 40
1.0
176
     1
 90
        0
176
     1
 62
    18
420
        0
176
     1
 90
       50
176
     1
 90
        3
176
     1
 62
     5
420
      255
176
     1
290
     0
176
     1
 90
       50
176
     1
 90
       50
176
     1
 90
       50
176
     1
290
     0
176
     1
 90
       50
176
     1
 62
   256
176
     0
 40
1.0
176
     0
 90
        2
176
     1
  1
strokes_ogs.tif
176
     1
290
     0
176
     1
 40
1.0
176
     1
 40
1.0
176
     1
  0
VISUALSTYLE
  5
37
102
{ACAD_REACTORS
330
2A
102
}
330
2A
100
AcDbVisualStyle
  2
Thicken
 70
    13
177
     3
291
     1
 70
    58
 90
        2
176
     1
 90
        2
176
     1
 90
        0
176
     1
 90
        0
176
     1
 40
0.6
176
     1
 40
30.0
176
     1
 62
     7
420
 16777215
176
     1
 90
        1
176
     1
 90
        4
176
     1
 62
     7
176
     1
 62
   257
176
     1
 90
        1
176
     1
 90
        1
176
     1
 40
1.0
176
     1
 90
       12
176
     1
 62
     7
176
     1
 40
1.0
176
     1
 90
        1
176
     1
 90
        6
176
     1
 90
        2
176
     1
 62
     7
176
     1
 90
        5
176
     1
 90
        0
176
     1
 90
        0
176
     1
290
     0
176
     1
 90
        1
176
     1
 40
0.0
176
     1
 90
        0
176
     1
290
     0
176
     1
290
     1
176
     1
290
     1
176
     1
290
     0
176
     1
290
     0
176
     1
290
     0
176
     1
290
     0
176
     1
290
     0
176
     1
290
     0
176
     1
 90
       50
176
     1
 40
0.0
176
     1
 40
1.0
176
     1
 90
        0
176
     1
 62
    18
420
        0
176
     1
 90
       50
176
     1
 90
        3
176
     1
 62
     5
420
      255
176
     1
290
     0
176
     1
 90
       50
176
     1
 90
       50
176
     1
 90
       50
176
     1
290
     0
176
     1
 90
       50
176
     1
 62
   256
176
     0
 40
1.0
176
     0
 90
        2
176
     1
  1
strokes_ogs.tif
176
     1
290
     0
176
     1
 40
1.0
176
     1
 40
1.0
176
     1
  0
VISUALSTYLE
  5
30
102
{ACAD_REACTORS
330
2A
102
}
330
2A
100
AcDbVisualStyle
  2
Wireframe
 70
     5
177
     3
291
     0
 70
    58
 90
        0
176
     1
 90
        2
176
     1
 90
        0
176
     1
 90
        0
176
     1
 40
0.6
176
     1
 40
30.0
176
     1
 62
     7
420
 16777215
176
     1
 90
        1
176
     1
 90
        4
176
     1
 62
     7
176
     1
 62
   257
176
     1
 90
        1
176
     1
 90
        1
176
     1
 40
1.0
176
     1
 90
        0
176
     1
 62
   257
176
     1
 40
1.0
176
     1
 90
        1
176
     1
 90
        6
176
     1
 90
        2
176
     1
 62
     7
176
     1
 90
        3
176
     1
 90
        0
176
     1
 90
        0
176
     1
290
     0
176
     1
 90
        1
176
     1
 40
0.0
176
     1
 90
        0
176
     1
290
     0
176
     1
290
     1
176
     1
290
     1
176
     1
290
     0
176
     1
290
     0
176
     1
290
     0
176
     1
290
     0
176
     1
290
     0
176
     1
290
     0
176
     1
 90
       50
176
     1
 40
0.0
176
     1
 40
1.0
176
     1
 90
        0
176
     1
 62
    18
420
        0
176
     1
 90
       50
176
     1
 90
        3
176
     1
 62
     5
420
      255
176
     1
290
     0
176
     1
 90
       50
176
     1
 90
       50
176
     1
 90
       50
176
     1
290
     0
176
     1
 90
       50
176
     1
 62
   256
176
     0
 40
1.0
176
     0
 90
        2
176
     1
  1
strokes_ogs.tif
176
     1
290
     0
176
     1
 40
1.0
176
     1
 40
1.0
176
     1
  0
VISUALSTYLE
  5
40
102
{ACAD_REACTORS
330
2A
102
}
330
2A
100
AcDbVisualStyle
  2
X-Ray
 70
    25
177
     3
291
     0
 70
    58
 90
        2
176
     1
 90
        2
176
     1
 90
        1
176
     1
 90
        1
176
     1
 40
0.5
176
     1
 40
30.0
176
     1
 62
     7
420
 16777215
176
     1
 90
        1
176
     1
 90
        0
176
     1
 62
     7
176
     1
 62
   257
176
     1
 90
        1
176
     1
 90
        1
176
     1
 40
1.0
176
     1
 90
        8
176
     1
 62
     7
176
     1
 40
1.0
176
     1
 90
        1
176
     1
 90
        6
176
     1
 90
        2
176
     1
 62
     7
176
     1
 90
        3
176
     1
 90
        0
176
     1
 90
        0
176
     1
290
     0
176
     1
 90
       13
176
     1
 40
0.0
176
     1
 90
        0
176
     1
290
     0
176
     1
290
     1
176
     1
290
     1
176
     1
290
     0
176
     1
290
     0
176
     1
290
     0
176
     1
290
     0
176
     1
290
     0
176
     1
290
     0
176
     1
 90
       50
176
     1
 40
0.0
176
     1
 40
1.0
176
     1
 90
        0
176
     1
 62
    18
420
        0
176
     1
 90
       50
176
     1
 90
        3
176
     1
 62
     5
420
      255
176
     1
290
     0
176
     1
 90
       50
176
     1
 90
       50
176
     1
 90
       50
176
     1
290
     0
176
     1
 90
       50
176
     1
 62
   256
176
     0
 40
1.0
176
     0
 90
        2
176
     1
  1
strokes_ogs.tif
176
     1
290
     0
176
     1
 40
1.0
176
     1
 40
1.0
176
     1
  0
DICTIONARYVAR
  5
5B6
102
{ACAD_REACTORS
330
5B5
102
}
330
5B5
100
DictionaryVariables
280
     0
  1
1:1
  0
DICTIONARYVAR
  5
5BF
102
{ACAD_REACTORS
330
5B5
102
}
330
5B5
100
DictionaryVariables
280
     0
  1
3.500000
  0
DICTIONARYVAR
  5
5C0
102
{ACAD_REACTORS
330
5B5
102
}
330
5B5
100
DictionaryVariables
280
     0
  1
acadiso.lin
  0
DICTIONARYVAR
  5
5BB
102
{ACAD_REACTORS
330
5B5
102
}
330
5B5
100
DictionaryVariables
280
     0
  1
Standard
  0
DICTIONARYVAR
  5
5BA
102
{ACAD_REACTORS
330
5B5
102
}
330
5B5
100
DictionaryVariables
280
     0
  1
Standard
  0
DICTIONARYVAR
  5
5BE
102
{ACAD_REACTORS
330
5B5
102
}
330
5B5
100
DictionaryVariables
280
     0
  1
0
  0
DICTIONARY
  5
5B7
330
6A
100
AcDbDictionary
280
     1
281
     1
  3
ACAD_ROUNDTRIP_2008_TABLESTYLE_CELLSTYLEMAP
360
5B8
  0
CELLSTYLEMAP
  5
5B8
102
{ACAD_REACTORS
330
5B7
102
}
330
5B7
100
AcDbCellStyleMap
 90
        3
300
CELLSTYLE
  1
TABLEFORMAT_BEGIN
 90
        5
170
     1
 91
        0
 92
    32768
 62
   257
 93
        1
300
CONTENTFORMAT
  1
CONTENTFORMAT_BEGIN
 90
        0
 91
        0
 92
        4
 93
        0
300

 40
0.0
140
1.0
 94
        5
 62
     0
340
11
144
6.0
309
CONTENTFORMAT_END
171
     1
301
MARGIN
  1
CELLMARGIN_BEGIN
 40
1.5
 40
1.5
 40
1.5
 40
1.5
 40
1.5
 40
1.5
309
CELLMARGIN_END
 94
        6
 95
        1
302
GRIDFORMAT
  1
GRIDFORMAT_BEGIN
 90
        0
 91
        1
 62
     0
 92
       -2
340
14
 93
        0
 40
0.045
309
GRIDFORMAT_END
 95
        2
302
GRIDFORMAT
  1
GRIDFORMAT_BEGIN
 90
        0
 91
        1
 62
     0
 92
       -2
340
14
 93
        0
 40
0.045
309
GRIDFORMAT_END
 95
        4
302
GRIDFORMAT
  1
GRIDFORMAT_BEGIN
 90
        0
 91
        1
 62
     0
 92
       -2
340
14
 93
        0
 40
0.045
309
GRIDFORMAT_END
 95
        8
302
GRIDFORMAT
  1
GRIDFORMAT_BEGIN
 90
        0
 91
        1
 62
     0
 92
       -2
340
14
 93
        0
 40
0.045
309
GRIDFORMAT_END
 95
       16
302
GRIDFORMAT
  1
GRIDFORMAT_BEGIN
 90
        0
 91
        1
 62
     0
 92
       -2
340
14
 93
        0
 40
0.045
309
GRIDFORMAT_END
 95
       32
302
GRIDFORMAT
  1
GRIDFORMAT_BEGIN
 90
        0
 91
        1
 62
     0
 92
       -2
340
14
 93
        0
 40
0.045
309
GRIDFORMAT_END
309
TABLEFORMAT_END
  1
CELLSTYLE_BEGIN
 90
        1
 91
        1
300
_TITLE
309
CELLSTYLE_END
300
CELLSTYLE
  1
TABLEFORMAT_BEGIN
 90
        5
170
     1
 91
        0
 92
        0
 62
   257
 93
        1
300
CONTENTFORMAT
  1
CONTENTFORMAT_BEGIN
 90
        0
 91
        0
 92
        4
 93
        0
300

 40
0.0
140
1.0
 94
        5
 62
     0
340
11
144
4.5
309
CONTENTFORMAT_END
171
     1
301
MARGIN
  1
CELLMARGIN_BEGIN
 40
1.5
 40
1.5
 40
1.5
 40
1.5
 40
1.5
 40
1.5
309
CELLMARGIN_END
 94
        6
 95
        1
302
GRIDFORMAT
  1
GRIDFORMAT_BEGIN
 90
        0
 91
        1
 62
     0
 92
       -2
340
14
 93
        0
 40
0.045
309
GRIDFORMAT_END
 95
        2
302
GRIDFORMAT
  1
GRIDFORMAT_BEGIN
 90
        0
 91
        1
 62
     0
 92
       -2
340
14
 93
        0
 40
0.045
309
GRIDFORMAT_END
 95
        4
302
GRIDFORMAT
  1
GRIDFORMAT_BEGIN
 90
        0
 91
        1
 62
     0
 92
       -2
340
14
 93
        0
 40
0.045
309
GRIDFORMAT_END
 95
        8
302
GRIDFORMAT
  1
GRIDFORMAT_BEGIN
 90
        0
 91
        1
 62
     0
 92
       -2
340
14
 93
        0
 40
0.045
309
GRIDFORMAT_END
 95
       16
302
GRIDFORMAT
  1
GRIDFORMAT_BEGIN
 90
        0
 91
        1
 62
     0
 92
       -2
340
14
 93
        0
 40
0.045
309
GRIDFORMAT_END
 95
       32
302
GRIDFORMAT
  1
GRIDFORMAT_BEGIN
 90
        0
 91
        1
 62
     0
 92
       -2
340
14
 93
        0
 40
0.045
309
GRIDFORMAT_END
309
TABLEFORMAT_END
  1
CELLSTYLE_BEGIN
 90
        2
 91
        1
300
_HEADER
309
CELLSTYLE_END
300
CELLSTYLE
  1
TABLEFORMAT_BEGIN
 90
        5
170
     1
 91
        0
 92
        0
 62
   257
 93
        1
300
CONTENTFORMAT
  1
CONTENTFORMAT_BEGIN
 90
        0
 91
        0
 92
        4
 93
        0
300

 40
0.0
140
1.0
 94
        2
 62
     0
340
11
144
4.5
309
CONTENTFORMAT_END
171
     1
301
MARGIN
  1
CELLMARGIN_BEGIN
 40
1.5
 40
1.5
 40
1.5
 40
1.5
 40
1.5
 40
1.5
309
CELLMARGIN_END
 94
        6
 95
        1
302
GRIDFORMAT
  1
GRIDFORMAT_BEGIN
 90
        0
 91
        1
 62
     0
 92
       -2
340
14
 93
        0
 40
0.045
309
GRIDFORMAT_END
 95
        2
302
GRIDFORMAT
  1
GRIDFORMAT_BEGIN
 90
        0
 91
        1
 62
     0
 92
       -2
340
14
 93
        0
 40
0.045
309
GRIDFORMAT_END
 95
        4
302
GRIDFORMAT
  1
GRIDFORMAT_BEGIN
 90
        0
 91
        1
 62
     0
 92
       -2
340
14
 93
        0
 40
0.045
309
GRIDFORMAT_END
 95
        8
302
GRIDFORMAT
  1
GRIDFORMAT_BEGIN
 90
        0
 91
        1
 62
     0
 92
       -2
340
14
 93
        0
 40
0.045
309
GRIDFORMAT_END
 95
       16
302
GRIDFORMAT
  1
GRIDFORMAT_BEGIN
 90
        0
 91
        1
 62
     0
 92
       -2
340
14
 93
        0
 40
0.045
309
GRIDFORMAT_END
 95
       32
302
GRIDFORMAT
  1
GRIDFORMAT_BEGIN
 90
        0
 91
        1
 62
     0
 92
       -2
340
14
 93
        0
 40
0.045
309
GRIDFORMAT_END
309
TABLEFORMAT_END
  1
CELLSTYLE_BEGIN
 90
        3
 91
        2
300
_DATA
309
CELLSTYLE_END
  0
ENDSEC
  0
EOF
